id	data_format	cases	access	file_name	submitter_id	data_category	type	platform	file_size	created_datetime	md5sum	updated_datetime	file_id	data_type	state	experimental_strategy	version	data_release	project	analysis_id	analysis_state	analysis_submitter_id	analysis_workflow_link	analysis_workflow_type	analysis_workflow_version	sample_type	is_ffpe	cases.submitter_id	sample.submitter_id
ead53b27-6ad9-4b96-b5d4-0d4f06fb2d13	TSV	TCGA-A8-A09E-01A-11R-A00Z-07	open	dadd1789-354a-4abb-8d4e-8556166cf341.rna_seq.augmented_star_gene_counts.tsv	cf05f6ee-9d01-4701-926a-491abd0a2edd	Transcriptome Profiling	gene_expression	Illumina	4235051	2021-12-13T22:03:42.115020-06:00	0948d5b1ea684cd62a6ec7dafbeda026	2024-07-30T10:00:08.787055-05:00	ead53b27-6ad9-4b96-b5d4-0d4f06fb2d13	Gene Expression Quantification	released	RNA-Seq	1	32.0 - 46.0	TCGA-BRCA	76c1f38c-a2fc-4660-8470-bdb613d8f542	released	dadd1789-354a-4abb-8d4e-8556166cf341_star__counts	https://github.com/NCI-GDC/gdc-rnaseq-cwl/blob/5d8c131bbff59fb0c969217fc1d44e6d1503cd1f/rnaseq-star-align/star2pass.rnaseq_harmonization.cwl	STAR - Counts	5d8c131bbff59fb0c969217fc1d44e6d1503cd1f	Primary Tumor	NA	TCGA-A8-A09E	TCGA-A8-A09E-01A
0e1999e0-9c02-4804-88b6-60b46d100739	TSV	TCGA-A7-A0DC-01A-11R-A00Z-07	open	db5dab56-838e-4784-a7cf-f05296e356f7.rna_seq.augmented_star_gene_counts.tsv	9a4edc74-b332-4e2c-9b49-c53a115f1118	Transcriptome Profiling	gene_expression	Illumina	4250358	2021-12-13T22:31:59.252758-06:00	331108d6b22c2bddaf114649f714c220	2024-07-30T09:18:33.250478-05:00	0e1999e0-9c02-4804-88b6-60b46d100739	Gene Expression Quantification	released	RNA-Seq	1	32.0 - 46.0	TCGA-BRCA	64feffa3-700e-4542-9b11-1abf2c4e6031	released	db5dab56-838e-4784-a7cf-f05296e356f7_star__counts	https://github.com/NCI-GDC/gdc-rnaseq-cwl/blob/5d8c131bbff59fb0c969217fc1d44e6d1503cd1f/rnaseq-star-align/star2pass.rnaseq_harmonization.cwl	STAR - Counts	5d8c131bbff59fb0c969217fc1d44e6d1503cd1f	Primary Tumor	NA	TCGA-A7-A0DC	TCGA-A7-A0DC-01A
9e056a2a-a643-478a-b96c-85d5221f487a	TSV	TCGA-A7-A0DC-11A-41R-A089-07	open	c6a90de3-979b-46b0-9f84-2875c1e38742.rna_seq.augmented_star_gene_counts.tsv	3d59a3bc-6bcf-40f7-b1d0-c9f21286d3f7	Transcriptome Profiling	gene_expression	Illumina	4241593	2021-12-13T22:09:43.117574-06:00	1bb465b8dc478393abcc76b84b530f1c	2024-07-30T09:35:39.624836-05:00	9e056a2a-a643-478a-b96c-85d5221f487a	Gene Expression Quantification	released	RNA-Seq	1	32.0 - 46.0	TCGA-BRCA	70d7667c-ddfa-45f5-bbd4-acba7e21d2bb	released	c6a90de3-979b-46b0-9f84-2875c1e38742_star__counts	https://github.com/NCI-GDC/gdc-rnaseq-cwl/blob/5d8c131bbff59fb0c969217fc1d44e6d1503cd1f/rnaseq-star-align/star2pass.rnaseq_harmonization.cwl	STAR - Counts	5d8c131bbff59fb0c969217fc1d44e6d1503cd1f	Solid Tissue Normal	NA	TCGA-A7-A0DC	TCGA-A7-A0DC-11A
3e8cff80-ed17-479c-8327-ca8e71ee7482	TSV	TCGA-A7-A0DC-01B-04R-A22O-07	open	0c814cd9-5b2c-4764-9e6a-6ad0403fcd7d.rna_seq.augmented_star_gene_counts.tsv	cb7d2cb1-1608-402a-8e64-e3e7c8fece1a	Transcriptome Profiling	gene_expression	Illumina	4249009	2021-12-13T22:11:21.669269-06:00	2fbb6954c6dc133c3f618b3a1fae68ba	2024-07-30T09:40:59.423232-05:00	3e8cff80-ed17-479c-8327-ca8e71ee7482	Gene Expression Quantification	released	RNA-Seq	1	32.0 - 46.0	TCGA-BRCA	6002e4a3-5d71-463e-a23c-3b896df1020a	released	0c814cd9-5b2c-4764-9e6a-6ad0403fcd7d_star__counts	https://github.com/NCI-GDC/gdc-rnaseq-cwl/blob/5d8c131bbff59fb0c969217fc1d44e6d1503cd1f/rnaseq-star-align/star2pass.rnaseq_harmonization.cwl	STAR - Counts	5d8c131bbff59fb0c969217fc1d44e6d1503cd1f	Primary Tumor	NA	TCGA-A7-A0DC	TCGA-A7-A0DC-01B
385ddd6f-c126-4c4f-acde-1ef2d74d3639	TSV	TCGA-A8-A08F-01A-11R-A00Z-07	open	616b6b60-8c4a-4d85-9a24-f47df6ad497e.rna_seq.augmented_star_gene_counts.tsv	f1681124-61e3-4c87-8035-5a42f1f57d0e	Transcriptome Profiling	gene_expression	Illumina	4239597	2021-12-13T21:57:50.515320-06:00	7a9d08cffc0b7d4fe898b4ec19539137	2024-07-30T10:08:47.678838-05:00	385ddd6f-c126-4c4f-acde-1ef2d74d3639	Gene Expression Quantification	released	RNA-Seq	1	32.0 - 46.0	TCGA-BRCA	9f7da7e8-af31-43cb-aa44-226530f3970f	released	616b6b60-8c4a-4d85-9a24-f47df6ad497e_star__counts	https://github.com/NCI-GDC/gdc-rnaseq-cwl/blob/5d8c131bbff59fb0c969217fc1d44e6d1503cd1f/rnaseq-star-align/star2pass.rnaseq_harmonization.cwl	STAR - Counts	5d8c131bbff59fb0c969217fc1d44e6d1503cd1f	Primary Tumor	NA	TCGA-A8-A08F	TCGA-A8-A08F-01A
91060c43-f1e3-49ea-a3c9-96def417716b	TSV	TCGA-A8-A091-01A-11R-A00Z-07	open	caf3d917-623d-4e2a-ac0a-521415385763.rna_seq.augmented_star_gene_counts.tsv	5dd8d675-9b02-4e22-a66c-89bb26f44580	Transcriptome Profiling	gene_expression	Illumina	4261415	2021-12-13T22:16:08.179109-06:00	81771b1e878f7ba4827671f18b5659d1	2024-07-30T09:21:21.740846-05:00	91060c43-f1e3-49ea-a3c9-96def417716b	Gene Expression Quantification	released	RNA-Seq	1	32.0 - 46.0	TCGA-BRCA	1491ad37-e431-4f17-96fa-3c2de1730986	released	caf3d917-623d-4e2a-ac0a-521415385763_star__counts	https://github.com/NCI-GDC/gdc-rnaseq-cwl/blob/5d8c131bbff59fb0c969217fc1d44e6d1503cd1f/rnaseq-star-align/star2pass.rnaseq_harmonization.cwl	STAR - Counts	5d8c131bbff59fb0c969217fc1d44e6d1503cd1f	Primary Tumor	NA	TCGA-A8-A091	TCGA-A8-A091-01A
84cff855-d17a-4c09-b432-53893ae69c1e	TSV	TCGA-GI-A2C8-11A-22R-A16F-07	open	03d891b3-8faf-4384-94ce-2015f1ca5df0.rna_seq.augmented_star_gene_counts.tsv	18a83f64-97c2-4630-ac15-fc49a077f3af	Transcriptome Profiling	gene_expression	Illumina	4217372	2021-12-13T22:17:33.561704-06:00	a047d3255bf04eed49d33a5f41787b6c	2024-07-30T09:50:08.544495-05:00	84cff855-d17a-4c09-b432-53893ae69c1e	Gene Expression Quantification	released	RNA-Seq	1	32.0 - 46.0	TCGA-BRCA	76e147b6-995d-419b-83e2-52e8a2b72e9b	released	03d891b3-8faf-4384-94ce-2015f1ca5df0_star__counts	https://github.com/NCI-GDC/gdc-rnaseq-cwl/blob/5d8c131bbff59fb0c969217fc1d44e6d1503cd1f/rnaseq-star-align/star2pass.rnaseq_harmonization.cwl	STAR - Counts	5d8c131bbff59fb0c969217fc1d44e6d1503cd1f	Solid Tissue Normal	NA	TCGA-GI-A2C8	TCGA-GI-A2C8-11A
d796de5e-4512-4b3a-93d4-2a006e79084f	TSV	TCGA-E2-A1L7-11A-33R-A144-07	open	da752364-731c-4e77-8d6e-9c91a5b7f68f.rna_seq.augmented_star_gene_counts.tsv	34e7884b-b4f7-4124-98d9-e7cf81f2daa4	Transcriptome Profiling	gene_expression	Illumina	4248916	2021-12-13T22:28:41.562306-06:00	6f35859fce468db92bf40e73a10a33c7	2024-07-30T09:25:32.850855-05:00	d796de5e-4512-4b3a-93d4-2a006e79084f	Gene Expression Quantification	released	RNA-Seq	1	32.0 - 46.0	TCGA-BRCA	c7e43234-624d-47d7-b0f1-2c9d2aee610e	released	da752364-731c-4e77-8d6e-9c91a5b7f68f_star__counts	https://github.com/NCI-GDC/gdc-rnaseq-cwl/blob/5d8c131bbff59fb0c969217fc1d44e6d1503cd1f/rnaseq-star-align/star2pass.rnaseq_harmonization.cwl	STAR - Counts	5d8c131bbff59fb0c969217fc1d44e6d1503cd1f	Solid Tissue Normal	NA	TCGA-E2-A1L7	TCGA-E2-A1L7-11A
e12f17ae-dc1f-4e91-93bd-b827ad276dde	TSV	TCGA-AO-A0JI-01A-21R-A056-07	open	a854c368-6e81-4ade-9ea9-afbee1c4c448.rna_seq.augmented_star_gene_counts.tsv	e3e938ba-1056-455d-8749-3b3a7bdc67c6	Transcriptome Profiling	gene_expression	Illumina	4239792	2021-12-13T22:36:37.184495-06:00	1132566aa28f06f65623f189d783bc7a	2024-07-30T09:23:46.493135-05:00	e12f17ae-dc1f-4e91-93bd-b827ad276dde	Gene Expression Quantification	released	RNA-Seq	1	32.0 - 46.0	TCGA-BRCA	b5d7bd57-04b0-42ea-afd6-090a729f8fcb	released	a854c368-6e81-4ade-9ea9-afbee1c4c448_star__counts	https://github.com/NCI-GDC/gdc-rnaseq-cwl/blob/5d8c131bbff59fb0c969217fc1d44e6d1503cd1f/rnaseq-star-align/star2pass.rnaseq_harmonization.cwl	STAR - Counts	5d8c131bbff59fb0c969217fc1d44e6d1503cd1f	Primary Tumor	NA	TCGA-AO-A0JI	TCGA-AO-A0JI-01A
7ba3b335-cd4c-4b44-a4da-44fa1109a6f0	TSV	TCGA-A2-A0D4-01A-11R-A00Z-07	open	824f5b0a-44d4-4ccf-9277-1ef752462bb3.rna_seq.augmented_star_gene_counts.tsv	330834dc-625d-4236-9d78-572f21c26dd7	Transcriptome Profiling	gene_expression	Illumina	4247739	2021-12-13T22:06:23.449329-06:00	5a849da011ca0a91c11e3b8bde008148	2024-07-30T09:34:27.294280-05:00	7ba3b335-cd4c-4b44-a4da-44fa1109a6f0	Gene Expression Quantification	released	RNA-Seq	1	32.0 - 46.0	TCGA-BRCA	18c4a482-554c-403e-9944-5edb1811c6ba	released	824f5b0a-44d4-4ccf-9277-1ef752462bb3_star__counts	https://github.com/NCI-GDC/gdc-rnaseq-cwl/blob/5d8c131bbff59fb0c969217fc1d44e6d1503cd1f/rnaseq-star-align/star2pass.rnaseq_harmonization.cwl	STAR - Counts	5d8c131bbff59fb0c969217fc1d44e6d1503cd1f	Primary Tumor	NA	TCGA-A2-A0D4	TCGA-A2-A0D4-01A
db5aadbb-3042-4c20-8235-ccd19634d9d3	TSV	TCGA-AC-A62V-01A-11R-A31O-07	open	9692b4cc-6c7f-4f88-8854-769568f088ae.rna_seq.augmented_star_gene_counts.tsv	3bc61a14-b495-48b1-abf4-b8b465c2ef02	Transcriptome Profiling	gene_expression	Illumina	4231203	2021-12-13T21:51:44.610006-06:00	338c75953ff66fd1d244674f4bd99518	2024-07-30T09:24:31.583873-05:00	db5aadbb-3042-4c20-8235-ccd19634d9d3	Gene Expression Quantification	released	RNA-Seq	1	32.0 - 46.0	TCGA-BRCA	0526f7c3-b1fa-430e-ab47-d36bf5bf0458	released	9692b4cc-6c7f-4f88-8854-769568f088ae_star__counts	https://github.com/NCI-GDC/gdc-rnaseq-cwl/blob/5d8c131bbff59fb0c969217fc1d44e6d1503cd1f/rnaseq-star-align/star2pass.rnaseq_harmonization.cwl	STAR - Counts	5d8c131bbff59fb0c969217fc1d44e6d1503cd1f	Primary Tumor	NA	TCGA-AC-A62V	TCGA-AC-A62V-01A
176e739b-87e2-49b7-80e1-c27a6a632576	TSV	TCGA-D8-A1XB-01A-11R-A14D-07	open	48077485-61e6-4d16-a74c-ee216a9455f1.rna_seq.augmented_star_gene_counts.tsv	317dfb33-bb1d-4e0f-b14f-ea9a116a7a89	Transcriptome Profiling	gene_expression	Illumina	4238417	2021-12-13T22:43:59.447918-06:00	7460912e5d08c1466dfd702b30171fcc	2024-07-30T10:02:40.656149-05:00	176e739b-87e2-49b7-80e1-c27a6a632576	Gene Expression Quantification	released	RNA-Seq	1	32.0 - 46.0	TCGA-BRCA	6a8bbffc-8597-4d2c-83b9-995374ca0cf0	released	48077485-61e6-4d16-a74c-ee216a9455f1_star__counts	https://github.com/NCI-GDC/gdc-rnaseq-cwl/blob/5d8c131bbff59fb0c969217fc1d44e6d1503cd1f/rnaseq-star-align/star2pass.rnaseq_harmonization.cwl	STAR - Counts	5d8c131bbff59fb0c969217fc1d44e6d1503cd1f	Primary Tumor	NA	TCGA-D8-A1XB	TCGA-D8-A1XB-01A
2c74854f-4afe-48c3-9c81-d64634c14677	TSV	TCGA-OL-A6VQ-01A-12R-A41B-07	open	4fb219d8-519a-4ce9-a3f1-28fae295424f.rna_seq.augmented_star_gene_counts.tsv	51902345-4d90-4854-be18-567bf9098ce2	Transcriptome Profiling	gene_expression	Illumina	4214428	2021-12-13T21:45:08.222907-06:00	0fa74219005b91aace12dbed002c6900	2024-07-30T09:25:50.624543-05:00	2c74854f-4afe-48c3-9c81-d64634c14677	Gene Expression Quantification	released	RNA-Seq	1	32.0 - 46.0	TCGA-BRCA	3d27420c-ea67-40da-9fcf-8314bc1e0f69	released	4fb219d8-519a-4ce9-a3f1-28fae295424f_star__counts	https://github.com/NCI-GDC/gdc-rnaseq-cwl/blob/5d8c131bbff59fb0c969217fc1d44e6d1503cd1f/rnaseq-star-align/star2pass.rnaseq_harmonization.cwl	STAR - Counts	5d8c131bbff59fb0c969217fc1d44e6d1503cd1f	Primary Tumor	NA	TCGA-OL-A6VQ	TCGA-OL-A6VQ-01A
cd47d9e9-8072-4681-93ac-6c1420f6624c	TSV	TCGA-B6-A0WV-01A-11R-A109-07	open	754df69c-2fab-4037-8673-fd3be673fc09.rna_seq.augmented_star_gene_counts.tsv	1aac918b-ca31-4c9b-9849-2a07336f6b6b	Transcriptome Profiling	gene_expression	Illumina	4233604	2021-12-13T22:02:04.938630-06:00	d25350fe22bd4d94294b62b55058c5e8	2024-07-30T09:37:13.473363-05:00	cd47d9e9-8072-4681-93ac-6c1420f6624c	Gene Expression Quantification	released	RNA-Seq	1	32.0 - 46.0	TCGA-BRCA	b12aecc4-f026-4ae7-ac7b-52c7a0850e8b	released	754df69c-2fab-4037-8673-fd3be673fc09_star__counts	https://github.com/NCI-GDC/gdc-rnaseq-cwl/blob/5d8c131bbff59fb0c969217fc1d44e6d1503cd1f/rnaseq-star-align/star2pass.rnaseq_harmonization.cwl	STAR - Counts	5d8c131bbff59fb0c969217fc1d44e6d1503cd1f	Primary Tumor	NA	TCGA-B6-A0WV	TCGA-B6-A0WV-01A
2291d3f5-8269-4f31-adad-4b873c7ac770	TSV	TCGA-LL-A442-01A-11R-A24H-07	open	2f3e03a2-8764-4791-b53a-a599c6159e19.rna_seq.augmented_star_gene_counts.tsv	f4fa19cc-af50-4ca4-94d4-d745142495b8	Transcriptome Profiling	gene_expression	Illumina	4250939	2021-12-13T22:15:23.731952-06:00	b661dc03c037320850eed4e501f7aa86	2024-07-30T09:43:44.256031-05:00	2291d3f5-8269-4f31-adad-4b873c7ac770	Gene Expression Quantification	released	RNA-Seq	1	32.0 - 46.0	TCGA-BRCA	a0eb78ef-1f08-4b01-8939-48eec380f05d	released	2f3e03a2-8764-4791-b53a-a599c6159e19_star__counts	https://github.com/NCI-GDC/gdc-rnaseq-cwl/blob/5d8c131bbff59fb0c969217fc1d44e6d1503cd1f/rnaseq-star-align/star2pass.rnaseq_harmonization.cwl	STAR - Counts	5d8c131bbff59fb0c969217fc1d44e6d1503cd1f	Primary Tumor	NA	TCGA-LL-A442	TCGA-LL-A442-01A
51aab02d-11b1-4ef3-a8f3-8146b6c24aad	TSV	TCGA-E9-A22G-01A-11R-A157-07	open	0f382cf1-3e52-4078-bf12-cc6ba998ed3f.rna_seq.augmented_star_gene_counts.tsv	0b03dd4a-ad92-443c-ba83-d31f21a88cfc	Transcriptome Profiling	gene_expression	Illumina	4246782	2021-12-13T22:27:22.361095-06:00	4ddbbc43274705dd9b9a8c8011c136cb	2024-07-30T09:33:57.549738-05:00	51aab02d-11b1-4ef3-a8f3-8146b6c24aad	Gene Expression Quantification	released	RNA-Seq	1	32.0 - 46.0	TCGA-BRCA	deafef16-189b-4e36-a0a6-53532b699cea	released	0f382cf1-3e52-4078-bf12-cc6ba998ed3f_star__counts	https://github.com/NCI-GDC/gdc-rnaseq-cwl/blob/5d8c131bbff59fb0c969217fc1d44e6d1503cd1f/rnaseq-star-align/star2pass.rnaseq_harmonization.cwl	STAR - Counts	5d8c131bbff59fb0c969217fc1d44e6d1503cd1f	Primary Tumor	NA	TCGA-E9-A22G	TCGA-E9-A22G-01A
25294e7a-1f15-411c-a2fd-93097e387db2	TSV	TCGA-PE-A5DC-01A-12R-A27Q-07	open	6f72a3df-b4db-4f04-aa1f-644dca35d3ab.rna_seq.augmented_star_gene_counts.tsv	ee51762e-4e82-48c3-a3d4-86b2a95af7ac	Transcriptome Profiling	gene_expression	Illumina	4244371	2021-12-13T22:12:57.427089-06:00	6330ef4af2530746e2e69a037bbd43a8	2024-07-30T09:34:46.790483-05:00	25294e7a-1f15-411c-a2fd-93097e387db2	Gene Expression Quantification	released	RNA-Seq	1	32.0 - 46.0	TCGA-BRCA	0e9610f3-4c7c-46ec-8e7c-3eb5c9f41925	released	6f72a3df-b4db-4f04-aa1f-644dca35d3ab_star__counts	https://github.com/NCI-GDC/gdc-rnaseq-cwl/blob/5d8c131bbff59fb0c969217fc1d44e6d1503cd1f/rnaseq-star-align/star2pass.rnaseq_harmonization.cwl	STAR - Counts	5d8c131bbff59fb0c969217fc1d44e6d1503cd1f	Primary Tumor	NA	TCGA-PE-A5DC	TCGA-PE-A5DC-01A
28aa7b6c-d5ec-4aa1-9c39-70d571efe6fb	TSV	TCGA-A2-A0EP-01A-52R-A22U-07	open	8408e231-e0d2-4650-b269-9a7f7ff4a597.rna_seq.augmented_star_gene_counts.tsv	67a0cbd9-412d-4af3-a005-2b0e715c3506	Transcriptome Profiling	gene_expression	Illumina	4253627	2021-12-13T21:52:33.023800-06:00	de635bce2e2278c251d7ae311845b353	2024-07-30T09:25:40.024449-05:00	28aa7b6c-d5ec-4aa1-9c39-70d571efe6fb	Gene Expression Quantification	released	RNA-Seq	1	32.0 - 46.0	TCGA-BRCA	7ce3ce11-030f-49d2-bf91-b39b02725f8e	released	8408e231-e0d2-4650-b269-9a7f7ff4a597_star__counts	https://github.com/NCI-GDC/gdc-rnaseq-cwl/blob/5d8c131bbff59fb0c969217fc1d44e6d1503cd1f/rnaseq-star-align/star2pass.rnaseq_harmonization.cwl	STAR - Counts	5d8c131bbff59fb0c969217fc1d44e6d1503cd1f	Primary Tumor	NA	TCGA-A2-A0EP	TCGA-A2-A0EP-01A
d2007230-83cb-4f12-bec5-e42afc4a58cd	TSV	TCGA-AN-A0AK-01A-21R-A00Z-07	open	9e94e2ce-f6a9-4358-b96e-266207b9ce34.rna_seq.augmented_star_gene_counts.tsv	214a64e4-5c9c-468e-bb57-e40c4612176d	Transcriptome Profiling	gene_expression	Illumina	4227477	2021-12-13T22:28:08.263527-06:00	10f5e856eb63dee8daa8587a341f318d	2024-07-30T09:40:27.325480-05:00	d2007230-83cb-4f12-bec5-e42afc4a58cd	Gene Expression Quantification	released	RNA-Seq	1	32.0 - 46.0	TCGA-BRCA	0769a0ff-47fc-452a-b75e-c3ddb4c599c3	released	9e94e2ce-f6a9-4358-b96e-266207b9ce34_star__counts	https://github.com/NCI-GDC/gdc-rnaseq-cwl/blob/5d8c131bbff59fb0c969217fc1d44e6d1503cd1f/rnaseq-star-align/star2pass.rnaseq_harmonization.cwl	STAR - Counts	5d8c131bbff59fb0c969217fc1d44e6d1503cd1f	Primary Tumor	NA	TCGA-AN-A0AK	TCGA-AN-A0AK-01A
7afb1455-c2b6-4ae2-95ec-682ae7df34a2	TSV	TCGA-BH-A28Q-01A-11R-A16F-07	open	7b3d0a19-0cbc-4e8a-be16-76693e100e4c.rna_seq.augmented_star_gene_counts.tsv	43da0969-4d09-4e8e-a1c4-bbc56a0c16d4	Transcriptome Profiling	gene_expression	Illumina	4257074	2021-12-13T22:09:18.856123-06:00	0c3266b809b5f12568a98c691bec8024	2024-07-30T09:59:41.911700-05:00	7afb1455-c2b6-4ae2-95ec-682ae7df34a2	Gene Expression Quantification	released	RNA-Seq	1	32.0 - 46.0	TCGA-BRCA	111ede9e-0f12-4142-bd62-6891bb1b518e	released	7b3d0a19-0cbc-4e8a-be16-76693e100e4c_star__counts	https://github.com/NCI-GDC/gdc-rnaseq-cwl/blob/5d8c131bbff59fb0c969217fc1d44e6d1503cd1f/rnaseq-star-align/star2pass.rnaseq_harmonization.cwl	STAR - Counts	5d8c131bbff59fb0c969217fc1d44e6d1503cd1f	Primary Tumor	NA	TCGA-BH-A28Q	TCGA-BH-A28Q-01A
69f5df3f-273f-4e02-934b-af9c9ec52067	TSV	TCGA-A2-A259-01A-11R-A16F-07	open	92e1baff-0f43-4841-aab9-fdda0078673a.rna_seq.augmented_star_gene_counts.tsv	4426256f-0b09-4758-8fb4-9e981c1fddb6	Transcriptome Profiling	gene_expression	Illumina	4252642	2021-12-13T22:12:49.971186-06:00	b690d85fad7f9487927b89b7fa9329e9	2024-07-30T09:57:37.709208-05:00	69f5df3f-273f-4e02-934b-af9c9ec52067	Gene Expression Quantification	released	RNA-Seq	1	32.0 - 46.0	TCGA-BRCA	619c8663-0428-4b2c-ab9a-925aa8ff42b1	released	92e1baff-0f43-4841-aab9-fdda0078673a_star__counts	https://github.com/NCI-GDC/gdc-rnaseq-cwl/blob/5d8c131bbff59fb0c969217fc1d44e6d1503cd1f/rnaseq-star-align/star2pass.rnaseq_harmonization.cwl	STAR - Counts	5d8c131bbff59fb0c969217fc1d44e6d1503cd1f	Primary Tumor	NA	TCGA-A2-A259	TCGA-A2-A259-01A
05aa6d12-6d48-4ecb-8211-036e647ef72e	TSV	TCGA-AC-A2FF-01A-11R-A17B-07	open	08429604-2dc7-4827-8ba5-80818aa45a51.rna_seq.augmented_star_gene_counts.tsv	1cbc25aa-50e1-407d-9a0d-c5b50ffbffe8	Transcriptome Profiling	gene_expression	Illumina	4253937	2021-12-13T22:37:43.124983-06:00	b62e401f34b8caa153d4fb8e9bfa2ceb	2024-07-30T10:03:20.518509-05:00	05aa6d12-6d48-4ecb-8211-036e647ef72e	Gene Expression Quantification	released	RNA-Seq	1	32.0 - 46.0	TCGA-BRCA	76b06190-95d6-4a70-8b75-afad2022460b	released	08429604-2dc7-4827-8ba5-80818aa45a51_star__counts	https://github.com/NCI-GDC/gdc-rnaseq-cwl/blob/5d8c131bbff59fb0c969217fc1d44e6d1503cd1f/rnaseq-star-align/star2pass.rnaseq_harmonization.cwl	STAR - Counts	5d8c131bbff59fb0c969217fc1d44e6d1503cd1f	Primary Tumor	NA	TCGA-AC-A2FF	TCGA-AC-A2FF-01A
6c3f2469-50ea-48a7-bb17-043e74e54535	TSV	TCGA-AC-A2FG-01A-11R-A17B-07	open	05ddce6e-57b0-4b78-9955-7c1b4c564498.rna_seq.augmented_star_gene_counts.tsv	d973174e-bdd6-4283-9fb7-dc752dc56d06	Transcriptome Profiling	gene_expression	Illumina	4260214	2021-12-13T22:07:13.201187-06:00	ac5cf5a450253f6242e823e5e0108169	2024-07-30T09:36:07.329098-05:00	6c3f2469-50ea-48a7-bb17-043e74e54535	Gene Expression Quantification	released	RNA-Seq	1	32.0 - 46.0	TCGA-BRCA	9e931f96-aac9-4555-8d44-7cf26ea583a9	released	05ddce6e-57b0-4b78-9955-7c1b4c564498_star__counts	https://github.com/NCI-GDC/gdc-rnaseq-cwl/blob/5d8c131bbff59fb0c969217fc1d44e6d1503cd1f/rnaseq-star-align/star2pass.rnaseq_harmonization.cwl	STAR - Counts	5d8c131bbff59fb0c969217fc1d44e6d1503cd1f	Primary Tumor	NA	TCGA-AC-A2FG	TCGA-AC-A2FG-01A
88a16056-cc45-4fee-99e0-f7fc7e1971df	TSV	TCGA-BH-A0B0-01A-21R-A115-07	open	fdadb011-0da3-458f-8b4e-d09e4c847a5b.rna_seq.augmented_star_gene_counts.tsv	391d7c33-22cf-443e-ac26-6ef48399629d	Transcriptome Profiling	gene_expression	Illumina	4242172	2021-12-13T22:23:19.304992-06:00	5f17efd16c2d8fb8a331b940061f4150	2024-07-30T09:40:12.139673-05:00	88a16056-cc45-4fee-99e0-f7fc7e1971df	Gene Expression Quantification	released	RNA-Seq	1	32.0 - 46.0	TCGA-BRCA	dc705d3d-4cf9-408e-85f6-7510741e7802	released	fdadb011-0da3-458f-8b4e-d09e4c847a5b_star__counts	https://github.com/NCI-GDC/gdc-rnaseq-cwl/blob/5d8c131bbff59fb0c969217fc1d44e6d1503cd1f/rnaseq-star-align/star2pass.rnaseq_harmonization.cwl	STAR - Counts	5d8c131bbff59fb0c969217fc1d44e6d1503cd1f	Primary Tumor	NA	TCGA-BH-A0B0	TCGA-BH-A0B0-01A
16ffdede-3d07-431a-a4ed-318c7a66c096	TSV	TCGA-AO-A0JD-01A-11R-A056-07	open	42ed2e82-e41d-4e2e-8bf3-8dfc324b040f.rna_seq.augmented_star_gene_counts.tsv	011acaea-0b1a-48c6-8676-319d23145131	Transcriptome Profiling	gene_expression	Illumina	4236952	2021-12-13T22:17:52.894953-06:00	60cccf0621079ec26398517b32599815	2024-07-30T09:59:53.044395-05:00	16ffdede-3d07-431a-a4ed-318c7a66c096	Gene Expression Quantification	released	RNA-Seq	1	32.0 - 46.0	TCGA-BRCA	4eee5357-7794-43d4-8bf2-12e01c7f24a0	released	42ed2e82-e41d-4e2e-8bf3-8dfc324b040f_star__counts	https://github.com/NCI-GDC/gdc-rnaseq-cwl/blob/5d8c131bbff59fb0c969217fc1d44e6d1503cd1f/rnaseq-star-align/star2pass.rnaseq_harmonization.cwl	STAR - Counts	5d8c131bbff59fb0c969217fc1d44e6d1503cd1f	Primary Tumor	NA	TCGA-AO-A0JD	TCGA-AO-A0JD-01A
e173c170-b7c6-4aa9-9f34-33cd02702d75	TSV	TCGA-AO-A128-01A-11R-A10J-07	open	8d3d544f-6d1a-4cdc-8091-490311487ebd.rna_seq.augmented_star_gene_counts.tsv	aaea0b4b-b385-4cb1-aef8-313a3b168407	Transcriptome Profiling	gene_expression	Illumina	4255299	2021-12-13T22:28:58.542360-06:00	dd39679fe62a68cd1203655864986533	2024-07-30T09:29:00.055315-05:00	e173c170-b7c6-4aa9-9f34-33cd02702d75	Gene Expression Quantification	released	RNA-Seq	1	32.0 - 46.0	TCGA-BRCA	2293d52b-6139-4b80-b989-e22dba47459d	released	8d3d544f-6d1a-4cdc-8091-490311487ebd_star__counts	https://github.com/NCI-GDC/gdc-rnaseq-cwl/blob/5d8c131bbff59fb0c969217fc1d44e6d1503cd1f/rnaseq-star-align/star2pass.rnaseq_harmonization.cwl	STAR - Counts	5d8c131bbff59fb0c969217fc1d44e6d1503cd1f	Primary Tumor	NA	TCGA-AO-A128	TCGA-AO-A128-01A
195c9f03-31c3-465a-ac58-3949246b173b	TSV	TCGA-BH-A1FE-01A-11R-A13Q-07	open	8f08cee9-a91f-4305-bf8d-efeee9cd386c.rna_seq.augmented_star_gene_counts.tsv	81b20a37-e026-4f34-8e11-86f3078c6c95	Transcriptome Profiling	gene_expression	Illumina	4256121	2021-12-13T22:00:37.923737-06:00	48e304f2d6da55850e80658c9c97f740	2024-07-30T09:39:49.432293-05:00	195c9f03-31c3-465a-ac58-3949246b173b	Gene Expression Quantification	released	RNA-Seq	1	32.0 - 46.0	TCGA-BRCA	7fbdbbe5-44dd-46d2-9ebf-fe84664aabd3	released	8f08cee9-a91f-4305-bf8d-efeee9cd386c_star__counts	https://github.com/NCI-GDC/gdc-rnaseq-cwl/blob/5d8c131bbff59fb0c969217fc1d44e6d1503cd1f/rnaseq-star-align/star2pass.rnaseq_harmonization.cwl	STAR - Counts	5d8c131bbff59fb0c969217fc1d44e6d1503cd1f	Primary Tumor	NA	TCGA-BH-A1FE	TCGA-BH-A1FE-01A
9a6563cf-557b-4f26-b6a2-6c6f1eb03654	TSV	TCGA-BH-A0BM-01A-11R-A056-07	open	06ae7b4d-2906-4a38-a4ef-1cc937716dcb.rna_seq.augmented_star_gene_counts.tsv	7300d70b-2297-45a7-a0e3-2a583b1642ce	Transcriptome Profiling	gene_expression	Illumina	4228008	2021-12-13T22:14:44.476543-06:00	13abea6feb343d410cb946d1b2c58eee	2024-07-30T09:28:38.697092-05:00	9a6563cf-557b-4f26-b6a2-6c6f1eb03654	Gene Expression Quantification	released	RNA-Seq	1	32.0 - 46.0	TCGA-BRCA	0e2c041c-b7fb-4cf7-ab36-9e953322a5e9	released	06ae7b4d-2906-4a38-a4ef-1cc937716dcb_star__counts	https://github.com/NCI-GDC/gdc-rnaseq-cwl/blob/5d8c131bbff59fb0c969217fc1d44e6d1503cd1f/rnaseq-star-align/star2pass.rnaseq_harmonization.cwl	STAR - Counts	5d8c131bbff59fb0c969217fc1d44e6d1503cd1f	Primary Tumor	NA	TCGA-BH-A0BM	TCGA-BH-A0BM-01A
c5e46ae9-c4c1-4afd-a772-392ede15808d	TSV	TCGA-AN-A0FZ-01A-11R-A034-07	open	490dfd10-0c85-48a9-b4ce-22b4445ed504.rna_seq.augmented_star_gene_counts.tsv	5eac47e3-0351-412f-9e54-be017090cfd5	Transcriptome Profiling	gene_expression	Illumina	4250628	2021-12-13T22:11:45.944574-06:00	09fdca65f08982af468938e67af11048	2024-07-30T09:44:59.986721-05:00	c5e46ae9-c4c1-4afd-a772-392ede15808d	Gene Expression Quantification	released	RNA-Seq	1	32.0 - 46.0	TCGA-BRCA	80e4977c-4477-401f-957f-d3ea4fa3875f	released	490dfd10-0c85-48a9-b4ce-22b4445ed504_star__counts	https://github.com/NCI-GDC/gdc-rnaseq-cwl/blob/5d8c131bbff59fb0c969217fc1d44e6d1503cd1f/rnaseq-star-align/star2pass.rnaseq_harmonization.cwl	STAR - Counts	5d8c131bbff59fb0c969217fc1d44e6d1503cd1f	Primary Tumor	NA	TCGA-AN-A0FZ	TCGA-AN-A0FZ-01A
4f54add3-c33d-4bc9-9e1f-c75f52d15f1e	TSV	TCGA-BH-A1FE-11B-14R-A13Q-07	open	2e4316d2-5fe5-4ee1-9b22-73f4c42b6202.rna_seq.augmented_star_gene_counts.tsv	1c772045-3a44-4bfe-b140-85fa2ea8dc48	Transcriptome Profiling	gene_expression	Illumina	4255418	2021-12-13T22:00:41.747660-06:00	49fe7f3c7f7fc86f310fe9cb0bcc7ab4	2024-07-30T09:43:12.453421-05:00	4f54add3-c33d-4bc9-9e1f-c75f52d15f1e	Gene Expression Quantification	released	RNA-Seq	1	32.0 - 46.0	TCGA-BRCA	01da393a-599d-427e-ad1d-43f3d9888545	released	2e4316d2-5fe5-4ee1-9b22-73f4c42b6202_star__counts	https://github.com/NCI-GDC/gdc-rnaseq-cwl/blob/5d8c131bbff59fb0c969217fc1d44e6d1503cd1f/rnaseq-star-align/star2pass.rnaseq_harmonization.cwl	STAR - Counts	5d8c131bbff59fb0c969217fc1d44e6d1503cd1f	Solid Tissue Normal	NA	TCGA-BH-A1FE	TCGA-BH-A1FE-11B
fc0e74d2-ab94-48b1-8e31-808bde7a3fe6	TSV	TCGA-A8-A07F-01A-11R-A00Z-07	open	3f3b6a7b-94f0-40a3-9f16-32bab2854678.rna_seq.augmented_star_gene_counts.tsv	beccb200-ee52-4610-aadf-74b32163845f	Transcriptome Profiling	gene_expression	Illumina	4254316	2021-12-13T22:39:40.175467-06:00	1d0ef8c40c7c9cd1083b793164302f64	2024-07-30T09:33:09.227229-05:00	fc0e74d2-ab94-48b1-8e31-808bde7a3fe6	Gene Expression Quantification	released	RNA-Seq	1	32.0 - 46.0	TCGA-BRCA	75307cd6-c45f-44b7-b7d3-301098520d7c	released	3f3b6a7b-94f0-40a3-9f16-32bab2854678_star__counts	https://github.com/NCI-GDC/gdc-rnaseq-cwl/blob/5d8c131bbff59fb0c969217fc1d44e6d1503cd1f/rnaseq-star-align/star2pass.rnaseq_harmonization.cwl	STAR - Counts	5d8c131bbff59fb0c969217fc1d44e6d1503cd1f	Primary Tumor	NA	TCGA-A8-A07F	TCGA-A8-A07F-01A
31e1dbf5-8c97-4e4d-a488-d6737ab304c2	TSV	TCGA-A2-A0EO-01A-11R-A034-07	open	6e24acde-7dd0-46b9-b3c5-b0b617912910.rna_seq.augmented_star_gene_counts.tsv	cac1e4fc-bd4f-4a99-8b06-406dccbd9366	Transcriptome Profiling	gene_expression	Illumina	4242517	2021-12-13T21:59:03.361381-06:00	7f28e5a73e447e0fb994dae451e5063a	2024-07-30T09:53:33.842654-05:00	31e1dbf5-8c97-4e4d-a488-d6737ab304c2	Gene Expression Quantification	released	RNA-Seq	1	32.0 - 46.0	TCGA-BRCA	2a83aef6-ad57-4660-a031-d2cc28d3dde5	released	6e24acde-7dd0-46b9-b3c5-b0b617912910_star__counts	https://github.com/NCI-GDC/gdc-rnaseq-cwl/blob/5d8c131bbff59fb0c969217fc1d44e6d1503cd1f/rnaseq-star-align/star2pass.rnaseq_harmonization.cwl	STAR - Counts	5d8c131bbff59fb0c969217fc1d44e6d1503cd1f	Primary Tumor	NA	TCGA-A2-A0EO	TCGA-A2-A0EO-01A
222b562a-3ef7-4e69-a60d-54aac5104102	TSV	TCGA-A1-A0SP-01A-11R-A084-07	open	e0527b4b-de23-4b9f-8871-13f64f6976cd.rna_seq.augmented_star_gene_counts.tsv	01c7a57e-080f-4e18-ba49-c80242b09a33	Transcriptome Profiling	gene_expression	Illumina	4244140	2021-12-13T22:43:37.520668-06:00	d4c737d27e18342109001a0e7981dcfe	2024-07-30T09:31:37.782313-05:00	222b562a-3ef7-4e69-a60d-54aac5104102	Gene Expression Quantification	released	RNA-Seq	1	32.0 - 46.0	TCGA-BRCA	c6b1e0f7-2ca0-427b-a628-7679365e5a76	released	e0527b4b-de23-4b9f-8871-13f64f6976cd_star__counts	https://github.com/NCI-GDC/gdc-rnaseq-cwl/blob/5d8c131bbff59fb0c969217fc1d44e6d1503cd1f/rnaseq-star-align/star2pass.rnaseq_harmonization.cwl	STAR - Counts	5d8c131bbff59fb0c969217fc1d44e6d1503cd1f	Primary Tumor	NA	TCGA-A1-A0SP	TCGA-A1-A0SP-01A
0d11c50a-8648-48ea-a107-e138a1d3e086	TSV	TCGA-BH-A1F8-11B-21R-A13Q-07	open	bf3ea4a0-bcd6-4e9d-acbb-3416f6ce53b7.rna_seq.augmented_star_gene_counts.tsv	f6fcbf9b-024f-4800-8ec8-60edf438f86d	Transcriptome Profiling	gene_expression	Illumina	4233362	2021-12-13T21:48:08.129554-06:00	9e98790b2c61a368f8dc97f0d55baf6f	2024-07-30T09:20:44.637377-05:00	0d11c50a-8648-48ea-a107-e138a1d3e086	Gene Expression Quantification	released	RNA-Seq	1	32.0 - 46.0	TCGA-BRCA	3969f1ba-b094-4c79-bd07-8a209539f4fa	released	bf3ea4a0-bcd6-4e9d-acbb-3416f6ce53b7_star__counts	https://github.com/NCI-GDC/gdc-rnaseq-cwl/blob/5d8c131bbff59fb0c969217fc1d44e6d1503cd1f/rnaseq-star-align/star2pass.rnaseq_harmonization.cwl	STAR - Counts	5d8c131bbff59fb0c969217fc1d44e6d1503cd1f	Solid Tissue Normal	NA	TCGA-BH-A1F8	TCGA-BH-A1F8-11B
0c068d5a-ccad-47a5-bfe0-0dc5f136d6aa	TSV	TCGA-A2-A3XT-01A-11R-A22U-07	open	bdba14fb-88aa-43b0-8c25-53948b9935b7.rna_seq.augmented_star_gene_counts.tsv	6531f2c8-bdb7-423e-bb35-7f1b64d4717e	Transcriptome Profiling	gene_expression	Illumina	4249842	2021-12-13T21:46:40.906869-06:00	518eace9d4d12dc66d378770abbb0f00	2024-07-30T09:31:48.552391-05:00	0c068d5a-ccad-47a5-bfe0-0dc5f136d6aa	Gene Expression Quantification	released	RNA-Seq	1	32.0 - 46.0	TCGA-BRCA	0db3347c-d411-4fe6-99cb-61b51427a821	released	bdba14fb-88aa-43b0-8c25-53948b9935b7_star__counts	https://github.com/NCI-GDC/gdc-rnaseq-cwl/blob/5d8c131bbff59fb0c969217fc1d44e6d1503cd1f/rnaseq-star-align/star2pass.rnaseq_harmonization.cwl	STAR - Counts	5d8c131bbff59fb0c969217fc1d44e6d1503cd1f	Primary Tumor	NA	TCGA-A2-A3XT	TCGA-A2-A3XT-01A
d5358d17-4c49-46fa-8a96-4af9ab298ab4	TSV	TCGA-BH-A5J0-01A-11R-A27Q-07	open	8afeab3f-89ee-4901-8a32-d13587dbcab5.rna_seq.augmented_star_gene_counts.tsv	ed924716-4e96-4107-8ddf-ba267dc3d8d2	Transcriptome Profiling	gene_expression	Illumina	4235144	2021-12-13T22:14:22.806155-06:00	d7a4a1b975124f8d6e5e48e80e647bd5	2024-07-30T09:47:26.092401-05:00	d5358d17-4c49-46fa-8a96-4af9ab298ab4	Gene Expression Quantification	released	RNA-Seq	1	32.0 - 46.0	TCGA-BRCA	1746d68f-d97c-45b0-9998-8472c570a927	released	8afeab3f-89ee-4901-8a32-d13587dbcab5_star__counts	https://github.com/NCI-GDC/gdc-rnaseq-cwl/blob/5d8c131bbff59fb0c969217fc1d44e6d1503cd1f/rnaseq-star-align/star2pass.rnaseq_harmonization.cwl	STAR - Counts	5d8c131bbff59fb0c969217fc1d44e6d1503cd1f	Primary Tumor	NA	TCGA-BH-A5J0	TCGA-BH-A5J0-01A
20e90b8d-aa05-4918-8e54-1b969488148f	TSV	TCGA-A8-A08I-01A-11R-A00Z-07	open	59fe0f14-0415-43b7-87c7-1098e4b434ea.rna_seq.augmented_star_gene_counts.tsv	39934cb3-58bd-437c-b375-e8c1c6fc695b	Transcriptome Profiling	gene_expression	Illumina	4268842	2021-12-13T22:08:12.142954-06:00	528cec3fca6434f973510150ff727e05	2024-07-30T09:37:29.600376-05:00	20e90b8d-aa05-4918-8e54-1b969488148f	Gene Expression Quantification	released	RNA-Seq	1	32.0 - 46.0	TCGA-BRCA	51489d0c-0b0d-4197-a59e-ea609e6e73fe	released	59fe0f14-0415-43b7-87c7-1098e4b434ea_star__counts	https://github.com/NCI-GDC/gdc-rnaseq-cwl/blob/5d8c131bbff59fb0c969217fc1d44e6d1503cd1f/rnaseq-star-align/star2pass.rnaseq_harmonization.cwl	STAR - Counts	5d8c131bbff59fb0c969217fc1d44e6d1503cd1f	Primary Tumor	NA	TCGA-A8-A08I	TCGA-A8-A08I-01A
3c70b5af-2238-4fbe-991b-dc68975cc7f1	TSV	TCGA-A7-A26F-01A-21R-A169-07	open	7050a8f4-f7f5-41ba-9bda-942d369cf317.rna_seq.augmented_star_gene_counts.tsv	dd35a489-0e2b-41e1-9a76-df4094366c24	Transcriptome Profiling	gene_expression	Illumina	4261876	2022-10-31T13:39:43.214494-05:00	eca4731c0819624b7364b68eb4975f5d	2024-07-29T19:58:48.893891-05:00	3c70b5af-2238-4fbe-991b-dc68975cc7f1	Gene Expression Quantification	released	RNA-Seq	1	36.0 - 46.0	TCGA-BRCA	23be5565-6a26-4d7f-9258-cfc5adc5754f	released	7050a8f4-f7f5-41ba-9bda-942d369cf317_star__counts	quay.io/ncigdc	STAR - Counts	5a02c12930eb23436322a7494047b907b97570c5	Primary Tumor	NA	TCGA-A7-A26F	TCGA-A7-A26F-01A
be65c37e-7aa8-466d-a1fe-102e8e25e2e9	TSV	TCGA-AR-A255-01A-11R-A169-07	open	35120b68-e618-46a1-9641-1e635f633372.rna_seq.augmented_star_gene_counts.tsv	2a6f486f-bf21-4b13-9204-f6123982ca2f	Transcriptome Profiling	gene_expression	Illumina	4251794	2021-12-13T22:28:24.867143-06:00	2f90516d4092de6dd0ca87891b55a630	2024-07-30T09:37:19.811880-05:00	be65c37e-7aa8-466d-a1fe-102e8e25e2e9	Gene Expression Quantification	released	RNA-Seq	1	32.0 - 46.0	TCGA-BRCA	0e366d60-c14c-40cd-9bb6-37b62cfd84c5	released	35120b68-e618-46a1-9641-1e635f633372_star__counts	https://github.com/NCI-GDC/gdc-rnaseq-cwl/blob/5d8c131bbff59fb0c969217fc1d44e6d1503cd1f/rnaseq-star-align/star2pass.rnaseq_harmonization.cwl	STAR - Counts	5d8c131bbff59fb0c969217fc1d44e6d1503cd1f	Primary Tumor	NA	TCGA-AR-A255	TCGA-AR-A255-01A
051a1102-a815-4b39-b903-80d8b4a2348f	TSV	TCGA-AO-A0J8-01A-21R-A034-07	open	7caf8867-7cff-4dbd-b611-4748d86590a8.rna_seq.augmented_star_gene_counts.tsv	6842b6ea-c81d-4c3f-adbe-139e400bed54	Transcriptome Profiling	gene_expression	Illumina	4253041	2021-12-13T22:16:21.459824-06:00	99c1cdd68d27572859aa05189515f00d	2024-07-30T09:54:08.155813-05:00	051a1102-a815-4b39-b903-80d8b4a2348f	Gene Expression Quantification	released	RNA-Seq	1	32.0 - 46.0	TCGA-BRCA	dc491460-1e64-43e5-b3d6-d263e83531de	released	7caf8867-7cff-4dbd-b611-4748d86590a8_star__counts	https://github.com/NCI-GDC/gdc-rnaseq-cwl/blob/5d8c131bbff59fb0c969217fc1d44e6d1503cd1f/rnaseq-star-align/star2pass.rnaseq_harmonization.cwl	STAR - Counts	5d8c131bbff59fb0c969217fc1d44e6d1503cd1f	Primary Tumor	NA	TCGA-AO-A0J8	TCGA-AO-A0J8-01A
5711aa8f-5cd6-41d0-b469-40f049556693	TSV	TCGA-C8-A278-01A-11R-A169-07	open	c4eb8167-4c62-4a41-b9a7-f3259f945d9d.rna_seq.augmented_star_gene_counts.tsv	7b6da3a1-3969-4dc4-a11c-4c133291be31	Transcriptome Profiling	gene_expression	Illumina	4244743	2021-12-13T22:27:01.387375-06:00	3aea1b75e9678d0957bca0273f96517c	2024-07-30T09:19:17.678570-05:00	5711aa8f-5cd6-41d0-b469-40f049556693	Gene Expression Quantification	released	RNA-Seq	1	32.0 - 46.0	TCGA-BRCA	ff0f8a04-50ab-4b1b-a7cc-0b69166f38de	released	c4eb8167-4c62-4a41-b9a7-f3259f945d9d_star__counts	https://github.com/NCI-GDC/gdc-rnaseq-cwl/blob/5d8c131bbff59fb0c969217fc1d44e6d1503cd1f/rnaseq-star-align/star2pass.rnaseq_harmonization.cwl	STAR - Counts	5d8c131bbff59fb0c969217fc1d44e6d1503cd1f	Primary Tumor	NA	TCGA-C8-A278	TCGA-C8-A278-01A
be10214b-9a03-4556-b28b-5775028c782b	TSV	TCGA-AC-A3W7-01A-11R-A22K-07	open	825c4fa0-4d98-402e-9c1b-9ee0a1a6ce15.rna_seq.augmented_star_gene_counts.tsv	a0a6f430-4564-462d-acc6-3e181d227027	Transcriptome Profiling	gene_expression	Illumina	4257572	2021-12-13T22:11:52.755895-06:00	32b0e3b6c6e627952341f7611e103f24	2024-07-30T09:19:12.761217-05:00	be10214b-9a03-4556-b28b-5775028c782b	Gene Expression Quantification	released	RNA-Seq	1	32.0 - 46.0	TCGA-BRCA	840121aa-234a-4618-80dc-794b651726c3	released	825c4fa0-4d98-402e-9c1b-9ee0a1a6ce15_star__counts	https://github.com/NCI-GDC/gdc-rnaseq-cwl/blob/5d8c131bbff59fb0c969217fc1d44e6d1503cd1f/rnaseq-star-align/star2pass.rnaseq_harmonization.cwl	STAR - Counts	5d8c131bbff59fb0c969217fc1d44e6d1503cd1f	Primary Tumor	NA	TCGA-AC-A3W7	TCGA-AC-A3W7-01A
70ea9273-29f3-425a-ba66-5b75db62c9b7	TSV	TCGA-B6-A0IE-01A-11R-A034-07	open	8f6c4058-6bdd-4f85-94ed-874966ffec55.rna_seq.augmented_star_gene_counts.tsv	3cdb89c9-bda6-4058-b6f2-640abf53e92c	Transcriptome Profiling	gene_expression	Illumina	4244086	2021-12-13T22:41:34.600040-06:00	bfd0d9a6d3be189dc7dc7a044ff5b7f4	2024-07-30T09:41:04.905895-05:00	70ea9273-29f3-425a-ba66-5b75db62c9b7	Gene Expression Quantification	released	RNA-Seq	1	32.0 - 46.0	TCGA-BRCA	78b7af7d-e6de-4f28-b390-9497f6cf93a2	released	8f6c4058-6bdd-4f85-94ed-874966ffec55_star__counts	https://github.com/NCI-GDC/gdc-rnaseq-cwl/blob/5d8c131bbff59fb0c969217fc1d44e6d1503cd1f/rnaseq-star-align/star2pass.rnaseq_harmonization.cwl	STAR - Counts	5d8c131bbff59fb0c969217fc1d44e6d1503cd1f	Primary Tumor	NA	TCGA-B6-A0IE	TCGA-B6-A0IE-01A
06fc39a9-8059-4ac7-9b2b-64f6c7d3b8a1	TSV	TCGA-UL-AAZ6-01A-11R-A41B-07	open	d826d551-cb0f-4d0e-b21d-a7b0c9010a62.rna_seq.augmented_star_gene_counts.tsv	9faa0476-e4ed-4517-b790-cb6baf78bcb4	Transcriptome Profiling	gene_expression	Illumina	4241716	2021-12-13T22:28:16.772934-06:00	5e3b2e0edf35596cab243856b3315297	2024-07-30T09:52:30.617974-05:00	06fc39a9-8059-4ac7-9b2b-64f6c7d3b8a1	Gene Expression Quantification	released	RNA-Seq	1	32.0 - 46.0	TCGA-BRCA	4c5439a0-5d13-4360-947d-ab34c3b31040	released	d826d551-cb0f-4d0e-b21d-a7b0c9010a62_star__counts	https://github.com/NCI-GDC/gdc-rnaseq-cwl/blob/5d8c131bbff59fb0c969217fc1d44e6d1503cd1f/rnaseq-star-align/star2pass.rnaseq_harmonization.cwl	STAR - Counts	5d8c131bbff59fb0c969217fc1d44e6d1503cd1f	Primary Tumor	NA	TCGA-UL-AAZ6	TCGA-UL-AAZ6-01A
4c8d0d1a-dbd3-4124-8458-dfb61f61f11c	TSV	TCGA-A2-A0CL-01A-11R-A115-07	open	e17707f9-a0db-473f-9dc6-608b62e74689.rna_seq.augmented_star_gene_counts.tsv	c53a26a8-ff50-4ccb-9453-f5c5a4f9c565	Transcriptome Profiling	gene_expression	Illumina	4249703	2021-12-13T21:52:15.101825-06:00	d66e7d4921a6a4c077328fb9372aed7b	2024-07-30T09:48:49.259097-05:00	4c8d0d1a-dbd3-4124-8458-dfb61f61f11c	Gene Expression Quantification	released	RNA-Seq	1	32.0 - 46.0	TCGA-BRCA	b1a876b3-1899-4105-bfc9-6151b45c6c12	released	e17707f9-a0db-473f-9dc6-608b62e74689_star__counts	https://github.com/NCI-GDC/gdc-rnaseq-cwl/blob/5d8c131bbff59fb0c969217fc1d44e6d1503cd1f/rnaseq-star-align/star2pass.rnaseq_harmonization.cwl	STAR - Counts	5d8c131bbff59fb0c969217fc1d44e6d1503cd1f	Primary Tumor	NA	TCGA-A2-A0CL	TCGA-A2-A0CL-01A
b26b27b0-5209-483c-a359-9a5d3ae920e9	TSV	TCGA-BH-A6R8-01A-21R-A33J-07	open	951bac30-0a85-4dd8-8470-c1a3b84817f9.rna_seq.augmented_star_gene_counts.tsv	3f7204d4-86d6-4d09-8bb9-b88beb4a628f	Transcriptome Profiling	gene_expression	Illumina	4243684	2021-12-13T21:54:03.422740-06:00	06d641bf459dc45876edf91ebe3c92dc	2024-07-30T10:03:30.368637-05:00	b26b27b0-5209-483c-a359-9a5d3ae920e9	Gene Expression Quantification	released	RNA-Seq	1	32.0 - 46.0	TCGA-BRCA	e4a4b7f8-d8f7-4421-a9df-5b576c30f5a7	released	951bac30-0a85-4dd8-8470-c1a3b84817f9_star__counts	https://github.com/NCI-GDC/gdc-rnaseq-cwl/blob/5d8c131bbff59fb0c969217fc1d44e6d1503cd1f/rnaseq-star-align/star2pass.rnaseq_harmonization.cwl	STAR - Counts	5d8c131bbff59fb0c969217fc1d44e6d1503cd1f	Primary Tumor	NA	TCGA-BH-A6R8	TCGA-BH-A6R8-01A
73ac99d6-d01b-45d9-8df2-205610109911	TSV	TCGA-AC-A23E-01A-11R-A157-07	open	8095ebc6-d293-4668-9d83-8b3f35dd198d.rna_seq.augmented_star_gene_counts.tsv	a0887750-f1bd-4b30-ba4c-c98ac042588d	Transcriptome Profiling	gene_expression	Illumina	4244853	2021-12-13T22:17:36.687372-06:00	ee2f282c586ecff2c08cfdac86e5f9ca	2024-07-30T09:54:20.245479-05:00	73ac99d6-d01b-45d9-8df2-205610109911	Gene Expression Quantification	released	RNA-Seq	1	32.0 - 46.0	TCGA-BRCA	8910c9be-f023-42ac-a811-523ce590cb9b	released	8095ebc6-d293-4668-9d83-8b3f35dd198d_star__counts	https://github.com/NCI-GDC/gdc-rnaseq-cwl/blob/5d8c131bbff59fb0c969217fc1d44e6d1503cd1f/rnaseq-star-align/star2pass.rnaseq_harmonization.cwl	STAR - Counts	5d8c131bbff59fb0c969217fc1d44e6d1503cd1f	Primary Tumor	NA	TCGA-AC-A23E	TCGA-AC-A23E-01A
2e6baa15-85d7-43b0-8a89-a0dc169ae16a	TSV	TCGA-AC-A3HN-01A-11R-A213-07	open	c62cda08-6134-47c6-8796-9da0788d9717.rna_seq.augmented_star_gene_counts.tsv	39b64171-ba24-4567-a66d-adfc3de60ef6	Transcriptome Profiling	gene_expression	Illumina	4259705	2021-12-13T21:53:47.520005-06:00	f6fdd6a7af35613392829a945a4af1a2	2024-07-30T09:27:12.458563-05:00	2e6baa15-85d7-43b0-8a89-a0dc169ae16a	Gene Expression Quantification	released	RNA-Seq	1	32.0 - 46.0	TCGA-BRCA	f4224260-15e5-4b1a-8be9-af02c7c2ea25	released	c62cda08-6134-47c6-8796-9da0788d9717_star__counts	https://github.com/NCI-GDC/gdc-rnaseq-cwl/blob/5d8c131bbff59fb0c969217fc1d44e6d1503cd1f/rnaseq-star-align/star2pass.rnaseq_harmonization.cwl	STAR - Counts	5d8c131bbff59fb0c969217fc1d44e6d1503cd1f	Primary Tumor	NA	TCGA-AC-A3HN	TCGA-AC-A3HN-01A
7b9b6f5f-bd99-421a-a22c-d3fbe110ee73	TSV	TCGA-E2-A108-01A-13R-A10J-07	open	2b9e2225-fb4d-4bc5-8c9a-58cd993627f9.rna_seq.augmented_star_gene_counts.tsv	14143a0d-3b24-470b-a193-869d99709922	Transcriptome Profiling	gene_expression	Illumina	4243132	2021-12-13T22:29:29.259505-06:00	2356f506ebe6d286fe1fd5704bab8426	2024-07-30T09:34:11.471644-05:00	7b9b6f5f-bd99-421a-a22c-d3fbe110ee73	Gene Expression Quantification	released	RNA-Seq	1	32.0 - 46.0	TCGA-BRCA	12714374-bc78-49a2-a032-f23f1428ee27	released	2b9e2225-fb4d-4bc5-8c9a-58cd993627f9_star__counts	https://github.com/NCI-GDC/gdc-rnaseq-cwl/blob/5d8c131bbff59fb0c969217fc1d44e6d1503cd1f/rnaseq-star-align/star2pass.rnaseq_harmonization.cwl	STAR - Counts	5d8c131bbff59fb0c969217fc1d44e6d1503cd1f	Primary Tumor	NA	TCGA-E2-A108	TCGA-E2-A108-01A
7b4d770a-2b8c-4ca5-bf51-c4745c5de39a	TSV	TCGA-3C-AALK-01A-11R-A41B-07	open	ae8996bd-b0b7-4f9b-91fa-606f95d49f8c.rna_seq.augmented_star_gene_counts.tsv	137ff1e6-1792-430b-8635-c889e8aa9b2a	Transcriptome Profiling	gene_expression	Illumina	4242719	2021-12-13T22:08:18.038937-06:00	c57324c953948d6cd5d9053052d3effa	2024-07-30T09:26:18.978190-05:00	7b4d770a-2b8c-4ca5-bf51-c4745c5de39a	Gene Expression Quantification	released	RNA-Seq	1	32.0 - 46.0	TCGA-BRCA	13170d4c-71cd-4100-83a3-c4ad5d2beb4e	released	ae8996bd-b0b7-4f9b-91fa-606f95d49f8c_star__counts	https://github.com/NCI-GDC/gdc-rnaseq-cwl/blob/5d8c131bbff59fb0c969217fc1d44e6d1503cd1f/rnaseq-star-align/star2pass.rnaseq_harmonization.cwl	STAR - Counts	5d8c131bbff59fb0c969217fc1d44e6d1503cd1f	Primary Tumor	NA	TCGA-3C-AALK	TCGA-3C-AALK-01A
934935ae-037b-451d-a696-0679b07bd401	TSV	TCGA-BH-A0DP-11A-12R-A089-07	open	90388468-c622-4114-971e-ab178e487493.rna_seq.augmented_star_gene_counts.tsv	2ac3ee73-1a8f-4f4e-afe6-ae5de22f2581	Transcriptome Profiling	gene_expression	Illumina	4253559	2021-12-13T22:16:13.498451-06:00	f2cd03ac00df1dea59a90556e3a0aa59	2024-07-30T09:39:38.360036-05:00	934935ae-037b-451d-a696-0679b07bd401	Gene Expression Quantification	released	RNA-Seq	1	32.0 - 46.0	TCGA-BRCA	95a5e0b9-e6ad-4bce-bbb2-a64750f6c075	released	90388468-c622-4114-971e-ab178e487493_star__counts	https://github.com/NCI-GDC/gdc-rnaseq-cwl/blob/5d8c131bbff59fb0c969217fc1d44e6d1503cd1f/rnaseq-star-align/star2pass.rnaseq_harmonization.cwl	STAR - Counts	5d8c131bbff59fb0c969217fc1d44e6d1503cd1f	Solid Tissue Normal	NA	TCGA-BH-A0DP	TCGA-BH-A0DP-11A
537ec810-35bc-47d8-8242-72ef91cd63e0	TSV	TCGA-AO-A0J9-01A-11R-A034-07	open	3ee530ee-274d-44de-9793-a75433ddf938.rna_seq.augmented_star_gene_counts.tsv	e78e8a09-dbf3-4ef1-a649-23885ddcb1bc	Transcriptome Profiling	gene_expression	Illumina	4242192	2021-12-13T22:01:48.020777-06:00	6d261f8386fd19ceb29f6c4f8a0b9b04	2024-07-30T10:04:41.993814-05:00	537ec810-35bc-47d8-8242-72ef91cd63e0	Gene Expression Quantification	released	RNA-Seq	1	32.0 - 46.0	TCGA-BRCA	7a39fe8a-67c9-468d-8d44-4c2a6a70fc52	released	3ee530ee-274d-44de-9793-a75433ddf938_star__counts	https://github.com/NCI-GDC/gdc-rnaseq-cwl/blob/5d8c131bbff59fb0c969217fc1d44e6d1503cd1f/rnaseq-star-align/star2pass.rnaseq_harmonization.cwl	STAR - Counts	5d8c131bbff59fb0c969217fc1d44e6d1503cd1f	Primary Tumor	NA	TCGA-AO-A0J9	TCGA-AO-A0J9-01A
cd417f4e-c065-4e73-a7c7-955b2fe71add	TSV	TCGA-A7-A26G-01A-21R-A169-07	open	d05914c2-e76a-4050-b0bf-db3a08c1892e.rna_seq.augmented_star_gene_counts.tsv	1ed3c6e4-e340-4689-8431-3e9e6e2b6161	Transcriptome Profiling	gene_expression	Illumina	4255585	2021-12-13T22:26:55.846866-06:00	cc8a463f93107abbe2534817211a310e	2024-07-30T09:18:45.841601-05:00	cd417f4e-c065-4e73-a7c7-955b2fe71add	Gene Expression Quantification	released	RNA-Seq	1	32.0 - 46.0	TCGA-BRCA	c02bc059-5c84-4017-af50-c92a362891bb	released	d05914c2-e76a-4050-b0bf-db3a08c1892e_star__counts	https://github.com/NCI-GDC/gdc-rnaseq-cwl/blob/5d8c131bbff59fb0c969217fc1d44e6d1503cd1f/rnaseq-star-align/star2pass.rnaseq_harmonization.cwl	STAR - Counts	5d8c131bbff59fb0c969217fc1d44e6d1503cd1f	Primary Tumor	NA	TCGA-A7-A26G	TCGA-A7-A26G-01A
783b4e4f-d65d-4025-a7ce-99a7e86255e9	TSV	TCGA-E2-A1IJ-01A-11R-A144-07	open	45472a71-92d9-4492-9647-f1e8adb9cdea.rna_seq.augmented_star_gene_counts.tsv	77fe3298-6608-4f16-930f-623727d92663	Transcriptome Profiling	gene_expression	Illumina	4231042	2021-12-13T22:19:53.714847-06:00	40d77933ff2f402c85a70a9090e049dd	2024-07-30T10:00:25.803875-05:00	783b4e4f-d65d-4025-a7ce-99a7e86255e9	Gene Expression Quantification	released	RNA-Seq	1	32.0 - 46.0	TCGA-BRCA	ea330b9c-b229-4736-98ea-7e48f8248819	released	45472a71-92d9-4492-9647-f1e8adb9cdea_star__counts	https://github.com/NCI-GDC/gdc-rnaseq-cwl/blob/5d8c131bbff59fb0c969217fc1d44e6d1503cd1f/rnaseq-star-align/star2pass.rnaseq_harmonization.cwl	STAR - Counts	5d8c131bbff59fb0c969217fc1d44e6d1503cd1f	Primary Tumor	NA	TCGA-E2-A1IJ	TCGA-E2-A1IJ-01A
280141da-fd54-4901-bc15-5d106c56fb23	TSV	TCGA-BH-A0B4-01A-11R-A00Z-07	open	aad82145-5742-4ef6-9de3-2c57e84642fc.rna_seq.augmented_star_gene_counts.tsv	e44127c6-4147-4d0e-9cf0-0a86d5ff5269	Transcriptome Profiling	gene_expression	Illumina	4220810	2021-12-13T21:48:57.333115-06:00	8c203f5e33166c402d485123170926c7	2024-07-30T09:28:17.786815-05:00	280141da-fd54-4901-bc15-5d106c56fb23	Gene Expression Quantification	released	RNA-Seq	1	32.0 - 46.0	TCGA-BRCA	0d81004c-fbb9-4ce8-970b-b0dff0c370b8	released	aad82145-5742-4ef6-9de3-2c57e84642fc_star__counts	https://github.com/NCI-GDC/gdc-rnaseq-cwl/blob/5d8c131bbff59fb0c969217fc1d44e6d1503cd1f/rnaseq-star-align/star2pass.rnaseq_harmonization.cwl	STAR - Counts	5d8c131bbff59fb0c969217fc1d44e6d1503cd1f	Primary Tumor	NA	TCGA-BH-A0B4	TCGA-BH-A0B4-01A
81801e72-d293-42e0-8871-5468e33b6d89	TSV	TCGA-BH-A0B6-01A-11R-A19W-07	open	08ccd8d6-3e9d-4ece-a421-98acaf272569.rna_seq.augmented_star_gene_counts.tsv	fc4989b7-0ced-4e63-b571-e306ea61fcb6	Transcriptome Profiling	gene_expression	Illumina	4236872	2021-12-13T21:53:14.862695-06:00	67ff15d32b6b4b56915dea3526725e58	2024-07-30T09:43:45.390786-05:00	81801e72-d293-42e0-8871-5468e33b6d89	Gene Expression Quantification	released	RNA-Seq	1	32.0 - 46.0	TCGA-BRCA	ed759b9d-bd0f-4aa4-ac1c-e9c999ffb7c1	released	08ccd8d6-3e9d-4ece-a421-98acaf272569_star__counts	https://github.com/NCI-GDC/gdc-rnaseq-cwl/blob/5d8c131bbff59fb0c969217fc1d44e6d1503cd1f/rnaseq-star-align/star2pass.rnaseq_harmonization.cwl	STAR - Counts	5d8c131bbff59fb0c969217fc1d44e6d1503cd1f	Primary Tumor	NA	TCGA-BH-A0B6	TCGA-BH-A0B6-01A
b01d7dfd-b577-48b8-8bf2-3c74bb617601	TSV	TCGA-BH-A0B5-11A-23R-A12P-07	open	6732c6de-0725-4a08-a1d7-211338a4363c.rna_seq.augmented_star_gene_counts.tsv	fe563674-3db6-4218-81f7-0e546786d685	Transcriptome Profiling	gene_expression	Illumina	4227746	2021-12-13T22:33:08.593079-06:00	f93163bffb3fc83f8eb0b8e13a32cb52	2024-07-30T09:21:34.266762-05:00	b01d7dfd-b577-48b8-8bf2-3c74bb617601	Gene Expression Quantification	released	RNA-Seq	1	32.0 - 46.0	TCGA-BRCA	54d5f2eb-a3d6-4037-b9db-9c3824a0bec3	released	6732c6de-0725-4a08-a1d7-211338a4363c_star__counts	https://github.com/NCI-GDC/gdc-rnaseq-cwl/blob/5d8c131bbff59fb0c969217fc1d44e6d1503cd1f/rnaseq-star-align/star2pass.rnaseq_harmonization.cwl	STAR - Counts	5d8c131bbff59fb0c969217fc1d44e6d1503cd1f	Solid Tissue Normal	NA	TCGA-BH-A0B5	TCGA-BH-A0B5-11A
d757b1cc-31a6-495a-ae82-c63b031ece49	TSV	TCGA-BH-A1F6-11B-94R-A13Q-07	open	898f9214-8dab-4b92-9233-70c06c60078c.rna_seq.augmented_star_gene_counts.tsv	8d6e7a39-5ae7-4dd7-b916-82debffa80fb	Transcriptome Profiling	gene_expression	Illumina	4258057	2021-12-13T22:37:38.898069-06:00	6d8884a50ab2b561dde01f32762bda4b	2024-07-30T09:56:48.238861-05:00	d757b1cc-31a6-495a-ae82-c63b031ece49	Gene Expression Quantification	released	RNA-Seq	1	32.0 - 46.0	TCGA-BRCA	535b4bbe-2197-4904-a4b4-5e9f2ca60441	released	898f9214-8dab-4b92-9233-70c06c60078c_star__counts	https://github.com/NCI-GDC/gdc-rnaseq-cwl/blob/5d8c131bbff59fb0c969217fc1d44e6d1503cd1f/rnaseq-star-align/star2pass.rnaseq_harmonization.cwl	STAR - Counts	5d8c131bbff59fb0c969217fc1d44e6d1503cd1f	Solid Tissue Normal	NA	TCGA-BH-A1F6	TCGA-BH-A1F6-11B
b0e906d2-e2ae-49fa-8d7a-8a00f1d6d0a1	TSV	TCGA-A8-A07R-01A-21R-A034-07	open	fe15bb7d-6469-4778-9dc8-9e4c5877942c.rna_seq.augmented_star_gene_counts.tsv	07a7ccee-6dfd-4aff-9299-d3fb673a4510	Transcriptome Profiling	gene_expression	Illumina	4244229	2021-12-13T21:57:37.981027-06:00	0d7fa39c1275367339770c21cc79696b	2024-07-30T10:01:35.270489-05:00	b0e906d2-e2ae-49fa-8d7a-8a00f1d6d0a1	Gene Expression Quantification	released	RNA-Seq	1	32.0 - 46.0	TCGA-BRCA	150d9ddc-f038-4184-ab00-89e24beb31c0	released	fe15bb7d-6469-4778-9dc8-9e4c5877942c_star__counts	https://github.com/NCI-GDC/gdc-rnaseq-cwl/blob/5d8c131bbff59fb0c969217fc1d44e6d1503cd1f/rnaseq-star-align/star2pass.rnaseq_harmonization.cwl	STAR - Counts	5d8c131bbff59fb0c969217fc1d44e6d1503cd1f	Primary Tumor	NA	TCGA-A8-A07R	TCGA-A8-A07R-01A
ddd1c3de-8266-4f56-a982-bcc20b868e90	TSV	TCGA-E9-A54Y-01A-11R-A466-07	open	a33f7e32-cc76-476b-b35c-b03864b72cbb.rna_seq.augmented_star_gene_counts.tsv	c1cabba7-301c-43d3-8c37-804058503ad5	Transcriptome Profiling	gene_expression	Illumina	4217401	2021-12-13T22:08:00.302710-06:00	95b25e2bde9bf25ece523f6805669eda	2024-07-30T09:53:21.452832-05:00	ddd1c3de-8266-4f56-a982-bcc20b868e90	Gene Expression Quantification	released	RNA-Seq	1	32.0 - 46.0	TCGA-BRCA	9892809a-9b52-46f6-ad14-fbad1c7b5ab4	released	a33f7e32-cc76-476b-b35c-b03864b72cbb_star__counts	https://github.com/NCI-GDC/gdc-rnaseq-cwl/blob/5d8c131bbff59fb0c969217fc1d44e6d1503cd1f/rnaseq-star-align/star2pass.rnaseq_harmonization.cwl	STAR - Counts	5d8c131bbff59fb0c969217fc1d44e6d1503cd1f	Primary Tumor	NA	TCGA-E9-A54Y	TCGA-E9-A54Y-01A
82004d79-07d3-4a01-b266-4d36353ba561	TSV	TCGA-E2-A1L6-01A-11R-A13Q-07	open	e38d31b7-ad89-4fff-93d5-05f49998727b.rna_seq.augmented_star_gene_counts.tsv	de30625c-197f-4db1-9b0f-c004be0122e4	Transcriptome Profiling	gene_expression	Illumina	4255419	2021-12-13T22:31:32.560945-06:00	cab5ae5cef16e840b8bd7d3b20f8a0d7	2024-07-30T09:36:44.805402-05:00	82004d79-07d3-4a01-b266-4d36353ba561	Gene Expression Quantification	released	RNA-Seq	1	32.0 - 46.0	TCGA-BRCA	6be0c558-97da-4d50-b5d3-824ef18b0977	released	e38d31b7-ad89-4fff-93d5-05f49998727b_star__counts	https://github.com/NCI-GDC/gdc-rnaseq-cwl/blob/5d8c131bbff59fb0c969217fc1d44e6d1503cd1f/rnaseq-star-align/star2pass.rnaseq_harmonization.cwl	STAR - Counts	5d8c131bbff59fb0c969217fc1d44e6d1503cd1f	Primary Tumor	NA	TCGA-E2-A1L6	TCGA-E2-A1L6-01A
1cf56202-05e5-41ad-9f27-3519bee045f4	TSV	TCGA-EW-A1J5-01A-11R-A13Q-07	open	f1600b0c-f3ac-4c19-8c43-6af450abb6a3.rna_seq.augmented_star_gene_counts.tsv	b9f43e10-30e3-44f9-a42d-e2cf4b55ec07	Transcriptome Profiling	gene_expression	Illumina	4265300	2021-12-13T21:53:21.650671-06:00	0248a28d27904e74d428f46f68d22c9a	2024-07-30T10:07:45.625212-05:00	1cf56202-05e5-41ad-9f27-3519bee045f4	Gene Expression Quantification	released	RNA-Seq	1	32.0 - 46.0	TCGA-BRCA	8c054fcf-a131-4419-a8e9-23d74c45898a	released	f1600b0c-f3ac-4c19-8c43-6af450abb6a3_star__counts	https://github.com/NCI-GDC/gdc-rnaseq-cwl/blob/5d8c131bbff59fb0c969217fc1d44e6d1503cd1f/rnaseq-star-align/star2pass.rnaseq_harmonization.cwl	STAR - Counts	5d8c131bbff59fb0c969217fc1d44e6d1503cd1f	Primary Tumor	NA	TCGA-EW-A1J5	TCGA-EW-A1J5-01A
ca6e4602-bcd4-4299-bd31-37f585658b8a	TSV	TCGA-EW-A6S9-01A-22R-A33J-07	open	1c3dbd2f-1c07-48cb-a844-0b1b3eb14e0d.rna_seq.augmented_star_gene_counts.tsv	228e0d9a-3e13-4cf9-9aa2-6d79ca6dfa5d	Transcriptome Profiling	gene_expression	Illumina	4245788	2021-12-13T22:27:49.885739-06:00	c3cb640704e8f45c7b9c3631c65bcd8b	2024-07-30T09:48:02.688404-05:00	ca6e4602-bcd4-4299-bd31-37f585658b8a	Gene Expression Quantification	released	RNA-Seq	1	32.0 - 46.0	TCGA-BRCA	d0c9609a-fa18-46fd-bac1-e29a508b567d	released	1c3dbd2f-1c07-48cb-a844-0b1b3eb14e0d_star__counts	https://github.com/NCI-GDC/gdc-rnaseq-cwl/blob/5d8c131bbff59fb0c969217fc1d44e6d1503cd1f/rnaseq-star-align/star2pass.rnaseq_harmonization.cwl	STAR - Counts	5d8c131bbff59fb0c969217fc1d44e6d1503cd1f	Primary Tumor	NA	TCGA-EW-A6S9	TCGA-EW-A6S9-01A
ec9fb459-42b7-47eb-8c3a-48f492a7b2dc	TSV	TCGA-AC-A6IV-01A-12R-A33J-07	open	3b1b46e1-f475-46f0-af79-0b9296164be3.rna_seq.augmented_star_gene_counts.tsv	234c5740-690f-48d8-99dd-e4414df860c5	Transcriptome Profiling	gene_expression	Illumina	4254162	2021-12-13T22:13:02.098944-06:00	23b6228b2b9b44917112f531ad5f820c	2024-07-30T09:29:44.973440-05:00	ec9fb459-42b7-47eb-8c3a-48f492a7b2dc	Gene Expression Quantification	released	RNA-Seq	1	32.0 - 46.0	TCGA-BRCA	eabf1f02-6cd4-4cf9-97de-d27a2bfbabb3	released	3b1b46e1-f475-46f0-af79-0b9296164be3_star__counts	https://github.com/NCI-GDC/gdc-rnaseq-cwl/blob/5d8c131bbff59fb0c969217fc1d44e6d1503cd1f/rnaseq-star-align/star2pass.rnaseq_harmonization.cwl	STAR - Counts	5d8c131bbff59fb0c969217fc1d44e6d1503cd1f	Primary Tumor	NA	TCGA-AC-A6IV	TCGA-AC-A6IV-01A
63454d5d-a654-4be0-b812-dd5c98d07ea1	TSV	TCGA-E2-A1LB-01A-11R-A144-07	open	c63e3277-327a-4259-84f2-13d9a2c2d68a.rna_seq.augmented_star_gene_counts.tsv	ab63efc5-2d9b-494f-abf4-2a541de3f507	Transcriptome Profiling	gene_expression	Illumina	4231681	2021-12-13T22:34:57.294628-06:00	7a7867b463c4bf060145520a9708fcb6	2024-07-30T09:45:49.315597-05:00	63454d5d-a654-4be0-b812-dd5c98d07ea1	Gene Expression Quantification	released	RNA-Seq	1	32.0 - 46.0	TCGA-BRCA	77624636-ad63-4373-b1e9-2aa32f616fdc	released	c63e3277-327a-4259-84f2-13d9a2c2d68a_star__counts	https://github.com/NCI-GDC/gdc-rnaseq-cwl/blob/5d8c131bbff59fb0c969217fc1d44e6d1503cd1f/rnaseq-star-align/star2pass.rnaseq_harmonization.cwl	STAR - Counts	5d8c131bbff59fb0c969217fc1d44e6d1503cd1f	Primary Tumor	NA	TCGA-E2-A1LB	TCGA-E2-A1LB-01A
c64a0adb-56a8-4966-9dd9-1acd789c1bb3	TSV	TCGA-A8-A07J-01A-11R-A00Z-07	open	c50adee7-f053-484e-8a2f-f66c94a14fd3.rna_seq.augmented_star_gene_counts.tsv	d012aab8-baef-46d0-9ff2-96e8865dfed3	Transcriptome Profiling	gene_expression	Illumina	4233670	2021-12-13T22:36:27.715692-06:00	5f1ed50dda35f2969f8fc0ca54975bb0	2024-07-30T09:36:54.180906-05:00	c64a0adb-56a8-4966-9dd9-1acd789c1bb3	Gene Expression Quantification	released	RNA-Seq	1	32.0 - 46.0	TCGA-BRCA	dba02a90-860e-4717-a106-ebc2dcaa66e3	released	c50adee7-f053-484e-8a2f-f66c94a14fd3_star__counts	https://github.com/NCI-GDC/gdc-rnaseq-cwl/blob/5d8c131bbff59fb0c969217fc1d44e6d1503cd1f/rnaseq-star-align/star2pass.rnaseq_harmonization.cwl	STAR - Counts	5d8c131bbff59fb0c969217fc1d44e6d1503cd1f	Primary Tumor	NA	TCGA-A8-A07J	TCGA-A8-A07J-01A
83f2e26b-fefd-4027-ac5e-fa204ec9f084	TSV	TCGA-EW-A6SB-01A-12R-A32P-07	open	a455069c-8869-4af8-949c-edfee0a05f51.rna_seq.augmented_star_gene_counts.tsv	188b2901-2243-4401-85ca-d6b1c6cc8e33	Transcriptome Profiling	gene_expression	Illumina	4219291	2021-12-13T22:05:47.315137-06:00	2a196a028ad890402b9b8d4fa7512652	2024-07-30T09:21:35.627627-05:00	83f2e26b-fefd-4027-ac5e-fa204ec9f084	Gene Expression Quantification	released	RNA-Seq	1	32.0 - 46.0	TCGA-BRCA	01a68672-9b5f-4373-aa9a-94ec8e12bb36	released	a455069c-8869-4af8-949c-edfee0a05f51_star__counts	https://github.com/NCI-GDC/gdc-rnaseq-cwl/blob/5d8c131bbff59fb0c969217fc1d44e6d1503cd1f/rnaseq-star-align/star2pass.rnaseq_harmonization.cwl	STAR - Counts	5d8c131bbff59fb0c969217fc1d44e6d1503cd1f	Primary Tumor	NA	TCGA-EW-A6SB	TCGA-EW-A6SB-01A
be4d1c31-e925-4eb0-aa96-974b6f6bcc07	TSV	TCGA-A8-A06X-01A-21R-A00Z-07	open	1babcd23-5abc-4f27-b367-a093590e9f6d.rna_seq.augmented_star_gene_counts.tsv	3eaa65d9-9393-485c-9f7b-596e24e1ae18	Transcriptome Profiling	gene_expression	Illumina	4227246	2021-12-13T22:32:22.571754-06:00	b2e419734564a48a33982e0f82c79efc	2024-07-30T09:31:23.627122-05:00	be4d1c31-e925-4eb0-aa96-974b6f6bcc07	Gene Expression Quantification	released	RNA-Seq	1	32.0 - 46.0	TCGA-BRCA	51d640e0-fef1-4a9f-a4ad-77ad47d3ecf7	released	1babcd23-5abc-4f27-b367-a093590e9f6d_star__counts	https://github.com/NCI-GDC/gdc-rnaseq-cwl/blob/5d8c131bbff59fb0c969217fc1d44e6d1503cd1f/rnaseq-star-align/star2pass.rnaseq_harmonization.cwl	STAR - Counts	5d8c131bbff59fb0c969217fc1d44e6d1503cd1f	Primary Tumor	NA	TCGA-A8-A06X	TCGA-A8-A06X-01A
6d488c27-ae90-41d4-8ddb-01a8eb731f0e	TSV	TCGA-A2-A0YI-01A-31R-A10J-07	open	619785ac-0041-4b26-a887-d8ca021eaab1.rna_seq.augmented_star_gene_counts.tsv	aaa0b9e4-611c-4271-aa46-61f204218a95	Transcriptome Profiling	gene_expression	Illumina	4253847	2021-12-13T22:06:02.225723-06:00	f18cb7bd326fa46ee0ce11e5ee195a48	2024-07-30T09:30:20.394157-05:00	6d488c27-ae90-41d4-8ddb-01a8eb731f0e	Gene Expression Quantification	released	RNA-Seq	1	32.0 - 46.0	TCGA-BRCA	34b0a63a-be5a-48a9-b6de-1530828a6a1b	released	619785ac-0041-4b26-a887-d8ca021eaab1_star__counts	https://github.com/NCI-GDC/gdc-rnaseq-cwl/blob/5d8c131bbff59fb0c969217fc1d44e6d1503cd1f/rnaseq-star-align/star2pass.rnaseq_harmonization.cwl	STAR - Counts	5d8c131bbff59fb0c969217fc1d44e6d1503cd1f	Primary Tumor	NA	TCGA-A2-A0YI	TCGA-A2-A0YI-01A
c782b873-2727-4fe4-9c9a-741964290349	TSV	TCGA-C8-A26X-01A-31R-A16F-07	open	444d0a78-82fe-4a80-9b41-d7daf98506ca.rna_seq.augmented_star_gene_counts.tsv	7d634870-7370-4e7a-9820-042c55945710	Transcriptome Profiling	gene_expression	Illumina	4233204	2021-12-13T22:01:16.576800-06:00	e564f42b8cb63345ea7009091490ccc1	2024-07-30T09:41:10.313167-05:00	c782b873-2727-4fe4-9c9a-741964290349	Gene Expression Quantification	released	RNA-Seq	1	32.0 - 46.0	TCGA-BRCA	42f41511-2fe4-4411-8a71-acabae9cedc8	released	444d0a78-82fe-4a80-9b41-d7daf98506ca_star__counts	https://github.com/NCI-GDC/gdc-rnaseq-cwl/blob/5d8c131bbff59fb0c969217fc1d44e6d1503cd1f/rnaseq-star-align/star2pass.rnaseq_harmonization.cwl	STAR - Counts	5d8c131bbff59fb0c969217fc1d44e6d1503cd1f	Primary Tumor	NA	TCGA-C8-A26X	TCGA-C8-A26X-01A
3448aa6c-0de2-4d47-9bac-19507aee7492	TSV	TCGA-BH-A0BV-11A-31R-A089-07	open	4da20b00-8ed6-41ed-88d9-9969d15761c7.rna_seq.augmented_star_gene_counts.tsv	a81d8579-4e4a-45fa-b472-bc31b748d205	Transcriptome Profiling	gene_expression	Illumina	4260041	2021-12-13T22:29:42.383206-06:00	ad351b198e1a81ed4956b78b99531179	2024-07-30T09:37:43.033833-05:00	3448aa6c-0de2-4d47-9bac-19507aee7492	Gene Expression Quantification	released	RNA-Seq	1	32.0 - 46.0	TCGA-BRCA	059822f6-c654-49cd-a2b9-58eea852a3eb	released	4da20b00-8ed6-41ed-88d9-9969d15761c7_star__counts	https://github.com/NCI-GDC/gdc-rnaseq-cwl/blob/5d8c131bbff59fb0c969217fc1d44e6d1503cd1f/rnaseq-star-align/star2pass.rnaseq_harmonization.cwl	STAR - Counts	5d8c131bbff59fb0c969217fc1d44e6d1503cd1f	Solid Tissue Normal	NA	TCGA-BH-A0BV	TCGA-BH-A0BV-11A
befa225f-9fe9-412f-a503-449874cf52d8	TSV	TCGA-C8-A12T-01A-11R-A115-07	open	9fb65d01-d51d-4cbb-99f3-a09f5d6c206b.rna_seq.augmented_star_gene_counts.tsv	b0640a60-e4ca-4ab2-81be-713c2b60c649	Transcriptome Profiling	gene_expression	Illumina	4232201	2021-12-13T22:01:42.549123-06:00	91f81b9a82892bdb7730a852b67ebfa3	2024-07-30T09:43:30.827757-05:00	befa225f-9fe9-412f-a503-449874cf52d8	Gene Expression Quantification	released	RNA-Seq	1	32.0 - 46.0	TCGA-BRCA	daa66d77-6bf7-48a3-a8e0-9fb136fb365a	released	9fb65d01-d51d-4cbb-99f3-a09f5d6c206b_star__counts	https://github.com/NCI-GDC/gdc-rnaseq-cwl/blob/5d8c131bbff59fb0c969217fc1d44e6d1503cd1f/rnaseq-star-align/star2pass.rnaseq_harmonization.cwl	STAR - Counts	5d8c131bbff59fb0c969217fc1d44e6d1503cd1f	Primary Tumor	NA	TCGA-C8-A12T	TCGA-C8-A12T-01A
26415014-f0fe-4b7c-b9dc-2a6f85d47a5e	TSV	TCGA-D8-A1XA-01A-11R-A14D-07	open	231b4ae3-8543-47f4-a9f6-0ac26210b26d.rna_seq.augmented_star_gene_counts.tsv	f8ce2dd8-3137-4d36-bccc-0caf73b7c996	Transcriptome Profiling	gene_expression	Illumina	4239993	2021-12-13T21:49:48.016129-06:00	7600a36528f51ad766d69eb8eca4b0d3	2024-07-30T09:45:16.800112-05:00	26415014-f0fe-4b7c-b9dc-2a6f85d47a5e	Gene Expression Quantification	released	RNA-Seq	1	32.0 - 46.0	TCGA-BRCA	8b454e0d-ab84-4b22-96d5-760ccf3bcb7c	released	231b4ae3-8543-47f4-a9f6-0ac26210b26d_star__counts	https://github.com/NCI-GDC/gdc-rnaseq-cwl/blob/5d8c131bbff59fb0c969217fc1d44e6d1503cd1f/rnaseq-star-align/star2pass.rnaseq_harmonization.cwl	STAR - Counts	5d8c131bbff59fb0c969217fc1d44e6d1503cd1f	Primary Tumor	NA	TCGA-D8-A1XA	TCGA-D8-A1XA-01A
664d7ba8-9b87-4f17-b98d-8e07dea3c488	TSV	TCGA-E2-A1IF-01A-11R-A144-07	open	cb024f71-c708-498b-9196-2fe57acf3771.rna_seq.augmented_star_gene_counts.tsv	f08c27fd-c0e8-40c9-9e42-b7637ce7f8fa	Transcriptome Profiling	gene_expression	Illumina	4241996	2021-12-13T22:33:17.657052-06:00	db3599e6eb1262ea86082721b1cf540b	2024-07-30T09:51:58.684184-05:00	664d7ba8-9b87-4f17-b98d-8e07dea3c488	Gene Expression Quantification	released	RNA-Seq	1	32.0 - 46.0	TCGA-BRCA	b709a215-10a1-4efa-bea9-481718a46d35	released	cb024f71-c708-498b-9196-2fe57acf3771_star__counts	https://github.com/NCI-GDC/gdc-rnaseq-cwl/blob/5d8c131bbff59fb0c969217fc1d44e6d1503cd1f/rnaseq-star-align/star2pass.rnaseq_harmonization.cwl	STAR - Counts	5d8c131bbff59fb0c969217fc1d44e6d1503cd1f	Primary Tumor	NA	TCGA-E2-A1IF	TCGA-E2-A1IF-01A
2abc5233-1389-4efb-ba21-de05251ab25a	TSV	TCGA-AR-A24S-01A-11R-A169-07	open	b31c9e1c-be79-4264-81a3-40b67f1f0bde.rna_seq.augmented_star_gene_counts.tsv	d05ec196-3c50-4645-a3be-42f83d6b0593	Transcriptome Profiling	gene_expression	Illumina	4250421	2021-12-13T22:33:37.534976-06:00	be409b89108d76cbb877d8f541958d5f	2024-07-30T09:23:06.362807-05:00	2abc5233-1389-4efb-ba21-de05251ab25a	Gene Expression Quantification	released	RNA-Seq	1	32.0 - 46.0	TCGA-BRCA	ac9b849f-b0d6-405c-a39b-05eef81cfc5c	released	b31c9e1c-be79-4264-81a3-40b67f1f0bde_star__counts	https://github.com/NCI-GDC/gdc-rnaseq-cwl/blob/5d8c131bbff59fb0c969217fc1d44e6d1503cd1f/rnaseq-star-align/star2pass.rnaseq_harmonization.cwl	STAR - Counts	5d8c131bbff59fb0c969217fc1d44e6d1503cd1f	Primary Tumor	NA	TCGA-AR-A24S	TCGA-AR-A24S-01A
02a11397-2a9b-4dba-8c6a-6b9f0aa24372	TSV	TCGA-B6-A408-01A-12R-A24H-07	open	9ccd787f-fde1-4fe6-a11f-d6203eaf9faf.rna_seq.augmented_star_gene_counts.tsv	334ecd1c-6e8e-463f-a55c-9e29c696a138	Transcriptome Profiling	gene_expression	Illumina	4256806	2021-12-13T22:25:19.847872-06:00	7eebc2d62c8fed05d2524e5166f1e913	2024-07-30T09:23:59.695537-05:00	02a11397-2a9b-4dba-8c6a-6b9f0aa24372	Gene Expression Quantification	released	RNA-Seq	1	32.0 - 46.0	TCGA-BRCA	60aa830b-f883-4c6c-afbf-f19881bb703c	released	9ccd787f-fde1-4fe6-a11f-d6203eaf9faf_star__counts	https://github.com/NCI-GDC/gdc-rnaseq-cwl/blob/5d8c131bbff59fb0c969217fc1d44e6d1503cd1f/rnaseq-star-align/star2pass.rnaseq_harmonization.cwl	STAR - Counts	5d8c131bbff59fb0c969217fc1d44e6d1503cd1f	Primary Tumor	NA	TCGA-B6-A408	TCGA-B6-A408-01A
1a4e1855-911d-4eb4-bc77-547bc3b8e063	TSV	TCGA-PL-A8LY-01A-11R-A41B-07	open	ce76e826-0792-4dec-ace7-7efa3bb8db94.rna_seq.augmented_star_gene_counts.tsv	82e67df3-5300-4ceb-bc6a-4995719cd527	Transcriptome Profiling	gene_expression	Illumina	4232684	2021-12-13T21:49:09.876860-06:00	dea88e4fcab85a70ffa076924d5d703a	2024-07-30T09:20:42.272611-05:00	1a4e1855-911d-4eb4-bc77-547bc3b8e063	Gene Expression Quantification	released	RNA-Seq	1	32.0 - 46.0	TCGA-BRCA	511f5312-715e-468c-8bd7-8307a4eb4c0d	released	ce76e826-0792-4dec-ace7-7efa3bb8db94_star__counts	https://github.com/NCI-GDC/gdc-rnaseq-cwl/blob/5d8c131bbff59fb0c969217fc1d44e6d1503cd1f/rnaseq-star-align/star2pass.rnaseq_harmonization.cwl	STAR - Counts	5d8c131bbff59fb0c969217fc1d44e6d1503cd1f	Primary Tumor	NA	TCGA-PL-A8LY	TCGA-PL-A8LY-01A
04e03ae1-b2f3-446d-862d-172fea6320de	TSV	TCGA-A7-A0CE-01A-11R-A00Z-07	open	58b399a0-3070-44aa-9a40-f0e2c0fea0fc.rna_seq.augmented_star_gene_counts.tsv	342b3934-2de7-473b-a7f4-dae2be08b0e6	Transcriptome Profiling	gene_expression	Illumina	4245525	2021-12-13T22:02:43.089026-06:00	595a4c3f329ee1612c746f09ed07e137	2024-07-30T09:19:49.885002-05:00	04e03ae1-b2f3-446d-862d-172fea6320de	Gene Expression Quantification	released	RNA-Seq	1	32.0 - 46.0	TCGA-BRCA	66b9205b-84dc-43bf-8396-4a4e65116691	released	58b399a0-3070-44aa-9a40-f0e2c0fea0fc_star__counts	https://github.com/NCI-GDC/gdc-rnaseq-cwl/blob/5d8c131bbff59fb0c969217fc1d44e6d1503cd1f/rnaseq-star-align/star2pass.rnaseq_harmonization.cwl	STAR - Counts	5d8c131bbff59fb0c969217fc1d44e6d1503cd1f	Primary Tumor	NA	TCGA-A7-A0CE	TCGA-A7-A0CE-01A
f43b97fd-8953-4a5e-bafb-eb572145abe3	TSV	TCGA-AC-A6IX-01A-12R-A32P-07	open	866770c0-c4f1-4ed3-aa96-7ff4f7328323.rna_seq.augmented_star_gene_counts.tsv	71473ca0-104c-42fa-9309-6bdad3f5e739	Transcriptome Profiling	gene_expression	Illumina	4249422	2021-12-13T22:34:16.571827-06:00	427818069c76bf1d9581e75ab52f6012	2024-07-30T09:43:00.033030-05:00	f43b97fd-8953-4a5e-bafb-eb572145abe3	Gene Expression Quantification	released	RNA-Seq	1	32.0 - 46.0	TCGA-BRCA	f2bd47f9-781c-4be4-8978-73036ccd149b	released	866770c0-c4f1-4ed3-aa96-7ff4f7328323_star__counts	https://github.com/NCI-GDC/gdc-rnaseq-cwl/blob/5d8c131bbff59fb0c969217fc1d44e6d1503cd1f/rnaseq-star-align/star2pass.rnaseq_harmonization.cwl	STAR - Counts	5d8c131bbff59fb0c969217fc1d44e6d1503cd1f	Primary Tumor	NA	TCGA-AC-A6IX	TCGA-AC-A6IX-01A
452e9e11-5545-4e7a-abfb-2486e70206bd	TSV	TCGA-AR-A24W-01A-11R-A169-07	open	f9203ebe-d6c3-423b-ad65-28db38612f89.rna_seq.augmented_star_gene_counts.tsv	09a2fb7e-2d4a-4dc9-8169-52b6c2e85ad8	Transcriptome Profiling	gene_expression	Illumina	4248394	2021-12-13T22:37:02.803997-06:00	cf9dd4e969dd0b04161b41a1be7bdd1f	2024-07-30T09:22:42.629502-05:00	452e9e11-5545-4e7a-abfb-2486e70206bd	Gene Expression Quantification	released	RNA-Seq	1	32.0 - 46.0	TCGA-BRCA	620cb565-4827-41ed-af43-de4a723a4bf1	released	f9203ebe-d6c3-423b-ad65-28db38612f89_star__counts	https://github.com/NCI-GDC/gdc-rnaseq-cwl/blob/5d8c131bbff59fb0c969217fc1d44e6d1503cd1f/rnaseq-star-align/star2pass.rnaseq_harmonization.cwl	STAR - Counts	5d8c131bbff59fb0c969217fc1d44e6d1503cd1f	Primary Tumor	NA	TCGA-AR-A24W	TCGA-AR-A24W-01A
040d00da-2bc9-49d4-bf6c-b4515b6a2bbf	TSV	TCGA-BH-A18V-11A-52R-A12D-07	open	d4f91697-1c39-4398-bf2f-85217a22ddff.rna_seq.augmented_star_gene_counts.tsv	2671bc24-4536-4cf0-88d9-b6b6e7ebb6bf	Transcriptome Profiling	gene_expression	Illumina	4241540	2021-12-13T21:55:56.301920-06:00	6dcbb58195ba2563da2c63430cf3d018	2024-07-30T09:26:42.066467-05:00	040d00da-2bc9-49d4-bf6c-b4515b6a2bbf	Gene Expression Quantification	released	RNA-Seq	1	32.0 - 46.0	TCGA-BRCA	1d56aebc-e880-4366-b740-7721aef991db	released	d4f91697-1c39-4398-bf2f-85217a22ddff_star__counts	https://github.com/NCI-GDC/gdc-rnaseq-cwl/blob/5d8c131bbff59fb0c969217fc1d44e6d1503cd1f/rnaseq-star-align/star2pass.rnaseq_harmonization.cwl	STAR - Counts	5d8c131bbff59fb0c969217fc1d44e6d1503cd1f	Solid Tissue Normal	NA	TCGA-BH-A18V	TCGA-BH-A18V-11A
15d7e135-acb7-46ef-a8b1-f424e40a9e4d	TSV	TCGA-AN-A0FS-01A-11R-A034-07	open	e20191d9-fddf-47a3-9ff9-d4a36af7d762.rna_seq.augmented_star_gene_counts.tsv	cc47c9aa-e67b-4c37-9b6d-61ba56a414db	Transcriptome Profiling	gene_expression	Illumina	4256006	2021-12-13T21:53:29.965824-06:00	f299f4a6471109cdc2f8f733f853c401	2024-07-30T09:26:39.635838-05:00	15d7e135-acb7-46ef-a8b1-f424e40a9e4d	Gene Expression Quantification	released	RNA-Seq	1	32.0 - 46.0	TCGA-BRCA	337ad890-b361-41d2-bd23-99ca1f76caec	released	e20191d9-fddf-47a3-9ff9-d4a36af7d762_star__counts	https://github.com/NCI-GDC/gdc-rnaseq-cwl/blob/5d8c131bbff59fb0c969217fc1d44e6d1503cd1f/rnaseq-star-align/star2pass.rnaseq_harmonization.cwl	STAR - Counts	5d8c131bbff59fb0c969217fc1d44e6d1503cd1f	Primary Tumor	NA	TCGA-AN-A0FS	TCGA-AN-A0FS-01A
5a827399-307b-412b-a2ce-f6c81d2750a6	TSV	TCGA-AR-A0TY-01A-12R-A115-07	open	af58b506-df1d-4221-964d-76dbade6ab85.rna_seq.augmented_star_gene_counts.tsv	cc6faa04-b981-4b8f-a6df-62463d3c1400	Transcriptome Profiling	gene_expression	Illumina	4243386	2021-12-13T22:27:58.912466-06:00	257a83bd145e0b63ae42066dbddba90b	2024-07-30T09:57:38.854697-05:00	5a827399-307b-412b-a2ce-f6c81d2750a6	Gene Expression Quantification	released	RNA-Seq	1	32.0 - 46.0	TCGA-BRCA	0af6232a-5698-4bfd-8356-ca707c80f2d5	released	af58b506-df1d-4221-964d-76dbade6ab85_star__counts	https://github.com/NCI-GDC/gdc-rnaseq-cwl/blob/5d8c131bbff59fb0c969217fc1d44e6d1503cd1f/rnaseq-star-align/star2pass.rnaseq_harmonization.cwl	STAR - Counts	5d8c131bbff59fb0c969217fc1d44e6d1503cd1f	Primary Tumor	NA	TCGA-AR-A0TY	TCGA-AR-A0TY-01A
cd2dcf58-da3a-4070-b42f-07d0102a342e	TSV	TCGA-EW-A1PG-01A-11R-A144-07	open	24eddfec-08a0-48fa-bef3-a4b9bd740170.rna_seq.augmented_star_gene_counts.tsv	3946efa9-b1ed-45e9-b3bb-0568bce5a8cb	Transcriptome Profiling	gene_expression	Illumina	4229596	2021-12-13T21:44:57.832835-06:00	4aea54648eaa2f4e02359e1af1c33d84	2024-07-30T09:35:36.246263-05:00	cd2dcf58-da3a-4070-b42f-07d0102a342e	Gene Expression Quantification	released	RNA-Seq	1	32.0 - 46.0	TCGA-BRCA	2a6a7b3c-a669-4308-8a82-06d63209b3c8	released	24eddfec-08a0-48fa-bef3-a4b9bd740170_star__counts	https://github.com/NCI-GDC/gdc-rnaseq-cwl/blob/5d8c131bbff59fb0c969217fc1d44e6d1503cd1f/rnaseq-star-align/star2pass.rnaseq_harmonization.cwl	STAR - Counts	5d8c131bbff59fb0c969217fc1d44e6d1503cd1f	Primary Tumor	NA	TCGA-EW-A1PG	TCGA-EW-A1PG-01A
0b4cae8e-1a2c-4ba9-b126-5abf35f73b36	TSV	TCGA-A7-A3J0-01A-11R-A213-07	open	d38b6aba-7bfd-43f0-98f7-f669323e6da1.rna_seq.augmented_star_gene_counts.tsv	8d85ce26-8d17-44eb-9d7b-19e3de4702be	Transcriptome Profiling	gene_expression	Illumina	4253661	2021-12-13T22:25:56.995105-06:00	958b8895d03085567df6395f969d1eb4	2024-07-30T09:45:55.638844-05:00	0b4cae8e-1a2c-4ba9-b126-5abf35f73b36	Gene Expression Quantification	released	RNA-Seq	1	32.0 - 46.0	TCGA-BRCA	f860cb7f-37c7-4795-ab86-b3a1bb423bc8	released	d38b6aba-7bfd-43f0-98f7-f669323e6da1_star__counts	https://github.com/NCI-GDC/gdc-rnaseq-cwl/blob/5d8c131bbff59fb0c969217fc1d44e6d1503cd1f/rnaseq-star-align/star2pass.rnaseq_harmonization.cwl	STAR - Counts	5d8c131bbff59fb0c969217fc1d44e6d1503cd1f	Primary Tumor	NA	TCGA-A7-A3J0	TCGA-A7-A3J0-01A
57a43ef5-102a-4cd9-833d-00a2daf4e56a	TSV	TCGA-E2-A1BD-01A-11R-A12P-07	open	ac175796-57dc-4de1-b6a2-eb71416e4c47.rna_seq.augmented_star_gene_counts.tsv	6f7a204c-23c8-4f0a-a7de-174b830eb73a	Transcriptome Profiling	gene_expression	Illumina	4256540	2021-12-13T22:37:29.913101-06:00	d2ae95219b562ff5fbb63e4b1826db1b	2024-07-30T09:31:44.896823-05:00	57a43ef5-102a-4cd9-833d-00a2daf4e56a	Gene Expression Quantification	released	RNA-Seq	1	32.0 - 46.0	TCGA-BRCA	fb5cdea3-98fd-4a02-8913-1390a927e731	released	ac175796-57dc-4de1-b6a2-eb71416e4c47_star__counts	https://github.com/NCI-GDC/gdc-rnaseq-cwl/blob/5d8c131bbff59fb0c969217fc1d44e6d1503cd1f/rnaseq-star-align/star2pass.rnaseq_harmonization.cwl	STAR - Counts	5d8c131bbff59fb0c969217fc1d44e6d1503cd1f	Primary Tumor	NA	TCGA-E2-A1BD	TCGA-E2-A1BD-01A
fecd341d-a370-4092-be40-e07fc44500e5	TSV	TCGA-OL-A5D8-01A-11R-A27Q-07	open	fe00aecb-7b06-4e76-b999-99ee41ad20ea.rna_seq.augmented_star_gene_counts.tsv	f70abf82-cebc-4aea-b4cd-cdb077b641a6	Transcriptome Profiling	gene_expression	Illumina	4243672	2021-12-13T22:26:58.585844-06:00	2097e93dcd89252b32691a31397d39ce	2024-07-30T10:09:13.776496-05:00	fecd341d-a370-4092-be40-e07fc44500e5	Gene Expression Quantification	released	RNA-Seq	1	32.0 - 46.0	TCGA-BRCA	8f17e395-b64a-469d-a481-6530bab4b6f2	released	fe00aecb-7b06-4e76-b999-99ee41ad20ea_star__counts	https://github.com/NCI-GDC/gdc-rnaseq-cwl/blob/5d8c131bbff59fb0c969217fc1d44e6d1503cd1f/rnaseq-star-align/star2pass.rnaseq_harmonization.cwl	STAR - Counts	5d8c131bbff59fb0c969217fc1d44e6d1503cd1f	Primary Tumor	NA	TCGA-OL-A5D8	TCGA-OL-A5D8-01A
c7aeba7e-b78e-4586-a4dd-8a04cc440737	TSV	TCGA-BH-A18Q-01A-12R-A12D-07	open	f48956a3-c821-429f-b1ad-a27133d739bd.rna_seq.augmented_star_gene_counts.tsv	dc622a2b-3329-41ab-9449-2f8edade5ae2	Transcriptome Profiling	gene_expression	Illumina	4246073	2021-12-13T22:08:44.119113-06:00	c1eec3dc00fe57bc150f50f811eb73f2	2024-07-30T09:19:08.887211-05:00	c7aeba7e-b78e-4586-a4dd-8a04cc440737	Gene Expression Quantification	released	RNA-Seq	1	32.0 - 46.0	TCGA-BRCA	69defb33-e9c5-48f9-8d2c-b252b8039372	released	f48956a3-c821-429f-b1ad-a27133d739bd_star__counts	https://github.com/NCI-GDC/gdc-rnaseq-cwl/blob/5d8c131bbff59fb0c969217fc1d44e6d1503cd1f/rnaseq-star-align/star2pass.rnaseq_harmonization.cwl	STAR - Counts	5d8c131bbff59fb0c969217fc1d44e6d1503cd1f	Primary Tumor	NA	TCGA-BH-A18Q	TCGA-BH-A18Q-01A
336f0e3e-878e-4ee8-b2aa-cc536f3432f3	TSV	TCGA-BH-A18Q-11A-34R-A12D-07	open	0a950719-ca7a-4dbf-8755-262cabf3d4b7.rna_seq.augmented_star_gene_counts.tsv	54aeffd1-cb94-4274-83a4-488fe18207a4	Transcriptome Profiling	gene_expression	Illumina	4261615	2021-12-13T21:54:35.663902-06:00	e06e1d24ed19e04ae1d43afb3222f6bd	2024-07-30T09:41:27.633492-05:00	336f0e3e-878e-4ee8-b2aa-cc536f3432f3	Gene Expression Quantification	released	RNA-Seq	1	32.0 - 46.0	TCGA-BRCA	eb5a6b0a-fa1e-47cb-b867-c37a295abc45	released	0a950719-ca7a-4dbf-8755-262cabf3d4b7_star__counts	https://github.com/NCI-GDC/gdc-rnaseq-cwl/blob/5d8c131bbff59fb0c969217fc1d44e6d1503cd1f/rnaseq-star-align/star2pass.rnaseq_harmonization.cwl	STAR - Counts	5d8c131bbff59fb0c969217fc1d44e6d1503cd1f	Solid Tissue Normal	NA	TCGA-BH-A18Q	TCGA-BH-A18Q-11A
03891509-3109-450d-8564-77b024a6128e	TSV	TCGA-E2-A10E-01A-21R-A10J-07	open	75668632-f0c7-495b-ba34-cd4b00aa9450.rna_seq.augmented_star_gene_counts.tsv	2915485e-973a-48cc-9a1c-58e1829a2ada	Transcriptome Profiling	gene_expression	Illumina	4249531	2021-12-13T22:19:28.723328-06:00	ed90acdacf8a0d3bf52f6053adb8d375	2024-07-30T09:36:02.218061-05:00	03891509-3109-450d-8564-77b024a6128e	Gene Expression Quantification	released	RNA-Seq	1	32.0 - 46.0	TCGA-BRCA	bc908da1-7fe7-4fb5-8edf-fb33e9d567c7	released	75668632-f0c7-495b-ba34-cd4b00aa9450_star__counts	https://github.com/NCI-GDC/gdc-rnaseq-cwl/blob/5d8c131bbff59fb0c969217fc1d44e6d1503cd1f/rnaseq-star-align/star2pass.rnaseq_harmonization.cwl	STAR - Counts	5d8c131bbff59fb0c969217fc1d44e6d1503cd1f	Primary Tumor	NA	TCGA-E2-A10E	TCGA-E2-A10E-01A
30ff778c-844b-4140-9025-7ab1938f10a9	TSV	TCGA-A8-A08H-01A-21R-A00Z-07	open	5167da8c-2b1c-4139-a2c4-355e9f07d0be.rna_seq.augmented_star_gene_counts.tsv	7c7193d8-7503-4006-8de8-dc6b454b5847	Transcriptome Profiling	gene_expression	Illumina	4236362	2021-12-13T22:14:43.068284-06:00	072e46120c7198706ab93dab0b9926d0	2024-07-30T09:55:12.504680-05:00	30ff778c-844b-4140-9025-7ab1938f10a9	Gene Expression Quantification	released	RNA-Seq	1	32.0 - 46.0	TCGA-BRCA	721526c5-f2ce-4403-92cd-57cd425b1fd0	released	5167da8c-2b1c-4139-a2c4-355e9f07d0be_star__counts	https://github.com/NCI-GDC/gdc-rnaseq-cwl/blob/5d8c131bbff59fb0c969217fc1d44e6d1503cd1f/rnaseq-star-align/star2pass.rnaseq_harmonization.cwl	STAR - Counts	5d8c131bbff59fb0c969217fc1d44e6d1503cd1f	Primary Tumor	NA	TCGA-A8-A08H	TCGA-A8-A08H-01A
c9230a1c-9844-43ef-a2c3-95ea6061000b	TSV	TCGA-BH-A0DD-11A-23R-A12P-07	open	2a612640-5c9e-42b2-ac52-02a44b46d429.rna_seq.augmented_star_gene_counts.tsv	bd39c0dc-08df-4f96-96c0-fe641977cf5d	Transcriptome Profiling	gene_expression	Illumina	4233641	2021-12-13T22:02:02.095686-06:00	3eb4af822129d6ec377251972fd98822	2024-07-30T09:52:47.970052-05:00	c9230a1c-9844-43ef-a2c3-95ea6061000b	Gene Expression Quantification	released	RNA-Seq	1	32.0 - 46.0	TCGA-BRCA	4e7bee9d-f689-4576-9b1d-a648278f34d0	released	2a612640-5c9e-42b2-ac52-02a44b46d429_star__counts	https://github.com/NCI-GDC/gdc-rnaseq-cwl/blob/5d8c131bbff59fb0c969217fc1d44e6d1503cd1f/rnaseq-star-align/star2pass.rnaseq_harmonization.cwl	STAR - Counts	5d8c131bbff59fb0c969217fc1d44e6d1503cd1f	Solid Tissue Normal	NA	TCGA-BH-A0DD	TCGA-BH-A0DD-11A
0d669e80-cb31-4afb-bd3f-07d69f10eb3f	TSV	TCGA-C8-A1HG-01A-11R-A137-07	open	27f20469-cbf5-417f-922a-19cf9e8b790c.rna_seq.augmented_star_gene_counts.tsv	4e2434a5-3c6e-496b-bd82-cd0173acbeda	Transcriptome Profiling	gene_expression	Illumina	4220835	2021-12-13T21:43:38.341113-06:00	e2e38ef5c632760e3003a087d7ed7c28	2024-07-30T10:08:43.803412-05:00	0d669e80-cb31-4afb-bd3f-07d69f10eb3f	Gene Expression Quantification	released	RNA-Seq	1	32.0 - 46.0	TCGA-BRCA	75ceb75e-ebd9-438c-b8ba-963382e361e8	released	27f20469-cbf5-417f-922a-19cf9e8b790c_star__counts	https://github.com/NCI-GDC/gdc-rnaseq-cwl/blob/5d8c131bbff59fb0c969217fc1d44e6d1503cd1f/rnaseq-star-align/star2pass.rnaseq_harmonization.cwl	STAR - Counts	5d8c131bbff59fb0c969217fc1d44e6d1503cd1f	Primary Tumor	NA	TCGA-C8-A1HG	TCGA-C8-A1HG-01A
20110ed9-8b45-4a62-bd13-e0281915a06b	TSV	TCGA-D8-A1JS-01A-11R-A13Q-07	open	c6151c87-ab96-49c3-a250-b56211cd20e5.rna_seq.augmented_star_gene_counts.tsv	2484b5db-eadf-4861-b2e6-1b2a04bb1f86	Transcriptome Profiling	gene_expression	Illumina	4233155	2021-12-13T22:09:32.737064-06:00	5905c93cbad925eca01702c0fd39b322	2024-07-30T10:04:34.662748-05:00	20110ed9-8b45-4a62-bd13-e0281915a06b	Gene Expression Quantification	released	RNA-Seq	1	32.0 - 46.0	TCGA-BRCA	c314e318-97c7-4f96-b42a-1ac0c0b20b93	released	c6151c87-ab96-49c3-a250-b56211cd20e5_star__counts	https://github.com/NCI-GDC/gdc-rnaseq-cwl/blob/5d8c131bbff59fb0c969217fc1d44e6d1503cd1f/rnaseq-star-align/star2pass.rnaseq_harmonization.cwl	STAR - Counts	5d8c131bbff59fb0c969217fc1d44e6d1503cd1f	Primary Tumor	NA	TCGA-D8-A1JS	TCGA-D8-A1JS-01A
b5f2a171-35a3-4b7f-9221-199c589f3147	TSV	TCGA-E2-A15G-01A-11R-A12D-07	open	6d1979a2-956e-42d3-a192-01d872e36d22.rna_seq.augmented_star_gene_counts.tsv	1773ac25-300c-41e7-b817-1b646a60cf78	Transcriptome Profiling	gene_expression	Illumina	4242327	2021-12-13T22:35:42.410663-06:00	d060bc8e03f83d0c3ef3bdab4e05e085	2024-07-30T09:53:34.996915-05:00	b5f2a171-35a3-4b7f-9221-199c589f3147	Gene Expression Quantification	released	RNA-Seq	1	32.0 - 46.0	TCGA-BRCA	f3bbcd54-872e-4ed8-a3d0-1594fa55d7bf	released	6d1979a2-956e-42d3-a192-01d872e36d22_star__counts	https://github.com/NCI-GDC/gdc-rnaseq-cwl/blob/5d8c131bbff59fb0c969217fc1d44e6d1503cd1f/rnaseq-star-align/star2pass.rnaseq_harmonization.cwl	STAR - Counts	5d8c131bbff59fb0c969217fc1d44e6d1503cd1f	Primary Tumor	NA	TCGA-E2-A15G	TCGA-E2-A15G-01A
3a0c96d3-4cea-44a3-99e5-71622279700f	TSV	TCGA-BH-A0HW-01A-11R-A034-07	open	1bc678a3-1850-4ab6-874b-d68992fddc7b.rna_seq.augmented_star_gene_counts.tsv	03233071-6e35-411b-9a20-649167856a11	Transcriptome Profiling	gene_expression	Illumina	4247488	2021-12-13T21:45:20.701055-06:00	e1050cfa182f26170b0acf2e5c6ce7f1	2024-07-30T09:40:40.879306-05:00	3a0c96d3-4cea-44a3-99e5-71622279700f	Gene Expression Quantification	released	RNA-Seq	1	32.0 - 46.0	TCGA-BRCA	765613ef-cf14-415b-86f4-5821bd704602	released	1bc678a3-1850-4ab6-874b-d68992fddc7b_star__counts	https://github.com/NCI-GDC/gdc-rnaseq-cwl/blob/5d8c131bbff59fb0c969217fc1d44e6d1503cd1f/rnaseq-star-align/star2pass.rnaseq_harmonization.cwl	STAR - Counts	5d8c131bbff59fb0c969217fc1d44e6d1503cd1f	Primary Tumor	NA	TCGA-BH-A0HW	TCGA-BH-A0HW-01A
d721071e-6c0e-46df-9158-1fe37a64f1ed	TSV	TCGA-A2-A25E-01A-11R-A169-07	open	a78e7939-a1ea-4b9d-ae55-3c1dc985bbd8.rna_seq.augmented_star_gene_counts.tsv	5b4cb210-00df-4b50-8cff-8cf249c98378	Transcriptome Profiling	gene_expression	Illumina	4246513	2021-12-13T22:12:01.535320-06:00	5bcdbae19f886f4deea378e5c12cbc05	2024-07-30T10:05:08.724686-05:00	d721071e-6c0e-46df-9158-1fe37a64f1ed	Gene Expression Quantification	released	RNA-Seq	1	32.0 - 46.0	TCGA-BRCA	999711e9-a475-4bd6-b574-d0566a4c6b00	released	a78e7939-a1ea-4b9d-ae55-3c1dc985bbd8_star__counts	https://github.com/NCI-GDC/gdc-rnaseq-cwl/blob/5d8c131bbff59fb0c969217fc1d44e6d1503cd1f/rnaseq-star-align/star2pass.rnaseq_harmonization.cwl	STAR - Counts	5d8c131bbff59fb0c969217fc1d44e6d1503cd1f	Primary Tumor	NA	TCGA-A2-A25E	TCGA-A2-A25E-01A
c4241ab5-95b7-4870-aaed-55541756c42f	TSV	TCGA-A8-A08C-01A-11R-A00Z-07	open	a2b214c2-a5d4-4ce6-b505-e1438027236d.rna_seq.augmented_star_gene_counts.tsv	c867e169-a785-4077-a4da-64f31c463313	Transcriptome Profiling	gene_expression	Illumina	4242278	2021-12-13T22:08:14.814631-06:00	e0a6ac72aa47e0bfb3ec2a44db045517	2024-07-30T09:52:13.610320-05:00	c4241ab5-95b7-4870-aaed-55541756c42f	Gene Expression Quantification	released	RNA-Seq	1	32.0 - 46.0	TCGA-BRCA	90715203-6f10-4c54-86dc-3b9b99e82af8	released	a2b214c2-a5d4-4ce6-b505-e1438027236d_star__counts	https://github.com/NCI-GDC/gdc-rnaseq-cwl/blob/5d8c131bbff59fb0c969217fc1d44e6d1503cd1f/rnaseq-star-align/star2pass.rnaseq_harmonization.cwl	STAR - Counts	5d8c131bbff59fb0c969217fc1d44e6d1503cd1f	Primary Tumor	NA	TCGA-A8-A08C	TCGA-A8-A08C-01A
fd4bd1de-fc4a-42bc-aca5-5ac16ec14118	TSV	TCGA-A2-A25C-01A-11R-A169-07	open	8634f872-177a-481f-ba51-62864c569001.rna_seq.augmented_star_gene_counts.tsv	a43edd77-5aed-433a-bacb-d50697525cc6	Transcriptome Profiling	gene_expression	Illumina	4262464	2021-12-13T22:40:35.321224-06:00	fd27050be968e7a9d94f846389092f67	2024-07-30T10:08:56.983035-05:00	fd4bd1de-fc4a-42bc-aca5-5ac16ec14118	Gene Expression Quantification	released	RNA-Seq	1	32.0 - 46.0	TCGA-BRCA	47cac661-edc4-4bdd-8006-6b52c0980343	released	8634f872-177a-481f-ba51-62864c569001_star__counts	https://github.com/NCI-GDC/gdc-rnaseq-cwl/blob/5d8c131bbff59fb0c969217fc1d44e6d1503cd1f/rnaseq-star-align/star2pass.rnaseq_harmonization.cwl	STAR - Counts	5d8c131bbff59fb0c969217fc1d44e6d1503cd1f	Primary Tumor	NA	TCGA-A2-A25C	TCGA-A2-A25C-01A
a7091211-3bf5-4d3b-8625-57281bc0cd56	TSV	TCGA-UU-A93S-01A-21R-A41B-07	open	bf121f27-c765-4f64-8a9f-73c30427217b.rna_seq.augmented_star_gene_counts.tsv	576cb7f0-5007-4e4b-ac18-7ca215b1efdd	Transcriptome Profiling	gene_expression	Illumina	4213875	2021-12-13T22:17:11.044635-06:00	efa20a1fbc82dd968f7e73ccfa927bd7	2024-07-30T10:02:56.655771-05:00	a7091211-3bf5-4d3b-8625-57281bc0cd56	Gene Expression Quantification	released	RNA-Seq	1	32.0 - 46.0	TCGA-BRCA	1855ef1a-ebd0-4dee-a093-c842a62f7ebb	released	bf121f27-c765-4f64-8a9f-73c30427217b_star__counts	https://github.com/NCI-GDC/gdc-rnaseq-cwl/blob/5d8c131bbff59fb0c969217fc1d44e6d1503cd1f/rnaseq-star-align/star2pass.rnaseq_harmonization.cwl	STAR - Counts	5d8c131bbff59fb0c969217fc1d44e6d1503cd1f	Primary Tumor	NA	TCGA-UU-A93S	TCGA-UU-A93S-01A
7000e222-556a-4548-9542-9337ba70f79c	TSV	TCGA-BH-A0C3-11A-23R-A12P-07	open	5d282b59-c7dc-4f08-ad05-b5eae4bd8e94.rna_seq.augmented_star_gene_counts.tsv	39e0041e-c759-4457-b44d-8194bdc0d6a7	Transcriptome Profiling	gene_expression	Illumina	4250737	2021-12-13T21:54:02.025030-06:00	8019aac098fb5ec7d61298d6c62c96c4	2024-07-30T09:43:11.328471-05:00	7000e222-556a-4548-9542-9337ba70f79c	Gene Expression Quantification	released	RNA-Seq	1	32.0 - 46.0	TCGA-BRCA	acd03b1c-0bee-42b1-b210-058cb75d4fb1	released	5d282b59-c7dc-4f08-ad05-b5eae4bd8e94_star__counts	https://github.com/NCI-GDC/gdc-rnaseq-cwl/blob/5d8c131bbff59fb0c969217fc1d44e6d1503cd1f/rnaseq-star-align/star2pass.rnaseq_harmonization.cwl	STAR - Counts	5d8c131bbff59fb0c969217fc1d44e6d1503cd1f	Solid Tissue Normal	NA	TCGA-BH-A0C3	TCGA-BH-A0C3-11A
7789d241-991c-4cc9-a557-69d5c439b930	TSV	TCGA-BH-A0WA-01A-11R-A109-07	open	24edd191-20a1-4887-951a-3f0a753d43f8.rna_seq.augmented_star_gene_counts.tsv	c5d98358-65ff-4b23-b1b7-e48cccad51f1	Transcriptome Profiling	gene_expression	Illumina	4247062	2021-12-13T22:28:46.789304-06:00	8f7631f85d417d7bd602d33ecc0f2d8d	2024-07-30T09:19:58.353635-05:00	7789d241-991c-4cc9-a557-69d5c439b930	Gene Expression Quantification	released	RNA-Seq	1	32.0 - 46.0	TCGA-BRCA	a915f8f2-124b-4444-ba13-b2bfc5a23eb8	released	24edd191-20a1-4887-951a-3f0a753d43f8_star__counts	https://github.com/NCI-GDC/gdc-rnaseq-cwl/blob/5d8c131bbff59fb0c969217fc1d44e6d1503cd1f/rnaseq-star-align/star2pass.rnaseq_harmonization.cwl	STAR - Counts	5d8c131bbff59fb0c969217fc1d44e6d1503cd1f	Primary Tumor	NA	TCGA-BH-A0WA	TCGA-BH-A0WA-01A
bb1ee078-38d1-4e5d-af50-50754fce7112	TSV	TCGA-BH-A6R9-01A-21R-A32P-07	open	2553a422-8136-4fb9-95af-3ffafff2d223.rna_seq.augmented_star_gene_counts.tsv	707ebd23-f731-45c3-b8d9-8a22cca36e1e	Transcriptome Profiling	gene_expression	Illumina	4237626	2021-12-13T21:50:33.031724-06:00	642c9d086395fa42c92f0c232fc662b1	2024-07-30T09:41:54.578459-05:00	bb1ee078-38d1-4e5d-af50-50754fce7112	Gene Expression Quantification	released	RNA-Seq	1	32.0 - 46.0	TCGA-BRCA	a81a214d-771c-43c6-ba4f-1472d6638c5c	released	2553a422-8136-4fb9-95af-3ffafff2d223_star__counts	https://github.com/NCI-GDC/gdc-rnaseq-cwl/blob/5d8c131bbff59fb0c969217fc1d44e6d1503cd1f/rnaseq-star-align/star2pass.rnaseq_harmonization.cwl	STAR - Counts	5d8c131bbff59fb0c969217fc1d44e6d1503cd1f	Primary Tumor	NA	TCGA-BH-A6R9	TCGA-BH-A6R9-01A
7140b89b-50b6-42ed-a69d-1cbc7901d530	TSV	TCGA-GM-A2DN-01A-11R-A180-07	open	071e21e7-a494-4d87-ab48-1cb334e0d992.rna_seq.augmented_star_gene_counts.tsv	5efe49ac-4cd8-47e2-89fb-3020c0548790	Transcriptome Profiling	gene_expression	Illumina	4243780	2021-12-13T22:10:29.106893-06:00	c3615bbd56274c9a54663ca969044d47	2024-07-30T09:56:12.328377-05:00	7140b89b-50b6-42ed-a69d-1cbc7901d530	Gene Expression Quantification	released	RNA-Seq	1	32.0 - 46.0	TCGA-BRCA	8b6bc47b-bda9-4278-82de-3c98eb1bba61	released	071e21e7-a494-4d87-ab48-1cb334e0d992_star__counts	https://github.com/NCI-GDC/gdc-rnaseq-cwl/blob/5d8c131bbff59fb0c969217fc1d44e6d1503cd1f/rnaseq-star-align/star2pass.rnaseq_harmonization.cwl	STAR - Counts	5d8c131bbff59fb0c969217fc1d44e6d1503cd1f	Primary Tumor	NA	TCGA-GM-A2DN	TCGA-GM-A2DN-01A
d3badb09-df1e-488e-ade9-97f1925b5649	TSV	TCGA-C8-A12L-01A-11R-A115-07	open	aae57dd0-eae8-48b0-855f-2cd17c9f524d.rna_seq.augmented_star_gene_counts.tsv	65841034-8179-4284-9501-e62a051f3b79	Transcriptome Profiling	gene_expression	Illumina	4238663	2021-12-13T22:17:56.625371-06:00	100f436185c4dc19c775643c055f8cbc	2024-07-30T09:55:55.198164-05:00	d3badb09-df1e-488e-ade9-97f1925b5649	Gene Expression Quantification	released	RNA-Seq	1	32.0 - 46.0	TCGA-BRCA	cd1996dd-6bfa-4d04-ad07-2d0394bc6486	released	aae57dd0-eae8-48b0-855f-2cd17c9f524d_star__counts	https://github.com/NCI-GDC/gdc-rnaseq-cwl/blob/5d8c131bbff59fb0c969217fc1d44e6d1503cd1f/rnaseq-star-align/star2pass.rnaseq_harmonization.cwl	STAR - Counts	5d8c131bbff59fb0c969217fc1d44e6d1503cd1f	Primary Tumor	NA	TCGA-C8-A12L	TCGA-C8-A12L-01A
f69ca0e5-201f-4066-81a5-c5b9c8a5012c	TSV	TCGA-AR-A1AN-01A-11R-A12P-07	open	23b39087-8003-4e5b-a1f8-b50b0919bcca.rna_seq.augmented_star_gene_counts.tsv	7328605d-6b08-42d5-8e28-f94702170a6b	Transcriptome Profiling	gene_expression	Illumina	4240425	2021-12-13T22:42:24.048663-06:00	e984b12705a2619fe0cb1db8dc701e84	2024-07-30T09:56:01.062498-05:00	f69ca0e5-201f-4066-81a5-c5b9c8a5012c	Gene Expression Quantification	released	RNA-Seq	1	32.0 - 46.0	TCGA-BRCA	7a31f5f9-b068-4cde-8c13-0c1f52c572b9	released	23b39087-8003-4e5b-a1f8-b50b0919bcca_star__counts	https://github.com/NCI-GDC/gdc-rnaseq-cwl/blob/5d8c131bbff59fb0c969217fc1d44e6d1503cd1f/rnaseq-star-align/star2pass.rnaseq_harmonization.cwl	STAR - Counts	5d8c131bbff59fb0c969217fc1d44e6d1503cd1f	Primary Tumor	NA	TCGA-AR-A1AN	TCGA-AR-A1AN-01A
0e89f9f0-419f-46e7-981d-781a1302e4be	TSV	TCGA-BH-A18S-11A-43R-A12D-07	open	98f19a00-fd01-46b1-a75d-f66522ebde2d.rna_seq.augmented_star_gene_counts.tsv	ee0bf877-9a31-4647-b001-143a4730bd72	Transcriptome Profiling	gene_expression	Illumina	4240405	2021-12-13T22:37:00.066596-06:00	b83d212b0ea13e7675ef9d9cd1833343	2024-07-30T09:54:51.930379-05:00	0e89f9f0-419f-46e7-981d-781a1302e4be	Gene Expression Quantification	released	RNA-Seq	1	32.0 - 46.0	TCGA-BRCA	13ae4aac-4006-4eee-95c4-a9bdb1238ee8	released	98f19a00-fd01-46b1-a75d-f66522ebde2d_star__counts	https://github.com/NCI-GDC/gdc-rnaseq-cwl/blob/5d8c131bbff59fb0c969217fc1d44e6d1503cd1f/rnaseq-star-align/star2pass.rnaseq_harmonization.cwl	STAR - Counts	5d8c131bbff59fb0c969217fc1d44e6d1503cd1f	Solid Tissue Normal	NA	TCGA-BH-A18S	TCGA-BH-A18S-11A
cee1efda-644b-4cee-aad2-d7f5ca93cdec	TSV	TCGA-A8-A08O-01A-21R-A056-07	open	1924888b-3b46-4079-a403-d758975a37bd.rna_seq.augmented_star_gene_counts.tsv	cec6b4e1-1b33-48c4-9c99-3071b878cf77	Transcriptome Profiling	gene_expression	Illumina	4239476	2021-12-13T22:39:30.810275-06:00	abe3689537e815e994dd8e7d608de55a	2024-07-30T09:33:06.619241-05:00	cee1efda-644b-4cee-aad2-d7f5ca93cdec	Gene Expression Quantification	released	RNA-Seq	1	32.0 - 46.0	TCGA-BRCA	f0d07b18-9fe0-4720-854c-abd17e95eab0	released	1924888b-3b46-4079-a403-d758975a37bd_star__counts	https://github.com/NCI-GDC/gdc-rnaseq-cwl/blob/5d8c131bbff59fb0c969217fc1d44e6d1503cd1f/rnaseq-star-align/star2pass.rnaseq_harmonization.cwl	STAR - Counts	5d8c131bbff59fb0c969217fc1d44e6d1503cd1f	Primary Tumor	NA	TCGA-A8-A08O	TCGA-A8-A08O-01A
ea5c9d47-1803-4bd5-88da-352e172bc45d	TSV	TCGA-AQ-A54N-01A-11R-A266-07	open	7c3fbd41-7360-49e2-9c5e-9570dd24fcac.rna_seq.augmented_star_gene_counts.tsv	e43321c1-0c45-4041-b21e-910bc25a98c8	Transcriptome Profiling	gene_expression	Illumina	4219996	2021-12-13T22:05:42.342645-06:00	128fd72af8ff8fc4da35b14555590d4c	2024-07-30T09:22:17.545657-05:00	ea5c9d47-1803-4bd5-88da-352e172bc45d	Gene Expression Quantification	released	RNA-Seq	1	32.0 - 46.0	TCGA-BRCA	02e1d44c-6577-4f63-9d70-67dcd0184346	released	7c3fbd41-7360-49e2-9c5e-9570dd24fcac_star__counts	https://github.com/NCI-GDC/gdc-rnaseq-cwl/blob/5d8c131bbff59fb0c969217fc1d44e6d1503cd1f/rnaseq-star-align/star2pass.rnaseq_harmonization.cwl	STAR - Counts	5d8c131bbff59fb0c969217fc1d44e6d1503cd1f	Primary Tumor	NA	TCGA-AQ-A54N	TCGA-AQ-A54N-01A
819746a4-f2c1-4fc2-8dbe-b9c34892d510	TSV	TCGA-A8-A09W-01A-11R-A00Z-07	open	5a3c544e-069c-4d6b-b7b7-0f41ff71dee2.rna_seq.augmented_star_gene_counts.tsv	3fcf8ca9-b2f4-4a94-862b-44094c69e975	Transcriptome Profiling	gene_expression	Illumina	4229985	2021-12-13T22:35:22.457432-06:00	22f5388d9626feb727548568de91d610	2024-07-30T09:39:03.893168-05:00	819746a4-f2c1-4fc2-8dbe-b9c34892d510	Gene Expression Quantification	released	RNA-Seq	1	32.0 - 46.0	TCGA-BRCA	d2a2a3fb-4fee-4e0b-b297-8874ebcad7e2	released	5a3c544e-069c-4d6b-b7b7-0f41ff71dee2_star__counts	https://github.com/NCI-GDC/gdc-rnaseq-cwl/blob/5d8c131bbff59fb0c969217fc1d44e6d1503cd1f/rnaseq-star-align/star2pass.rnaseq_harmonization.cwl	STAR - Counts	5d8c131bbff59fb0c969217fc1d44e6d1503cd1f	Primary Tumor	NA	TCGA-A8-A09W	TCGA-A8-A09W-01A
017d71aa-0999-4d8e-9cb4-88b9013e61eb	TSV	TCGA-AR-A0TU-01A-31R-A109-07	open	c6683fc6-49f4-4e53-94ac-251799c2c638.rna_seq.augmented_star_gene_counts.tsv	62894821-a886-425e-9201-1001ff6f1e94	Transcriptome Profiling	gene_expression	Illumina	4242722	2021-12-13T21:54:55.458877-06:00	98cdcdd92feca94d1e15defbc2f84081	2024-07-30T09:22:28.600483-05:00	017d71aa-0999-4d8e-9cb4-88b9013e61eb	Gene Expression Quantification	released	RNA-Seq	1	32.0 - 46.0	TCGA-BRCA	cb7672f7-6737-4525-8b2b-358dbde38958	released	c6683fc6-49f4-4e53-94ac-251799c2c638_star__counts	https://github.com/NCI-GDC/gdc-rnaseq-cwl/blob/5d8c131bbff59fb0c969217fc1d44e6d1503cd1f/rnaseq-star-align/star2pass.rnaseq_harmonization.cwl	STAR - Counts	5d8c131bbff59fb0c969217fc1d44e6d1503cd1f	Primary Tumor	NA	TCGA-AR-A0TU	TCGA-AR-A0TU-01A
5113a198-1bfe-4d4e-8e17-4c8e3359061a	TSV	TCGA-E2-A1LA-01A-11R-A144-07	open	9dffcc09-6ccd-4f12-ae6a-1b8b93fcf29c.rna_seq.augmented_star_gene_counts.tsv	e1b9c370-64e9-4035-9d12-59697a3a702b	Transcriptome Profiling	gene_expression	Illumina	4238195	2021-12-13T21:46:19.022174-06:00	56c769774e17895e8f381842e19942bc	2024-07-30T09:38:21.765478-05:00	5113a198-1bfe-4d4e-8e17-4c8e3359061a	Gene Expression Quantification	released	RNA-Seq	1	32.0 - 46.0	TCGA-BRCA	e46b125d-7004-4949-9714-82e8f535c184	released	9dffcc09-6ccd-4f12-ae6a-1b8b93fcf29c_star__counts	https://github.com/NCI-GDC/gdc-rnaseq-cwl/blob/5d8c131bbff59fb0c969217fc1d44e6d1503cd1f/rnaseq-star-align/star2pass.rnaseq_harmonization.cwl	STAR - Counts	5d8c131bbff59fb0c969217fc1d44e6d1503cd1f	Primary Tumor	NA	TCGA-E2-A1LA	TCGA-E2-A1LA-01A
0a511373-8fd3-433a-a5e1-877530d6a239	TSV	TCGA-A7-A13E-01A-11R-A12P-07	open	5991af25-0b64-43d2-867a-6b9713b17af9.rna_seq.augmented_star_gene_counts.tsv	ab606df9-bdf7-4292-b49f-e2bd65f98302	Transcriptome Profiling	gene_expression	Illumina	4237547	2021-12-13T22:03:38.528323-06:00	b2c3b9c92c07f366e07a93c82b3668c4	2024-07-30T10:04:54.074216-05:00	0a511373-8fd3-433a-a5e1-877530d6a239	Gene Expression Quantification	released	RNA-Seq	1	32.0 - 46.0	TCGA-BRCA	b9cdfbda-cb87-4595-a642-9399b0c2e8dc	released	5991af25-0b64-43d2-867a-6b9713b17af9_star__counts	https://github.com/NCI-GDC/gdc-rnaseq-cwl/blob/5d8c131bbff59fb0c969217fc1d44e6d1503cd1f/rnaseq-star-align/star2pass.rnaseq_harmonization.cwl	STAR - Counts	5d8c131bbff59fb0c969217fc1d44e6d1503cd1f	Primary Tumor	NA	TCGA-A7-A13E	TCGA-A7-A13E-01A
3e3125cd-a554-4a76-a9e2-b9187e0db6ab	TSV	TCGA-EW-A1OZ-01A-11R-A144-07	open	3d1bf8fc-c86b-436e-ab0c-3734af129b09.rna_seq.augmented_star_gene_counts.tsv	508abcdd-e305-4e0c-aad2-47ebffedb5ba	Transcriptome Profiling	gene_expression	Illumina	4241736	2021-12-13T22:10:43.715376-06:00	67df736fc20eff2e11b1e30224c2cd13	2024-07-30T10:05:01.252621-05:00	3e3125cd-a554-4a76-a9e2-b9187e0db6ab	Gene Expression Quantification	released	RNA-Seq	1	32.0 - 46.0	TCGA-BRCA	21733a59-0421-4146-9db9-6cc45c08f720	released	3d1bf8fc-c86b-436e-ab0c-3734af129b09_star__counts	https://github.com/NCI-GDC/gdc-rnaseq-cwl/blob/5d8c131bbff59fb0c969217fc1d44e6d1503cd1f/rnaseq-star-align/star2pass.rnaseq_harmonization.cwl	STAR - Counts	5d8c131bbff59fb0c969217fc1d44e6d1503cd1f	Primary Tumor	NA	TCGA-EW-A1OZ	TCGA-EW-A1OZ-01A
be6f8b24-e668-41c6-89f7-f4cdc8533cae	TSV	TCGA-BH-A0DZ-01A-11R-A00Z-07	open	63afc197-8c49-4150-a98b-61c47f182778.rna_seq.augmented_star_gene_counts.tsv	657d2dc6-64c8-417b-905f-b63c681cae0a	Transcriptome Profiling	gene_expression	Illumina	4212428	2021-12-13T22:30:48.862484-06:00	0bd36c479625da026d797cee29bbb40e	2024-07-30T09:39:26.974854-05:00	be6f8b24-e668-41c6-89f7-f4cdc8533cae	Gene Expression Quantification	released	RNA-Seq	1	32.0 - 46.0	TCGA-BRCA	54e1dcb4-e6ba-478b-9e39-05057d3eb61c	released	63afc197-8c49-4150-a98b-61c47f182778_star__counts	https://github.com/NCI-GDC/gdc-rnaseq-cwl/blob/5d8c131bbff59fb0c969217fc1d44e6d1503cd1f/rnaseq-star-align/star2pass.rnaseq_harmonization.cwl	STAR - Counts	5d8c131bbff59fb0c969217fc1d44e6d1503cd1f	Primary Tumor	NA	TCGA-BH-A0DZ	TCGA-BH-A0DZ-01A
7be570ba-7f69-431e-88c2-614e92bc88ae	TSV	TCGA-AR-A24X-01A-11R-A169-07	open	381e687e-c27d-4794-981b-7c3c596a0246.rna_seq.augmented_star_gene_counts.tsv	203b6b39-f64a-49a4-b501-55dfe47ebd47	Transcriptome Profiling	gene_expression	Illumina	4230265	2021-12-13T22:31:43.683454-06:00	30c21337b27e7c1da9d09ba2a5728fc9	2024-07-30T09:23:24.011513-05:00	7be570ba-7f69-431e-88c2-614e92bc88ae	Gene Expression Quantification	released	RNA-Seq	1	32.0 - 46.0	TCGA-BRCA	128b56ec-951d-47e7-98e1-b74db3723cb8	released	381e687e-c27d-4794-981b-7c3c596a0246_star__counts	https://github.com/NCI-GDC/gdc-rnaseq-cwl/blob/5d8c131bbff59fb0c969217fc1d44e6d1503cd1f/rnaseq-star-align/star2pass.rnaseq_harmonization.cwl	STAR - Counts	5d8c131bbff59fb0c969217fc1d44e6d1503cd1f	Primary Tumor	NA	TCGA-AR-A24X	TCGA-AR-A24X-01A
e6ea1343-0da3-43f3-9845-4845db02edb8	TSV	TCGA-S3-AA14-01A-11R-A41B-07	open	697cb422-6fda-499a-b808-9ca2357b9b51.rna_seq.augmented_star_gene_counts.tsv	a557075f-af6d-4ffc-8f69-ce8ffb33b9c0	Transcriptome Profiling	gene_expression	Illumina	4232893	2021-12-13T22:02:47.921385-06:00	46d3d5abcf6c9952ba7546a3f43f36ab	2024-07-30T10:04:23.095549-05:00	e6ea1343-0da3-43f3-9845-4845db02edb8	Gene Expression Quantification	released	RNA-Seq	1	32.0 - 46.0	TCGA-BRCA	c3056675-3aba-43e3-aad6-0fd23c03973e	released	697cb422-6fda-499a-b808-9ca2357b9b51_star__counts	https://github.com/NCI-GDC/gdc-rnaseq-cwl/blob/5d8c131bbff59fb0c969217fc1d44e6d1503cd1f/rnaseq-star-align/star2pass.rnaseq_harmonization.cwl	STAR - Counts	5d8c131bbff59fb0c969217fc1d44e6d1503cd1f	Primary Tumor	NA	TCGA-S3-AA14	TCGA-S3-AA14-01A
d6882616-b77d-4d4c-90dc-7318c57876e1	TSV	TCGA-AO-A12F-01A-11R-A115-07	open	4e01a01d-eded-4d02-b8aa-1920c6997726.rna_seq.augmented_star_gene_counts.tsv	1473d6d1-0f41-40fb-9fac-de28207d5fe5	Transcriptome Profiling	gene_expression	Illumina	4246536	2021-12-13T22:20:32.012383-06:00	2e0cc0032cbf3de861b1d790e12175fc	2024-07-30T09:40:11.018222-05:00	d6882616-b77d-4d4c-90dc-7318c57876e1	Gene Expression Quantification	released	RNA-Seq	1	32.0 - 46.0	TCGA-BRCA	65c6f2eb-1268-432b-9ffc-cf2a0ba896f0	released	4e01a01d-eded-4d02-b8aa-1920c6997726_star__counts	https://github.com/NCI-GDC/gdc-rnaseq-cwl/blob/5d8c131bbff59fb0c969217fc1d44e6d1503cd1f/rnaseq-star-align/star2pass.rnaseq_harmonization.cwl	STAR - Counts	5d8c131bbff59fb0c969217fc1d44e6d1503cd1f	Primary Tumor	NA	TCGA-AO-A12F	TCGA-AO-A12F-01A
44c12577-af9f-4f8c-8b18-24269d6604cb	TSV	TCGA-S3-AA0Z-01A-11R-A41B-07	open	c7066edf-43fc-4bcf-bb63-ab75860d2410.rna_seq.augmented_star_gene_counts.tsv	7e9d9493-7e06-407e-8db7-618487c84783	Transcriptome Profiling	gene_expression	Illumina	4250788	2021-12-13T22:08:50.270769-06:00	646ec57f810fa2c31d55456699f0fba2	2024-07-30T09:57:24.447277-05:00	44c12577-af9f-4f8c-8b18-24269d6604cb	Gene Expression Quantification	released	RNA-Seq	1	32.0 - 46.0	TCGA-BRCA	fb4f9d4f-c722-4b12-a344-bef169fc2ed9	released	c7066edf-43fc-4bcf-bb63-ab75860d2410_star__counts	https://github.com/NCI-GDC/gdc-rnaseq-cwl/blob/5d8c131bbff59fb0c969217fc1d44e6d1503cd1f/rnaseq-star-align/star2pass.rnaseq_harmonization.cwl	STAR - Counts	5d8c131bbff59fb0c969217fc1d44e6d1503cd1f	Primary Tumor	NA	TCGA-S3-AA0Z	TCGA-S3-AA0Z-01A
a7d3a4c0-36ee-43ff-bdcc-37db4b11df76	TSV	TCGA-E2-A10F-01A-11R-A10J-07	open	ef54e4a6-4447-425f-be33-e428e5838daa.rna_seq.augmented_star_gene_counts.tsv	f21566db-4a0a-4b5d-97cd-773169a82091	Transcriptome Profiling	gene_expression	Illumina	4246804	2021-12-13T21:45:54.650138-06:00	d4bf3e79c95c3da445f61c55fec48bcd	2024-07-30T09:28:03.403366-05:00	a7d3a4c0-36ee-43ff-bdcc-37db4b11df76	Gene Expression Quantification	released	RNA-Seq	1	32.0 - 46.0	TCGA-BRCA	5c79b116-6827-4f3d-9b9f-a2e537e6e2ea	released	ef54e4a6-4447-425f-be33-e428e5838daa_star__counts	https://github.com/NCI-GDC/gdc-rnaseq-cwl/blob/5d8c131bbff59fb0c969217fc1d44e6d1503cd1f/rnaseq-star-align/star2pass.rnaseq_harmonization.cwl	STAR - Counts	5d8c131bbff59fb0c969217fc1d44e6d1503cd1f	Primary Tumor	NA	TCGA-E2-A10F	TCGA-E2-A10F-01A
79d67844-5389-40ee-a1fd-5b19ecf81b73	TSV	TCGA-A7-A2KD-01A-31R-A21T-07	open	d251e6b4-0c25-42ec-b090-daa81ee80a0e.rna_seq.augmented_star_gene_counts.tsv	0f37bb87-7621-4c93-a72e-87b18e6f7fa3	Transcriptome Profiling	gene_expression	Illumina	4261671	2021-12-13T22:06:12.720358-06:00	f12ede9d52adac1a3849f181108c7856	2024-07-30T09:47:50.028643-05:00	79d67844-5389-40ee-a1fd-5b19ecf81b73	Gene Expression Quantification	released	RNA-Seq	1	32.0 - 46.0	TCGA-BRCA	a2b72920-ec4e-4731-b418-0b33c4d22636	released	d251e6b4-0c25-42ec-b090-daa81ee80a0e_star__counts	https://github.com/NCI-GDC/gdc-rnaseq-cwl/blob/5d8c131bbff59fb0c969217fc1d44e6d1503cd1f/rnaseq-star-align/star2pass.rnaseq_harmonization.cwl	STAR - Counts	5d8c131bbff59fb0c969217fc1d44e6d1503cd1f	Primary Tumor	NA	TCGA-A7-A2KD	TCGA-A7-A2KD-01A
9b2a1467-775c-48cf-9a3c-e259ccd344e4	TSV	TCGA-E9-A3X8-01A-31R-A22U-07	open	08814ce5-fdf0-4f06-aabd-bf7b2738cf43.rna_seq.augmented_star_gene_counts.tsv	203b2ab4-d46b-4100-b1dc-23ee71a62456	Transcriptome Profiling	gene_expression	Illumina	4233742	2021-12-13T22:26:28.196744-06:00	958fc19cd138007dbcbc02c2ad055454	2024-07-30T10:08:27.418561-05:00	9b2a1467-775c-48cf-9a3c-e259ccd344e4	Gene Expression Quantification	released	RNA-Seq	1	32.0 - 46.0	TCGA-BRCA	4792d39d-639a-4c5b-a9cf-cc8403c59db0	released	08814ce5-fdf0-4f06-aabd-bf7b2738cf43_star__counts	https://github.com/NCI-GDC/gdc-rnaseq-cwl/blob/5d8c131bbff59fb0c969217fc1d44e6d1503cd1f/rnaseq-star-align/star2pass.rnaseq_harmonization.cwl	STAR - Counts	5d8c131bbff59fb0c969217fc1d44e6d1503cd1f	Primary Tumor	NA	TCGA-E9-A3X8	TCGA-E9-A3X8-01A
a8fa9282-6695-477a-8202-73882cdfa8f7	TSV	TCGA-D8-A73U-01A-11R-A33J-07	open	77e4a7c3-f2cd-4b5e-8c18-bfa3ce91cf56.rna_seq.augmented_star_gene_counts.tsv	24f41fd5-e98d-4126-b006-9e1a2ac34e9f	Transcriptome Profiling	gene_expression	Illumina	4243328	2021-12-13T22:28:27.935524-06:00	9f6066279c5b4ea21c6792af87bcecc1	2024-07-30T09:35:59.746359-05:00	a8fa9282-6695-477a-8202-73882cdfa8f7	Gene Expression Quantification	released	RNA-Seq	1	32.0 - 46.0	TCGA-BRCA	ca2b7182-925f-49c6-a079-50da41ad987b	released	77e4a7c3-f2cd-4b5e-8c18-bfa3ce91cf56_star__counts	https://github.com/NCI-GDC/gdc-rnaseq-cwl/blob/5d8c131bbff59fb0c969217fc1d44e6d1503cd1f/rnaseq-star-align/star2pass.rnaseq_harmonization.cwl	STAR - Counts	5d8c131bbff59fb0c969217fc1d44e6d1503cd1f	Primary Tumor	NA	TCGA-D8-A73U	TCGA-D8-A73U-01A
f36e613e-af30-4b1c-aaf3-89540e05ddb1	TSV	TCGA-B6-A0IG-01A-11R-A034-07	open	281a89c1-e817-49d4-afa1-2894c2747919.rna_seq.augmented_star_gene_counts.tsv	282d0ec0-ff4a-4827-a557-01919ae46677	Transcriptome Profiling	gene_expression	Illumina	4246121	2021-12-13T22:29:36.694488-06:00	aacb84ccf17c8f924e5afbd2c6bba7bb	2024-07-30T09:22:33.611262-05:00	f36e613e-af30-4b1c-aaf3-89540e05ddb1	Gene Expression Quantification	released	RNA-Seq	1	32.0 - 46.0	TCGA-BRCA	05bc7b35-b1bc-414e-a8b4-665264566a95	released	281a89c1-e817-49d4-afa1-2894c2747919_star__counts	https://github.com/NCI-GDC/gdc-rnaseq-cwl/blob/5d8c131bbff59fb0c969217fc1d44e6d1503cd1f/rnaseq-star-align/star2pass.rnaseq_harmonization.cwl	STAR - Counts	5d8c131bbff59fb0c969217fc1d44e6d1503cd1f	Primary Tumor	NA	TCGA-B6-A0IG	TCGA-B6-A0IG-01A
3f44f7ab-7299-4b8e-b2b9-16ed5291e727	TSV	TCGA-OL-A66I-01A-21R-A29R-07	open	5ea12b9b-56ac-4d0c-8761-bf172b2f23e0.rna_seq.augmented_star_gene_counts.tsv	74a0e311-8875-42f9-aee9-20448b5d62a9	Transcriptome Profiling	gene_expression	Illumina	4244189	2021-12-13T22:22:42.058034-06:00	24acd7a1228998ab1e6f3e9bbc0eaca4	2024-07-30T09:25:44.682034-05:00	3f44f7ab-7299-4b8e-b2b9-16ed5291e727	Gene Expression Quantification	released	RNA-Seq	1	32.0 - 46.0	TCGA-BRCA	472d547a-da92-4a8a-ab40-801e7745184d	released	5ea12b9b-56ac-4d0c-8761-bf172b2f23e0_star__counts	https://github.com/NCI-GDC/gdc-rnaseq-cwl/blob/5d8c131bbff59fb0c969217fc1d44e6d1503cd1f/rnaseq-star-align/star2pass.rnaseq_harmonization.cwl	STAR - Counts	5d8c131bbff59fb0c969217fc1d44e6d1503cd1f	Primary Tumor	NA	TCGA-OL-A66I	TCGA-OL-A66I-01A
9d487523-ce75-4146-98d9-aed08dc2f632	TSV	TCGA-EW-A6SC-01A-12R-A32P-07	open	4c915c9f-4e60-48d4-a4c5-7d055940b65f.rna_seq.augmented_star_gene_counts.tsv	911c0aa1-a229-40cd-9801-0db70adf37c7	Transcriptome Profiling	gene_expression	Illumina	4242182	2021-12-13T21:49:49.247808-06:00	780ee9dd1f60b871752fe1bb113f1d29	2024-07-30T09:39:44.343542-05:00	9d487523-ce75-4146-98d9-aed08dc2f632	Gene Expression Quantification	released	RNA-Seq	1	32.0 - 46.0	TCGA-BRCA	1b0b7217-ef0a-4b49-992b-ea90609b3e98	released	4c915c9f-4e60-48d4-a4c5-7d055940b65f_star__counts	https://github.com/NCI-GDC/gdc-rnaseq-cwl/blob/5d8c131bbff59fb0c969217fc1d44e6d1503cd1f/rnaseq-star-align/star2pass.rnaseq_harmonization.cwl	STAR - Counts	5d8c131bbff59fb0c969217fc1d44e6d1503cd1f	Primary Tumor	NA	TCGA-EW-A6SC	TCGA-EW-A6SC-01A
e3569a42-412b-405d-a1ca-5c89b1ea36d0	TSV	TCGA-AN-A0XS-01A-22R-A109-07	open	f3c13192-fe4d-45c5-9d12-5294799bd7f8.rna_seq.augmented_star_gene_counts.tsv	e9cc9e81-da97-4330-9ac2-4e01c9fb1689	Transcriptome Profiling	gene_expression	Illumina	4248356	2021-12-13T22:26:08.009541-06:00	19e7215287c8cfd2820ad66f3eff5fd8	2024-07-30T09:48:14.747087-05:00	e3569a42-412b-405d-a1ca-5c89b1ea36d0	Gene Expression Quantification	released	RNA-Seq	1	32.0 - 46.0	TCGA-BRCA	05636e83-d3e9-4d2e-b09f-daefa00a0680	released	f3c13192-fe4d-45c5-9d12-5294799bd7f8_star__counts	https://github.com/NCI-GDC/gdc-rnaseq-cwl/blob/5d8c131bbff59fb0c969217fc1d44e6d1503cd1f/rnaseq-star-align/star2pass.rnaseq_harmonization.cwl	STAR - Counts	5d8c131bbff59fb0c969217fc1d44e6d1503cd1f	Primary Tumor	NA	TCGA-AN-A0XS	TCGA-AN-A0XS-01A
478a40b1-0f88-401d-92b6-4b58b2c56798	TSV	TCGA-LD-A74U-01A-13R-A33J-07	open	4fc53009-8904-4336-852b-ee2aea40f5e2.rna_seq.augmented_star_gene_counts.tsv	10aae55c-b57f-4af4-a734-afc97f945968	Transcriptome Profiling	gene_expression	Illumina	4249203	2021-12-13T22:07:30.237258-06:00	027d026916395cc4c55c1db186054938	2024-07-30T10:01:02.852412-05:00	478a40b1-0f88-401d-92b6-4b58b2c56798	Gene Expression Quantification	released	RNA-Seq	1	32.0 - 46.0	TCGA-BRCA	4138c119-afa1-4e7d-9e95-b1231e91d781	released	4fc53009-8904-4336-852b-ee2aea40f5e2_star__counts	https://github.com/NCI-GDC/gdc-rnaseq-cwl/blob/5d8c131bbff59fb0c969217fc1d44e6d1503cd1f/rnaseq-star-align/star2pass.rnaseq_harmonization.cwl	STAR - Counts	5d8c131bbff59fb0c969217fc1d44e6d1503cd1f	Primary Tumor	NA	TCGA-LD-A74U	TCGA-LD-A74U-01A
5e05ff45-9f44-484d-889f-529e2bfe2a48	TSV	TCGA-E9-A22B-01A-11R-A157-07	open	bb10d315-6038-4513-aa41-d50f20295997.rna_seq.augmented_star_gene_counts.tsv	c694e2b4-0d46-47ca-b287-8299ce49605f	Transcriptome Profiling	gene_expression	Illumina	4245448	2021-12-13T22:40:47.040070-06:00	23b5cd3cb9e56e1eb726795fe1bff9da	2024-07-30T09:39:51.761569-05:00	5e05ff45-9f44-484d-889f-529e2bfe2a48	Gene Expression Quantification	released	RNA-Seq	1	32.0 - 46.0	TCGA-BRCA	83904dc2-82f7-4ff2-9627-b95a96048d1d	released	bb10d315-6038-4513-aa41-d50f20295997_star__counts	https://github.com/NCI-GDC/gdc-rnaseq-cwl/blob/5d8c131bbff59fb0c969217fc1d44e6d1503cd1f/rnaseq-star-align/star2pass.rnaseq_harmonization.cwl	STAR - Counts	5d8c131bbff59fb0c969217fc1d44e6d1503cd1f	Primary Tumor	NA	TCGA-E9-A22B	TCGA-E9-A22B-01A
0a7421d4-5722-427a-9643-da1074e5c25c	TSV	TCGA-BH-A1EV-01A-11R-A137-07	open	83f93d3f-d038-4773-a671-0f218f53821c.rna_seq.augmented_star_gene_counts.tsv	b5d9f0b9-501b-45a6-8944-07de32825f3a	Transcriptome Profiling	gene_expression	Illumina	4242686	2021-12-13T22:24:18.602788-06:00	ded910118e9a4b6fdbcbb4c044b91df9	2024-07-30T09:46:19.902285-05:00	0a7421d4-5722-427a-9643-da1074e5c25c	Gene Expression Quantification	released	RNA-Seq	1	32.0 - 46.0	TCGA-BRCA	1cde7c26-b589-4a9b-b559-49686e862be9	released	83f93d3f-d038-4773-a671-0f218f53821c_star__counts	https://github.com/NCI-GDC/gdc-rnaseq-cwl/blob/5d8c131bbff59fb0c969217fc1d44e6d1503cd1f/rnaseq-star-align/star2pass.rnaseq_harmonization.cwl	STAR - Counts	5d8c131bbff59fb0c969217fc1d44e6d1503cd1f	Primary Tumor	NA	TCGA-BH-A1EV	TCGA-BH-A1EV-01A
248ac510-a5af-4608-9cdc-5c8673633b82	TSV	TCGA-BH-A1FC-11A-32R-A13Q-07	open	d23ff3bc-5524-4dca-b0f4-a1561a30566c.rna_seq.augmented_star_gene_counts.tsv	4ac93844-a45a-413a-b9fa-7008067e8401	Transcriptome Profiling	gene_expression	Illumina	4234609	2021-12-13T22:28:32.133712-06:00	2487dc1a9a8b96ed72817a7fba2dac8e	2024-07-30T09:41:29.964766-05:00	248ac510-a5af-4608-9cdc-5c8673633b82	Gene Expression Quantification	released	RNA-Seq	1	32.0 - 46.0	TCGA-BRCA	c4718daa-1091-45dd-b5d6-33189c05380e	released	d23ff3bc-5524-4dca-b0f4-a1561a30566c_star__counts	https://github.com/NCI-GDC/gdc-rnaseq-cwl/blob/5d8c131bbff59fb0c969217fc1d44e6d1503cd1f/rnaseq-star-align/star2pass.rnaseq_harmonization.cwl	STAR - Counts	5d8c131bbff59fb0c969217fc1d44e6d1503cd1f	Solid Tissue Normal	NA	TCGA-BH-A1FC	TCGA-BH-A1FC-11A
e0b65eec-7c30-4607-9cae-c8e8463c80c5	TSV	TCGA-LL-A5YO-01A-21R-A28M-07	open	e90c1051-744f-46e5-bcec-f95d34f59e0a.rna_seq.augmented_star_gene_counts.tsv	995ad378-2236-4f11-ab8a-7acb7b3e74dc	Transcriptome Profiling	gene_expression	Illumina	4234783	2021-12-13T22:29:02.362856-06:00	5be8257cc3a195644cc174773f9dabb7	2024-07-30T09:29:10.194836-05:00	e0b65eec-7c30-4607-9cae-c8e8463c80c5	Gene Expression Quantification	released	RNA-Seq	1	32.0 - 46.0	TCGA-BRCA	f8beb436-a20d-4cd3-bea1-3e8bbc9328a4	released	e90c1051-744f-46e5-bcec-f95d34f59e0a_star__counts	https://github.com/NCI-GDC/gdc-rnaseq-cwl/blob/5d8c131bbff59fb0c969217fc1d44e6d1503cd1f/rnaseq-star-align/star2pass.rnaseq_harmonization.cwl	STAR - Counts	5d8c131bbff59fb0c969217fc1d44e6d1503cd1f	Primary Tumor	NA	TCGA-LL-A5YO	TCGA-LL-A5YO-01A
c1ac2f8b-9ff2-47b9-a685-6cf10a7a925f	TSV	TCGA-BH-A0E1-01A-11R-A056-07	open	4eee2055-ed1f-4958-b214-4cff055c87bd.rna_seq.augmented_star_gene_counts.tsv	2ea67e3a-ed5b-43fd-aba2-efb3fbba1c72	Transcriptome Profiling	gene_expression	Illumina	4235339	2021-12-13T22:15:35.932124-06:00	a3db949ff4826833be315b8d0cde6aa7	2024-07-30T09:25:42.326175-05:00	c1ac2f8b-9ff2-47b9-a685-6cf10a7a925f	Gene Expression Quantification	released	RNA-Seq	1	32.0 - 46.0	TCGA-BRCA	dc697966-fc54-4eda-b248-3192f085b212	released	4eee2055-ed1f-4958-b214-4cff055c87bd_star__counts	https://github.com/NCI-GDC/gdc-rnaseq-cwl/blob/5d8c131bbff59fb0c969217fc1d44e6d1503cd1f/rnaseq-star-align/star2pass.rnaseq_harmonization.cwl	STAR - Counts	5d8c131bbff59fb0c969217fc1d44e6d1503cd1f	Primary Tumor	NA	TCGA-BH-A0E1	TCGA-BH-A0E1-01A
dafb2454-1ea7-4cb6-8b3b-2b5b6f19aa89	TSV	TCGA-BH-A0E1-11A-13R-A089-07	open	75525261-bd54-4e19-9f86-ab7b9cea3388.rna_seq.augmented_star_gene_counts.tsv	6e300407-ac6f-4858-bcf6-9ea8fd87e141	Transcriptome Profiling	gene_expression	Illumina	4236652	2021-12-13T22:09:45.898405-06:00	25648d244dceaed8fdc146392b161616	2024-07-30T09:27:11.204308-05:00	dafb2454-1ea7-4cb6-8b3b-2b5b6f19aa89	Gene Expression Quantification	released	RNA-Seq	1	32.0 - 46.0	TCGA-BRCA	acab208a-cf39-4bd0-a1ba-31ebe6dfd31d	released	75525261-bd54-4e19-9f86-ab7b9cea3388_star__counts	https://github.com/NCI-GDC/gdc-rnaseq-cwl/blob/5d8c131bbff59fb0c969217fc1d44e6d1503cd1f/rnaseq-star-align/star2pass.rnaseq_harmonization.cwl	STAR - Counts	5d8c131bbff59fb0c969217fc1d44e6d1503cd1f	Solid Tissue Normal	NA	TCGA-BH-A0E1	TCGA-BH-A0E1-11A
ef181439-d071-40e0-a185-f29343085f8c	TSV	TCGA-AR-A1AQ-01A-11R-A12P-07	open	287f70d5-cb97-459f-963b-68408f92c0f3.rna_seq.augmented_star_gene_counts.tsv	b7c20653-96c4-4ca0-8b2f-c6bb33b470a1	Transcriptome Profiling	gene_expression	Illumina	4231264	2021-12-13T22:10:31.584879-06:00	086d56f4fd3d1121fa80fd482d0334d1	2024-07-30T09:28:44.148852-05:00	ef181439-d071-40e0-a185-f29343085f8c	Gene Expression Quantification	released	RNA-Seq	1	32.0 - 46.0	TCGA-BRCA	6de8f863-daa3-472e-842e-56e99aea807d	released	287f70d5-cb97-459f-963b-68408f92c0f3_star__counts	https://github.com/NCI-GDC/gdc-rnaseq-cwl/blob/5d8c131bbff59fb0c969217fc1d44e6d1503cd1f/rnaseq-star-align/star2pass.rnaseq_harmonization.cwl	STAR - Counts	5d8c131bbff59fb0c969217fc1d44e6d1503cd1f	Primary Tumor	NA	TCGA-AR-A1AQ	TCGA-AR-A1AQ-01A
b4835808-46fa-4b6c-a933-92acc9908319	TSV	TCGA-A7-A6VW-01A-21R-A33J-07	open	22c90647-bf63-49e1-972a-0ff9000b674b.rna_seq.augmented_star_gene_counts.tsv	a3230e54-b6bb-4034-a40f-39f82e205d00	Transcriptome Profiling	gene_expression	Illumina	4236211	2021-12-13T22:40:45.466532-06:00	f2e86bb3e5d0175996da4a3b3e3b5a3a	2024-07-30T09:39:15.125092-05:00	b4835808-46fa-4b6c-a933-92acc9908319	Gene Expression Quantification	released	RNA-Seq	1	32.0 - 46.0	TCGA-BRCA	535b00ef-d7fe-4c7c-b40e-ef15a6d53427	released	22c90647-bf63-49e1-972a-0ff9000b674b_star__counts	https://github.com/NCI-GDC/gdc-rnaseq-cwl/blob/5d8c131bbff59fb0c969217fc1d44e6d1503cd1f/rnaseq-star-align/star2pass.rnaseq_harmonization.cwl	STAR - Counts	5d8c131bbff59fb0c969217fc1d44e6d1503cd1f	Primary Tumor	NA	TCGA-A7-A6VW	TCGA-A7-A6VW-01A
e0cb738d-854a-4033-b370-79fa28d7cef8	TSV	TCGA-XX-A899-01A-11R-A36F-07	open	69118aea-1784-49a0-9932-082f87fdec62.rna_seq.augmented_star_gene_counts.tsv	49e89739-abce-48ad-9114-6ab65d55a7fe	Transcriptome Profiling	gene_expression	Illumina	4249156	2021-12-13T22:43:13.231278-06:00	781336ea320238ebcae83529c8a76593	2024-07-30T09:28:58.761625-05:00	e0cb738d-854a-4033-b370-79fa28d7cef8	Gene Expression Quantification	released	RNA-Seq	1	32.0 - 46.0	TCGA-BRCA	280414f4-c982-477d-a61e-3a34b5513b1c	released	69118aea-1784-49a0-9932-082f87fdec62_star__counts	https://github.com/NCI-GDC/gdc-rnaseq-cwl/blob/5d8c131bbff59fb0c969217fc1d44e6d1503cd1f/rnaseq-star-align/star2pass.rnaseq_harmonization.cwl	STAR - Counts	5d8c131bbff59fb0c969217fc1d44e6d1503cd1f	Primary Tumor	NA	TCGA-XX-A899	TCGA-XX-A899-01A
a9b2ff1a-3b37-4388-a1e6-826e2edea49b	TSV	TCGA-AC-A3TN-01A-11R-A22K-07	open	aae81240-6757-42b9-8dce-9936f8574f19.rna_seq.augmented_star_gene_counts.tsv	e49557c4-2e80-433e-a617-205f1cbb1c23	Transcriptome Profiling	gene_expression	Illumina	4240897	2021-12-13T22:17:19.474048-06:00	a6453c1e30d0e56f136a207a0530980a	2024-07-30T09:27:44.151560-05:00	a9b2ff1a-3b37-4388-a1e6-826e2edea49b	Gene Expression Quantification	released	RNA-Seq	1	32.0 - 46.0	TCGA-BRCA	c9bfe9f8-2c82-4a94-a2b5-10f89ee0c38f	released	aae81240-6757-42b9-8dce-9936f8574f19_star__counts	https://github.com/NCI-GDC/gdc-rnaseq-cwl/blob/5d8c131bbff59fb0c969217fc1d44e6d1503cd1f/rnaseq-star-align/star2pass.rnaseq_harmonization.cwl	STAR - Counts	5d8c131bbff59fb0c969217fc1d44e6d1503cd1f	Primary Tumor	NA	TCGA-AC-A3TN	TCGA-AC-A3TN-01A
f90e51cb-b862-4a76-acb0-cc882bfb4ee6	TSV	TCGA-EW-A1PF-01A-11R-A144-07	open	22aac1ce-7a45-481b-b3f6-6393deeadcd6.rna_seq.augmented_star_gene_counts.tsv	d78296ff-2df3-45ae-a439-c0c0ac29eb5e	Transcriptome Profiling	gene_expression	Illumina	4247666	2021-12-13T22:26:36.087867-06:00	8afa6bbeec78d36a022a96772a5a4085	2024-07-30T09:45:13.189821-05:00	f90e51cb-b862-4a76-acb0-cc882bfb4ee6	Gene Expression Quantification	released	RNA-Seq	1	32.0 - 46.0	TCGA-BRCA	d5a4cffd-4d49-478e-9e03-1cb9e52d2dbb	released	22aac1ce-7a45-481b-b3f6-6393deeadcd6_star__counts	https://github.com/NCI-GDC/gdc-rnaseq-cwl/blob/5d8c131bbff59fb0c969217fc1d44e6d1503cd1f/rnaseq-star-align/star2pass.rnaseq_harmonization.cwl	STAR - Counts	5d8c131bbff59fb0c969217fc1d44e6d1503cd1f	Primary Tumor	NA	TCGA-EW-A1PF	TCGA-EW-A1PF-01A
d141392c-757b-44f5-b531-0bcc136d8b17	TSV	TCGA-AN-A04D-01A-21R-A034-07	open	4937e136-52e6-4c33-9f53-36ce2a94c09e.rna_seq.augmented_star_gene_counts.tsv	81e42a79-3c5f-4b7c-b72b-6eea4f544773	Transcriptome Profiling	gene_expression	Illumina	4244039	2021-12-13T22:37:50.632975-06:00	456b4b9176a9e7c059fadc0253c06fc8	2024-07-30T09:46:48.339496-05:00	d141392c-757b-44f5-b531-0bcc136d8b17	Gene Expression Quantification	released	RNA-Seq	1	32.0 - 46.0	TCGA-BRCA	4208580d-64fd-4d83-8bcb-9760040674a8	released	4937e136-52e6-4c33-9f53-36ce2a94c09e_star__counts	https://github.com/NCI-GDC/gdc-rnaseq-cwl/blob/5d8c131bbff59fb0c969217fc1d44e6d1503cd1f/rnaseq-star-align/star2pass.rnaseq_harmonization.cwl	STAR - Counts	5d8c131bbff59fb0c969217fc1d44e6d1503cd1f	Primary Tumor	NA	TCGA-AN-A04D	TCGA-AN-A04D-01A
9cf6e387-2b87-4f53-bb5a-d545a78f21cd	TSV	TCGA-BH-A0BA-01A-11R-A056-07	open	75f8fbbb-2015-47cb-94f1-eb88cdfaeae6.rna_seq.augmented_star_gene_counts.tsv	a8767bca-be73-437b-a005-09a8c2f8083b	Transcriptome Profiling	gene_expression	Illumina	4249298	2021-12-13T22:01:02.463051-06:00	81369d8e17067867b8df99308f905a34	2024-07-30T10:00:16.931598-05:00	9cf6e387-2b87-4f53-bb5a-d545a78f21cd	Gene Expression Quantification	released	RNA-Seq	1	32.0 - 46.0	TCGA-BRCA	0af4163a-2051-4e5a-bd86-e4a21b2458f9	released	75f8fbbb-2015-47cb-94f1-eb88cdfaeae6_star__counts	https://github.com/NCI-GDC/gdc-rnaseq-cwl/blob/5d8c131bbff59fb0c969217fc1d44e6d1503cd1f/rnaseq-star-align/star2pass.rnaseq_harmonization.cwl	STAR - Counts	5d8c131bbff59fb0c969217fc1d44e6d1503cd1f	Primary Tumor	NA	TCGA-BH-A0BA	TCGA-BH-A0BA-01A
1c3a771f-43db-4b45-93f8-f8e6d2ab6847	TSV	TCGA-B6-A0RI-01A-11R-A056-07	open	420197bd-db07-4df9-8f72-3d7d509ae1d0.rna_seq.augmented_star_gene_counts.tsv	6a7386b4-8be2-4cd0-a7b9-e71d900f4e17	Transcriptome Profiling	gene_expression	Illumina	4246276	2021-12-13T22:16:43.560830-06:00	3c972d2c147f01246564e56401d4d391	2024-07-30T09:28:37.370981-05:00	1c3a771f-43db-4b45-93f8-f8e6d2ab6847	Gene Expression Quantification	released	RNA-Seq	1	32.0 - 46.0	TCGA-BRCA	1932e0e0-9133-4084-80c2-db679222efdd	released	420197bd-db07-4df9-8f72-3d7d509ae1d0_star__counts	https://github.com/NCI-GDC/gdc-rnaseq-cwl/blob/5d8c131bbff59fb0c969217fc1d44e6d1503cd1f/rnaseq-star-align/star2pass.rnaseq_harmonization.cwl	STAR - Counts	5d8c131bbff59fb0c969217fc1d44e6d1503cd1f	Primary Tumor	NA	TCGA-B6-A0RI	TCGA-B6-A0RI-01A
f7b5d569-1a46-4f23-bfca-a46daacda793	TSV	TCGA-AR-A24N-01A-11R-A169-07	open	ad8c55ae-46df-43cd-8cb5-c049e3019959.rna_seq.augmented_star_gene_counts.tsv	bcdf2a68-2dd6-40ac-80ee-28e91169909f	Transcriptome Profiling	gene_expression	Illumina	4249311	2021-12-13T22:30:51.504355-06:00	9496060bfe3c082b8616e80dc1a07435	2024-07-30T10:04:39.507393-05:00	f7b5d569-1a46-4f23-bfca-a46daacda793	Gene Expression Quantification	released	RNA-Seq	1	32.0 - 46.0	TCGA-BRCA	4d50d048-64a2-4698-93b9-55eeb455271a	released	ad8c55ae-46df-43cd-8cb5-c049e3019959_star__counts	https://github.com/NCI-GDC/gdc-rnaseq-cwl/blob/5d8c131bbff59fb0c969217fc1d44e6d1503cd1f/rnaseq-star-align/star2pass.rnaseq_harmonization.cwl	STAR - Counts	5d8c131bbff59fb0c969217fc1d44e6d1503cd1f	Primary Tumor	NA	TCGA-AR-A24N	TCGA-AR-A24N-01A
ab3475d0-e057-4512-8c01-a5383359a1ad	TSV	TCGA-BH-A0H5-11A-62R-A115-07	open	d81b8303-62b4-46ba-9370-8c6a92cfa4fb.rna_seq.augmented_star_gene_counts.tsv	5dd94ac8-28ed-44cd-bd01-392e31c9a4b4	Transcriptome Profiling	gene_expression	Illumina	4251734	2021-12-13T22:35:17.132904-06:00	d63c9bea983348c567c8950e394a7b68	2024-07-30T09:55:32.165235-05:00	ab3475d0-e057-4512-8c01-a5383359a1ad	Gene Expression Quantification	released	RNA-Seq	1	32.0 - 46.0	TCGA-BRCA	e4c2c41b-64f5-4421-91dc-fd8a28e72f7f	released	d81b8303-62b4-46ba-9370-8c6a92cfa4fb_star__counts	https://github.com/NCI-GDC/gdc-rnaseq-cwl/blob/5d8c131bbff59fb0c969217fc1d44e6d1503cd1f/rnaseq-star-align/star2pass.rnaseq_harmonization.cwl	STAR - Counts	5d8c131bbff59fb0c969217fc1d44e6d1503cd1f	Solid Tissue Normal	NA	TCGA-BH-A0H5	TCGA-BH-A0H5-11A
11631339-f447-4b28-97a8-3c7c6ccbc843	TSV	TCGA-E2-A3DX-01A-21R-A213-07	open	97ec0a19-d386-48fc-842c-78488b0d41f3.rna_seq.augmented_star_gene_counts.tsv	d18b7423-34c3-4ba4-b5d1-bba297e39a84	Transcriptome Profiling	gene_expression	Illumina	4253012	2021-12-13T22:20:43.339555-06:00	40e5ae1bf663ec0c403a1720691749d6	2024-07-30T09:24:54.903938-05:00	11631339-f447-4b28-97a8-3c7c6ccbc843	Gene Expression Quantification	released	RNA-Seq	1	32.0 - 46.0	TCGA-BRCA	024ed96e-f66e-4067-b6b8-1acce0ed0f1c	released	97ec0a19-d386-48fc-842c-78488b0d41f3_star__counts	https://github.com/NCI-GDC/gdc-rnaseq-cwl/blob/5d8c131bbff59fb0c969217fc1d44e6d1503cd1f/rnaseq-star-align/star2pass.rnaseq_harmonization.cwl	STAR - Counts	5d8c131bbff59fb0c969217fc1d44e6d1503cd1f	Primary Tumor	NA	TCGA-E2-A3DX	TCGA-E2-A3DX-01A
99ce2ebd-7a50-4808-ba75-8626ad6d7cfd	TSV	TCGA-AC-A3W6-01A-12R-A22K-07	open	8229679f-179d-42b8-a9e7-7d733fe9969e.rna_seq.augmented_star_gene_counts.tsv	fad63f7a-26e8-4385-8059-415994aed946	Transcriptome Profiling	gene_expression	Illumina	4244017	2021-12-13T21:48:26.440131-06:00	bbcd65b357f8d24230213eb1337d5e29	2024-07-30T09:55:10.115137-05:00	99ce2ebd-7a50-4808-ba75-8626ad6d7cfd	Gene Expression Quantification	released	RNA-Seq	1	32.0 - 46.0	TCGA-BRCA	9fb10ee3-b848-4cea-9507-82cecfe10d14	released	8229679f-179d-42b8-a9e7-7d733fe9969e_star__counts	https://github.com/NCI-GDC/gdc-rnaseq-cwl/blob/5d8c131bbff59fb0c969217fc1d44e6d1503cd1f/rnaseq-star-align/star2pass.rnaseq_harmonization.cwl	STAR - Counts	5d8c131bbff59fb0c969217fc1d44e6d1503cd1f	Primary Tumor	NA	TCGA-AC-A3W6	TCGA-AC-A3W6-01A
898920ea-31b3-4244-a413-4b957e93594f	TSV	TCGA-A7-A425-01A-11R-A24H-07	open	3d804011-ba3a-4999-9305-71b4680819b9.rna_seq.augmented_star_gene_counts.tsv	41911bcb-02d3-492e-bcf9-0aff5a7ad747	Transcriptome Profiling	gene_expression	Illumina	4249614	2021-12-13T22:21:04.091409-06:00	d2fce4732018d4f9ad5ac72f50cabbcb	2024-07-30T09:31:09.663153-05:00	898920ea-31b3-4244-a413-4b957e93594f	Gene Expression Quantification	released	RNA-Seq	1	32.0 - 46.0	TCGA-BRCA	a45c197f-a5a2-4678-86ab-3044d4acaca3	released	3d804011-ba3a-4999-9305-71b4680819b9_star__counts	https://github.com/NCI-GDC/gdc-rnaseq-cwl/blob/5d8c131bbff59fb0c969217fc1d44e6d1503cd1f/rnaseq-star-align/star2pass.rnaseq_harmonization.cwl	STAR - Counts	5d8c131bbff59fb0c969217fc1d44e6d1503cd1f	Primary Tumor	NA	TCGA-A7-A425	TCGA-A7-A425-01A
35f78d43-917b-4a7b-b992-d004056a370f	TSV	TCGA-E2-A15C-01A-31R-A12D-07	open	87c074cd-bcd8-4280-a12e-b205f50e139c.rna_seq.augmented_star_gene_counts.tsv	dffe2886-7c52-4613-99be-808368b8f278	Transcriptome Profiling	gene_expression	Illumina	4243678	2021-12-13T22:25:17.154775-06:00	b53b579c9c7d22f4cb501e4220d82929	2024-07-30T10:04:05.358428-05:00	35f78d43-917b-4a7b-b992-d004056a370f	Gene Expression Quantification	released	RNA-Seq	1	32.0 - 46.0	TCGA-BRCA	2ed8eafc-fcbe-4ebf-8049-a0381340e2f0	released	87c074cd-bcd8-4280-a12e-b205f50e139c_star__counts	https://github.com/NCI-GDC/gdc-rnaseq-cwl/blob/5d8c131bbff59fb0c969217fc1d44e6d1503cd1f/rnaseq-star-align/star2pass.rnaseq_harmonization.cwl	STAR - Counts	5d8c131bbff59fb0c969217fc1d44e6d1503cd1f	Primary Tumor	NA	TCGA-E2-A15C	TCGA-E2-A15C-01A
8e60d7c9-0fee-415f-b7bd-072f1bcd0fac	TSV	TCGA-LD-A7W6-01A-81R-A352-07	open	bf67d13e-231c-4cb7-8381-fb19c4fe90ed.rna_seq.augmented_star_gene_counts.tsv	a2f5309a-8d2c-4517-b700-c219cb88af45	Transcriptome Profiling	gene_expression	Illumina	4252779	2021-12-13T22:09:15.957748-06:00	7452c16f52c9c483eaa4fd677b9cde6a	2024-07-30T09:50:43.313944-05:00	8e60d7c9-0fee-415f-b7bd-072f1bcd0fac	Gene Expression Quantification	released	RNA-Seq	1	32.0 - 46.0	TCGA-BRCA	6e7868c7-591a-4662-bb2a-e2ec002532ba	released	bf67d13e-231c-4cb7-8381-fb19c4fe90ed_star__counts	https://github.com/NCI-GDC/gdc-rnaseq-cwl/blob/5d8c131bbff59fb0c969217fc1d44e6d1503cd1f/rnaseq-star-align/star2pass.rnaseq_harmonization.cwl	STAR - Counts	5d8c131bbff59fb0c969217fc1d44e6d1503cd1f	Primary Tumor	NA	TCGA-LD-A7W6	TCGA-LD-A7W6-01A
89fa8a0c-e046-4fbf-97c5-4ed5cc4e5e4c	TSV	TCGA-A7-A5ZV-01A-11R-A28M-07	open	68a74e5b-649e-4568-8616-d2292a4eca19.rna_seq.augmented_star_gene_counts.tsv	11571dbe-f404-49b7-ab1b-12f1e4d8dc2e	Transcriptome Profiling	gene_expression	Illumina	4223647	2021-12-13T22:20:40.498553-06:00	59d644841df9ae0c13168b027fa59001	2024-07-30T09:49:01.827596-05:00	89fa8a0c-e046-4fbf-97c5-4ed5cc4e5e4c	Gene Expression Quantification	released	RNA-Seq	1	32.0 - 46.0	TCGA-BRCA	afe8adc4-cf07-41b2-8f27-dad9f3a8b3c3	released	68a74e5b-649e-4568-8616-d2292a4eca19_star__counts	https://github.com/NCI-GDC/gdc-rnaseq-cwl/blob/5d8c131bbff59fb0c969217fc1d44e6d1503cd1f/rnaseq-star-align/star2pass.rnaseq_harmonization.cwl	STAR - Counts	5d8c131bbff59fb0c969217fc1d44e6d1503cd1f	Primary Tumor	NA	TCGA-A7-A5ZV	TCGA-A7-A5ZV-01A
d5664879-53a0-490a-a3cb-47c551b6bf34	TSV	TCGA-BH-A1FN-11A-34R-A13Q-07	open	cf5fba05-4996-4f62-adcf-a2ee1f4c65d3.rna_seq.augmented_star_gene_counts.tsv	a12bc909-5c5f-4828-b630-36cc89b72adc	Transcriptome Profiling	gene_expression	Illumina	4257020	2021-12-13T22:31:19.552162-06:00	3d240b9f7b476855919034ee3565bb84	2024-07-30T09:38:02.404007-05:00	d5664879-53a0-490a-a3cb-47c551b6bf34	Gene Expression Quantification	released	RNA-Seq	1	32.0 - 46.0	TCGA-BRCA	a35a7ce6-dba1-49fc-8a47-8ef49b4f728a	released	cf5fba05-4996-4f62-adcf-a2ee1f4c65d3_star__counts	https://github.com/NCI-GDC/gdc-rnaseq-cwl/blob/5d8c131bbff59fb0c969217fc1d44e6d1503cd1f/rnaseq-star-align/star2pass.rnaseq_harmonization.cwl	STAR - Counts	5d8c131bbff59fb0c969217fc1d44e6d1503cd1f	Solid Tissue Normal	NA	TCGA-BH-A1FN	TCGA-BH-A1FN-11A
e99a371e-14fa-46f7-89c1-ad36bcd82994	TSV	TCGA-E2-A1LH-01A-11R-A14D-07	open	28b12d43-f858-458b-9305-6581a9498e59.rna_seq.augmented_star_gene_counts.tsv	71beddde-d151-4808-8e3d-7e850a7c5f54	Transcriptome Profiling	gene_expression	Illumina	4220652	2021-12-13T22:27:40.794653-06:00	b9c56be219a1a984d83a4dadd8460c54	2024-07-30T09:31:43.734799-05:00	e99a371e-14fa-46f7-89c1-ad36bcd82994	Gene Expression Quantification	released	RNA-Seq	1	32.0 - 46.0	TCGA-BRCA	b1da965a-adea-480d-95a2-7a72667bc103	released	28b12d43-f858-458b-9305-6581a9498e59_star__counts	https://github.com/NCI-GDC/gdc-rnaseq-cwl/blob/5d8c131bbff59fb0c969217fc1d44e6d1503cd1f/rnaseq-star-align/star2pass.rnaseq_harmonization.cwl	STAR - Counts	5d8c131bbff59fb0c969217fc1d44e6d1503cd1f	Primary Tumor	NA	TCGA-E2-A1LH	TCGA-E2-A1LH-01A
798e4669-4ca3-4af1-b713-be2b1f30e4dc	TSV	TCGA-GM-A3NW-01A-21R-A22K-07	open	09c3168a-9886-4095-a5ef-8bdcd0988dea.rna_seq.augmented_star_gene_counts.tsv	684c401d-ab05-455d-86a4-27f09357eed7	Transcriptome Profiling	gene_expression	Illumina	4243574	2021-12-13T22:07:44.925157-06:00	82465d7435c8723ad8f33bd53cbe9c01	2024-07-30T09:19:46.301516-05:00	798e4669-4ca3-4af1-b713-be2b1f30e4dc	Gene Expression Quantification	released	RNA-Seq	1	32.0 - 46.0	TCGA-BRCA	84e1ef9c-9e86-4f38-b292-86f75b9b8b0d	released	09c3168a-9886-4095-a5ef-8bdcd0988dea_star__counts	https://github.com/NCI-GDC/gdc-rnaseq-cwl/blob/5d8c131bbff59fb0c969217fc1d44e6d1503cd1f/rnaseq-star-align/star2pass.rnaseq_harmonization.cwl	STAR - Counts	5d8c131bbff59fb0c969217fc1d44e6d1503cd1f	Primary Tumor	NA	TCGA-GM-A3NW	TCGA-GM-A3NW-01A
5b4ec1fd-516d-4c32-a233-0699e591df1a	TSV	TCGA-D8-A1J9-01A-11R-A13Q-07	open	4331397f-eaf9-4e43-8fa2-e30ad3643aca.rna_seq.augmented_star_gene_counts.tsv	be0f9446-a4fb-4340-8552-5f8eb2d3369e	Transcriptome Profiling	gene_expression	Illumina	4254462	2021-12-13T22:34:33.863725-06:00	6696b036fe5b0845004df65a1e3bfd61	2024-07-30T10:02:16.184610-05:00	5b4ec1fd-516d-4c32-a233-0699e591df1a	Gene Expression Quantification	released	RNA-Seq	1	32.0 - 46.0	TCGA-BRCA	d887f655-8924-4120-b3d1-2e052e28b117	released	4331397f-eaf9-4e43-8fa2-e30ad3643aca_star__counts	https://github.com/NCI-GDC/gdc-rnaseq-cwl/blob/5d8c131bbff59fb0c969217fc1d44e6d1503cd1f/rnaseq-star-align/star2pass.rnaseq_harmonization.cwl	STAR - Counts	5d8c131bbff59fb0c969217fc1d44e6d1503cd1f	Primary Tumor	NA	TCGA-D8-A1J9	TCGA-D8-A1J9-01A
d80334e2-0ee0-432a-aa78-3d6ca1f017e5	TSV	TCGA-C8-A8HR-01A-11R-A36F-07	open	87e5aef9-f493-4e46-bb5b-7cd18d5e30fc.rna_seq.augmented_star_gene_counts.tsv	45631a33-8bbd-42d1-8723-784fb4658525	Transcriptome Profiling	gene_expression	Illumina	4245239	2021-12-13T22:22:55.813916-06:00	a8953b1982a4ccfd74f438be6a4c75f0	2024-07-30T10:01:59.045749-05:00	d80334e2-0ee0-432a-aa78-3d6ca1f017e5	Gene Expression Quantification	released	RNA-Seq	1	32.0 - 46.0	TCGA-BRCA	b70018c1-ba3f-4aad-9016-7b709f24c533	released	87e5aef9-f493-4e46-bb5b-7cd18d5e30fc_star__counts	https://github.com/NCI-GDC/gdc-rnaseq-cwl/blob/5d8c131bbff59fb0c969217fc1d44e6d1503cd1f/rnaseq-star-align/star2pass.rnaseq_harmonization.cwl	STAR - Counts	5d8c131bbff59fb0c969217fc1d44e6d1503cd1f	Primary Tumor	NA	TCGA-C8-A8HR	TCGA-C8-A8HR-01A
7300d49e-2e8c-42e0-873a-1674a19b71e6	TSV	TCGA-D8-A1JF-01A-11R-A13Q-07	open	fb27491d-a418-4957-a387-9a4e4de84b06.rna_seq.augmented_star_gene_counts.tsv	fb6bc3e0-0fef-46be-951b-a52912fcc375	Transcriptome Profiling	gene_expression	Illumina	4245722	2021-12-13T22:36:08.137997-06:00	c770b3c4792dbef0ee954fc01e8fa208	2024-07-30T09:38:37.207156-05:00	7300d49e-2e8c-42e0-873a-1674a19b71e6	Gene Expression Quantification	released	RNA-Seq	1	32.0 - 46.0	TCGA-BRCA	21e1c9d8-9d33-4fc3-b39c-299f136b77eb	released	fb27491d-a418-4957-a387-9a4e4de84b06_star__counts	https://github.com/NCI-GDC/gdc-rnaseq-cwl/blob/5d8c131bbff59fb0c969217fc1d44e6d1503cd1f/rnaseq-star-align/star2pass.rnaseq_harmonization.cwl	STAR - Counts	5d8c131bbff59fb0c969217fc1d44e6d1503cd1f	Primary Tumor	NA	TCGA-D8-A1JF	TCGA-D8-A1JF-01A
808f4ac6-9bc9-402f-be36-b7ec8658c150	TSV	TCGA-E9-A1R7-11A-42R-A14M-07	open	769dff27-1f9c-422d-8ba0-703136a9d5ca.rna_seq.augmented_star_gene_counts.tsv	925e3bc3-4bff-4e5c-82e3-72a956fb3f35	Transcriptome Profiling	gene_expression	Illumina	4242848	2021-12-13T22:16:36.571299-06:00	3f73ce9f5bf6fea02f6296671de01400	2024-07-30T10:02:25.756825-05:00	808f4ac6-9bc9-402f-be36-b7ec8658c150	Gene Expression Quantification	released	RNA-Seq	1	32.0 - 46.0	TCGA-BRCA	ae058d52-c620-4697-91dd-f175d9fc2df0	released	769dff27-1f9c-422d-8ba0-703136a9d5ca_star__counts	https://github.com/NCI-GDC/gdc-rnaseq-cwl/blob/5d8c131bbff59fb0c969217fc1d44e6d1503cd1f/rnaseq-star-align/star2pass.rnaseq_harmonization.cwl	STAR - Counts	5d8c131bbff59fb0c969217fc1d44e6d1503cd1f	Solid Tissue Normal	NA	TCGA-E9-A1R7	TCGA-E9-A1R7-11A
a9f49b86-3801-420d-915c-0e09a15c6e59	TSV	TCGA-BH-A0BJ-11A-23R-A089-07	open	1b87d18e-4b47-47d0-a6de-1bb9eedb04c9.rna_seq.augmented_star_gene_counts.tsv	ede98aab-8bc8-4bef-a3e9-cc5ce7e364ed	Transcriptome Profiling	gene_expression	Illumina	4248392	2021-12-13T22:31:24.869556-06:00	45e9732c0c8e649403b6824586e885bc	2024-07-30T09:54:59.172293-05:00	a9f49b86-3801-420d-915c-0e09a15c6e59	Gene Expression Quantification	released	RNA-Seq	1	32.0 - 46.0	TCGA-BRCA	d80860b5-0591-4341-9f7d-7c3b442a286c	released	1b87d18e-4b47-47d0-a6de-1bb9eedb04c9_star__counts	https://github.com/NCI-GDC/gdc-rnaseq-cwl/blob/5d8c131bbff59fb0c969217fc1d44e6d1503cd1f/rnaseq-star-align/star2pass.rnaseq_harmonization.cwl	STAR - Counts	5d8c131bbff59fb0c969217fc1d44e6d1503cd1f	Solid Tissue Normal	NA	TCGA-BH-A0BJ	TCGA-BH-A0BJ-11A
8d558ae5-f3a1-49fa-aa44-5abc6244b57a	TSV	TCGA-E2-A1B4-01A-11R-A12P-07	open	59c3ac05-7a99-4817-ae14-1584f2b7bf36.rna_seq.augmented_star_gene_counts.tsv	42dc1009-278d-4552-b6a0-b7cb5c66b075	Transcriptome Profiling	gene_expression	Illumina	4252729	2021-12-13T21:56:23.666830-06:00	54400517921d7eee7643b33abf11db2f	2024-07-30T09:55:19.713253-05:00	8d558ae5-f3a1-49fa-aa44-5abc6244b57a	Gene Expression Quantification	released	RNA-Seq	1	32.0 - 46.0	TCGA-BRCA	f3d20d60-2da5-4e32-814e-813f2fd9116d	released	59c3ac05-7a99-4817-ae14-1584f2b7bf36_star__counts	https://github.com/NCI-GDC/gdc-rnaseq-cwl/blob/5d8c131bbff59fb0c969217fc1d44e6d1503cd1f/rnaseq-star-align/star2pass.rnaseq_harmonization.cwl	STAR - Counts	5d8c131bbff59fb0c969217fc1d44e6d1503cd1f	Primary Tumor	NA	TCGA-E2-A1B4	TCGA-E2-A1B4-01A
490df7f9-4b05-449d-bf47-d7de49aa50c0	TSV	TCGA-EW-A423-01A-11R-A24H-07	open	5cbf0ea7-4f5e-4dd7-a93e-8eb12a22d4e6.rna_seq.augmented_star_gene_counts.tsv	850d4797-9b74-46f6-ab40-9f334266ed28	Transcriptome Profiling	gene_expression	Illumina	4248102	2021-12-13T22:40:22.470517-06:00	db628dbcfa08fb53897f94debec5b535	2024-07-30T09:30:22.810100-05:00	490df7f9-4b05-449d-bf47-d7de49aa50c0	Gene Expression Quantification	released	RNA-Seq	1	32.0 - 46.0	TCGA-BRCA	439bbd98-c661-4521-8a41-09369eaadf4e	released	5cbf0ea7-4f5e-4dd7-a93e-8eb12a22d4e6_star__counts	https://github.com/NCI-GDC/gdc-rnaseq-cwl/blob/5d8c131bbff59fb0c969217fc1d44e6d1503cd1f/rnaseq-star-align/star2pass.rnaseq_harmonization.cwl	STAR - Counts	5d8c131bbff59fb0c969217fc1d44e6d1503cd1f	Primary Tumor	NA	TCGA-EW-A423	TCGA-EW-A423-01A
d880fcce-ad8a-4402-911c-11129d2225df	TSV	TCGA-D8-A27T-01A-11R-A16F-07	open	d12c28eb-32c5-4523-af42-9ad130014a40.rna_seq.augmented_star_gene_counts.tsv	c768bd66-aed2-4082-8ec1-ad1c65d4ac29	Transcriptome Profiling	gene_expression	Illumina	4248158	2021-12-13T22:13:08.960057-06:00	16c620398834300c13d5f7abb9583d3f	2024-07-30T09:40:21.198891-05:00	d880fcce-ad8a-4402-911c-11129d2225df	Gene Expression Quantification	released	RNA-Seq	1	32.0 - 46.0	TCGA-BRCA	51b8bb51-ffd7-4579-b19a-76e1b7085055	released	d12c28eb-32c5-4523-af42-9ad130014a40_star__counts	https://github.com/NCI-GDC/gdc-rnaseq-cwl/blob/5d8c131bbff59fb0c969217fc1d44e6d1503cd1f/rnaseq-star-align/star2pass.rnaseq_harmonization.cwl	STAR - Counts	5d8c131bbff59fb0c969217fc1d44e6d1503cd1f	Primary Tumor	NA	TCGA-D8-A27T	TCGA-D8-A27T-01A
55214dd2-b3e8-444c-9d02-3db6008b1920	TSV	TCGA-BH-A208-01A-11R-A157-07	open	cfe1c805-2211-419c-bf9a-e0c8b5020dce.rna_seq.augmented_star_gene_counts.tsv	32434555-7cef-4f2e-afb3-a2eb2ee76f0e	Transcriptome Profiling	gene_expression	Illumina	4234838	2021-12-13T21:49:43.246594-06:00	f76fab9540549e4bd3ce57ca78473b08	2024-07-30T10:07:27.417772-05:00	55214dd2-b3e8-444c-9d02-3db6008b1920	Gene Expression Quantification	released	RNA-Seq	1	32.0 - 46.0	TCGA-BRCA	db422385-3884-4550-aca9-f5609f9ae11f	released	cfe1c805-2211-419c-bf9a-e0c8b5020dce_star__counts	https://github.com/NCI-GDC/gdc-rnaseq-cwl/blob/5d8c131bbff59fb0c969217fc1d44e6d1503cd1f/rnaseq-star-align/star2pass.rnaseq_harmonization.cwl	STAR - Counts	5d8c131bbff59fb0c969217fc1d44e6d1503cd1f	Primary Tumor	NA	TCGA-BH-A208	TCGA-BH-A208-01A
a542178a-a338-40d4-be52-b9a71af89b58	TSV	TCGA-AO-A03T-01A-21R-A034-07	open	1a3e846b-4c7f-4aac-8c26-bb5e25f226ae.rna_seq.augmented_star_gene_counts.tsv	4edb9219-6a5c-4203-bcc6-6f8fec2fcc26	Transcriptome Profiling	gene_expression	Illumina	4231285	2021-12-13T22:18:05.240125-06:00	0d560213bf5206241e6e4bc3fceffbec	2024-07-30T09:33:35.203088-05:00	a542178a-a338-40d4-be52-b9a71af89b58	Gene Expression Quantification	released	RNA-Seq	1	32.0 - 46.0	TCGA-BRCA	75129e2e-0bfa-4edd-9697-0326ad79848d	released	1a3e846b-4c7f-4aac-8c26-bb5e25f226ae_star__counts	https://github.com/NCI-GDC/gdc-rnaseq-cwl/blob/5d8c131bbff59fb0c969217fc1d44e6d1503cd1f/rnaseq-star-align/star2pass.rnaseq_harmonization.cwl	STAR - Counts	5d8c131bbff59fb0c969217fc1d44e6d1503cd1f	Primary Tumor	NA	TCGA-AO-A03T	TCGA-AO-A03T-01A
8849e5bf-ff35-4cbf-972c-01fb92201a73	TSV	TCGA-BH-A208-11A-51R-A157-07	open	feb7140e-d822-4462-8dfa-7a63805ac740.rna_seq.augmented_star_gene_counts.tsv	fbb38399-4969-4b6e-8e6f-a6f22a61bded	Transcriptome Profiling	gene_expression	Illumina	4257533	2021-12-13T22:37:53.515608-06:00	e2a6d47d3a8a4d33f7ed25851b21da3f	2024-07-30T09:23:30.436422-05:00	8849e5bf-ff35-4cbf-972c-01fb92201a73	Gene Expression Quantification	released	RNA-Seq	1	32.0 - 46.0	TCGA-BRCA	954dbbb2-d165-4532-b9f2-9e001932c8f1	released	feb7140e-d822-4462-8dfa-7a63805ac740_star__counts	https://github.com/NCI-GDC/gdc-rnaseq-cwl/blob/5d8c131bbff59fb0c969217fc1d44e6d1503cd1f/rnaseq-star-align/star2pass.rnaseq_harmonization.cwl	STAR - Counts	5d8c131bbff59fb0c969217fc1d44e6d1503cd1f	Solid Tissue Normal	NA	TCGA-BH-A208	TCGA-BH-A208-11A
363736c4-cc2d-4920-a10b-bd0de899cdb1	TSV	TCGA-BH-A0E9-01B-11R-A115-07	open	387e08dc-a77e-4dd7-939c-1e6f515e692d.rna_seq.augmented_star_gene_counts.tsv	61140554-4fc3-453f-9c35-e1c843f06f12	Transcriptome Profiling	gene_expression	Illumina	4253724	2021-12-13T21:51:35.196135-06:00	ee5bec3e2223f32f6b825471c649e683	2024-07-30T10:00:32.875939-05:00	363736c4-cc2d-4920-a10b-bd0de899cdb1	Gene Expression Quantification	released	RNA-Seq	1	32.0 - 46.0	TCGA-BRCA	698ea08e-46a2-4793-8009-af31d2991e74	released	387e08dc-a77e-4dd7-939c-1e6f515e692d_star__counts	https://github.com/NCI-GDC/gdc-rnaseq-cwl/blob/5d8c131bbff59fb0c969217fc1d44e6d1503cd1f/rnaseq-star-align/star2pass.rnaseq_harmonization.cwl	STAR - Counts	5d8c131bbff59fb0c969217fc1d44e6d1503cd1f	Primary Tumor	NA	TCGA-BH-A0E9	TCGA-BH-A0E9-01B
7e0c78b6-4020-47b6-a8bf-46cf290c5c85	TSV	TCGA-BH-A2L8-01A-11R-A18M-07	open	ce9d6d3a-9ab8-4586-a587-3d4bf00445a5.rna_seq.augmented_star_gene_counts.tsv	616da008-56c8-4871-bf8e-7c5318a765e8	Transcriptome Profiling	gene_expression	Illumina	4248824	2021-12-13T21:52:09.112322-06:00	7e8b36dbb9df8b651eca63f9a8510b40	2024-07-30T10:05:30.537863-05:00	7e0c78b6-4020-47b6-a8bf-46cf290c5c85	Gene Expression Quantification	released	RNA-Seq	1	32.0 - 46.0	TCGA-BRCA	bb1ad2ae-256b-4ff2-a5da-a8f270b0742c	released	ce9d6d3a-9ab8-4586-a587-3d4bf00445a5_star__counts	https://github.com/NCI-GDC/gdc-rnaseq-cwl/blob/5d8c131bbff59fb0c969217fc1d44e6d1503cd1f/rnaseq-star-align/star2pass.rnaseq_harmonization.cwl	STAR - Counts	5d8c131bbff59fb0c969217fc1d44e6d1503cd1f	Primary Tumor	NA	TCGA-BH-A2L8	TCGA-BH-A2L8-01A
f6392b6f-24d9-4768-8269-c7c647f8ff8c	TSV	TCGA-A2-A0YH-01A-11R-A109-07	open	0e062eef-29b8-4622-afd9-0d3f0d1c37d6.rna_seq.augmented_star_gene_counts.tsv	5cf7e991-f923-4828-9b8c-a75e08b66895	Transcriptome Profiling	gene_expression	Illumina	4242970	2021-12-13T22:23:34.660038-06:00	fbc54d79abeac957a2364f8e4b295125	2024-07-30T09:36:55.369591-05:00	f6392b6f-24d9-4768-8269-c7c647f8ff8c	Gene Expression Quantification	released	RNA-Seq	1	32.0 - 46.0	TCGA-BRCA	4f0a959e-2300-45c1-9cdf-46e51bf5e886	released	0e062eef-29b8-4622-afd9-0d3f0d1c37d6_star__counts	https://github.com/NCI-GDC/gdc-rnaseq-cwl/blob/5d8c131bbff59fb0c969217fc1d44e6d1503cd1f/rnaseq-star-align/star2pass.rnaseq_harmonization.cwl	STAR - Counts	5d8c131bbff59fb0c969217fc1d44e6d1503cd1f	Primary Tumor	NA	TCGA-A2-A0YH	TCGA-A2-A0YH-01A
2ff175d2-100f-4ce8-8d1e-b3b95b41ae56	TSV	TCGA-AN-A0FT-01A-11R-A034-07	open	7d746ed3-9bfa-4f66-9c5a-594284ecd811.rna_seq.augmented_star_gene_counts.tsv	95508b3e-05b1-4ea3-a99f-f894646c66b7	Transcriptome Profiling	gene_expression	Illumina	4232581	2021-12-13T21:46:17.493484-06:00	494a8c926b3e402469e341bb11dd17a7	2024-07-30T09:50:39.476771-05:00	2ff175d2-100f-4ce8-8d1e-b3b95b41ae56	Gene Expression Quantification	released	RNA-Seq	1	32.0 - 46.0	TCGA-BRCA	fd869c17-fc84-4df3-b403-9fb0556ed10a	released	7d746ed3-9bfa-4f66-9c5a-594284ecd811_star__counts	https://github.com/NCI-GDC/gdc-rnaseq-cwl/blob/5d8c131bbff59fb0c969217fc1d44e6d1503cd1f/rnaseq-star-align/star2pass.rnaseq_harmonization.cwl	STAR - Counts	5d8c131bbff59fb0c969217fc1d44e6d1503cd1f	Primary Tumor	NA	TCGA-AN-A0FT	TCGA-AN-A0FT-01A
bc39baa2-786e-4d9a-874e-a7f4febc3be2	TSV	TCGA-AO-A03V-01A-11R-A115-07	open	bb7098ae-862b-488c-b67e-01ed682ec783.rna_seq.augmented_star_gene_counts.tsv	0d38ce9c-f1a2-46bc-8eca-ef02b68dc2ad	Transcriptome Profiling	gene_expression	Illumina	4243788	2021-12-13T21:58:32.725103-06:00	924842125ad905dd06b7da69b66979fb	2024-07-30T10:01:38.904501-05:00	bc39baa2-786e-4d9a-874e-a7f4febc3be2	Gene Expression Quantification	released	RNA-Seq	1	32.0 - 46.0	TCGA-BRCA	f2268abd-a932-483d-bbac-2220568f6c94	released	bb7098ae-862b-488c-b67e-01ed682ec783_star__counts	https://github.com/NCI-GDC/gdc-rnaseq-cwl/blob/5d8c131bbff59fb0c969217fc1d44e6d1503cd1f/rnaseq-star-align/star2pass.rnaseq_harmonization.cwl	STAR - Counts	5d8c131bbff59fb0c969217fc1d44e6d1503cd1f	Primary Tumor	NA	TCGA-AO-A03V	TCGA-AO-A03V-01A
59858555-bc6a-4286-8280-0f8341123cac	TSV	TCGA-AR-A1AH-01A-11R-A12D-07	open	deba354e-fcc8-4a00-aa1b-63afc9cf2861.rna_seq.augmented_star_gene_counts.tsv	bde99916-cefd-4a8d-bb00-0f38d9f78b45	Transcriptome Profiling	gene_expression	Illumina	4243705	2021-12-13T22:34:38.246091-06:00	0048b34b1c04e7c93a3ecf4f47255e7b	2024-07-30T09:21:40.766447-05:00	59858555-bc6a-4286-8280-0f8341123cac	Gene Expression Quantification	released	RNA-Seq	1	32.0 - 46.0	TCGA-BRCA	48965206-084a-4b90-bbb8-4ef31369fa73	released	deba354e-fcc8-4a00-aa1b-63afc9cf2861_star__counts	https://github.com/NCI-GDC/gdc-rnaseq-cwl/blob/5d8c131bbff59fb0c969217fc1d44e6d1503cd1f/rnaseq-star-align/star2pass.rnaseq_harmonization.cwl	STAR - Counts	5d8c131bbff59fb0c969217fc1d44e6d1503cd1f	Primary Tumor	NA	TCGA-AR-A1AH	TCGA-AR-A1AH-01A
f45af277-1f94-4cdd-97d4-8ccdbd7ff18e	TSV	TCGA-AC-A23H-11A-12R-A157-07	open	a41a8b37-2a35-487f-8a4d-ffa0f31b7839.rna_seq.augmented_star_gene_counts.tsv	8f22ebd3-59d3-4c59-bd4c-a3f91be66f48	Transcriptome Profiling	gene_expression	Illumina	4250718	2021-12-13T22:41:41.308652-06:00	cd083b8a8359c3c4b61918932440291a	2024-07-30T09:46:40.795189-05:00	f45af277-1f94-4cdd-97d4-8ccdbd7ff18e	Gene Expression Quantification	released	RNA-Seq	1	32.0 - 46.0	TCGA-BRCA	4aba7b64-b50a-4ab6-adab-54097186f80d	released	a41a8b37-2a35-487f-8a4d-ffa0f31b7839_star__counts	https://github.com/NCI-GDC/gdc-rnaseq-cwl/blob/5d8c131bbff59fb0c969217fc1d44e6d1503cd1f/rnaseq-star-align/star2pass.rnaseq_harmonization.cwl	STAR - Counts	5d8c131bbff59fb0c969217fc1d44e6d1503cd1f	Solid Tissue Normal	NA	TCGA-AC-A23H	TCGA-AC-A23H-11A
b9549737-232d-446f-812f-e7e015bfb462	TSV	TCGA-EW-A1J3-01A-11R-A13Q-07	open	ca05380c-ec64-451e-9834-9a5996017749.rna_seq.augmented_star_gene_counts.tsv	97517160-f930-4fc9-8d02-a406cb27f5ed	Transcriptome Profiling	gene_expression	Illumina	4251180	2021-12-13T22:17:22.087867-06:00	0c35879bb6a48762928d9742e2151419	2024-07-30T09:26:57.559555-05:00	b9549737-232d-446f-812f-e7e015bfb462	Gene Expression Quantification	released	RNA-Seq	1	32.0 - 46.0	TCGA-BRCA	2e55d0d0-a51a-4612-8494-acff3c372656	released	ca05380c-ec64-451e-9834-9a5996017749_star__counts	https://github.com/NCI-GDC/gdc-rnaseq-cwl/blob/5d8c131bbff59fb0c969217fc1d44e6d1503cd1f/rnaseq-star-align/star2pass.rnaseq_harmonization.cwl	STAR - Counts	5d8c131bbff59fb0c969217fc1d44e6d1503cd1f	Primary Tumor	NA	TCGA-EW-A1J3	TCGA-EW-A1J3-01A
d5120825-ab1f-446c-af1e-3be57846a15b	TSV	TCGA-AN-A0AS-01A-11R-A00Z-07	open	ed178c34-0b29-4f65-bdf5-a39969111ca8.rna_seq.augmented_star_gene_counts.tsv	a6d5706c-3591-49c6-a2a7-aff854cc6b9f	Transcriptome Profiling	gene_expression	Illumina	4232469	2021-12-13T21:51:06.214834-06:00	9a84ad0bd52c155c8f212eb28de3841a	2024-07-30T09:49:30.690556-05:00	d5120825-ab1f-446c-af1e-3be57846a15b	Gene Expression Quantification	released	RNA-Seq	1	32.0 - 46.0	TCGA-BRCA	14fbdb1a-b1c3-4f55-98ed-6579bec9d78d	released	ed178c34-0b29-4f65-bdf5-a39969111ca8_star__counts	https://github.com/NCI-GDC/gdc-rnaseq-cwl/blob/5d8c131bbff59fb0c969217fc1d44e6d1503cd1f/rnaseq-star-align/star2pass.rnaseq_harmonization.cwl	STAR - Counts	5d8c131bbff59fb0c969217fc1d44e6d1503cd1f	Primary Tumor	NA	TCGA-AN-A0AS	TCGA-AN-A0AS-01A
9054231e-9b1f-4ee4-b22c-1e9dbfdcfc03	TSV	TCGA-B6-A0X7-01A-11R-A10J-07	open	06ce7b93-1264-4219-8a2f-d8f0d295e45f.rna_seq.augmented_star_gene_counts.tsv	866d2230-635e-4d32-a32d-65c9b6d3b58d	Transcriptome Profiling	gene_expression	Illumina	4250811	2021-12-13T22:26:16.326393-06:00	ecd25fbc7b6a91bbd0e56c2d5531487c	2024-07-30T09:31:19.896959-05:00	9054231e-9b1f-4ee4-b22c-1e9dbfdcfc03	Gene Expression Quantification	released	RNA-Seq	1	32.0 - 46.0	TCGA-BRCA	927f0ac6-742a-4478-aaab-403dd1e423b5	released	06ce7b93-1264-4219-8a2f-d8f0d295e45f_star__counts	https://github.com/NCI-GDC/gdc-rnaseq-cwl/blob/5d8c131bbff59fb0c969217fc1d44e6d1503cd1f/rnaseq-star-align/star2pass.rnaseq_harmonization.cwl	STAR - Counts	5d8c131bbff59fb0c969217fc1d44e6d1503cd1f	Primary Tumor	NA	TCGA-B6-A0X7	TCGA-B6-A0X7-01A
51886a03-7aee-4b58-806f-906a29bfad0c	TSV	TCGA-D8-A141-01A-11R-A115-07	open	273bc6c8-f5a9-44df-a707-5274fcba8362.rna_seq.augmented_star_gene_counts.tsv	3407c14f-b75d-4d31-8ff8-ea74fb3976ef	Transcriptome Profiling	gene_expression	Illumina	4249683	2021-12-13T22:00:35.319968-06:00	9045d824d40fa620021fc84795cbd13e	2024-07-30T09:36:09.763499-05:00	51886a03-7aee-4b58-806f-906a29bfad0c	Gene Expression Quantification	released	RNA-Seq	1	32.0 - 46.0	TCGA-BRCA	062ac39e-446b-45b7-8ac2-dfb4bdce4900	released	273bc6c8-f5a9-44df-a707-5274fcba8362_star__counts	https://github.com/NCI-GDC/gdc-rnaseq-cwl/blob/5d8c131bbff59fb0c969217fc1d44e6d1503cd1f/rnaseq-star-align/star2pass.rnaseq_harmonization.cwl	STAR - Counts	5d8c131bbff59fb0c969217fc1d44e6d1503cd1f	Primary Tumor	NA	TCGA-D8-A141	TCGA-D8-A141-01A
392edd04-fdec-4eb7-ba2e-cef02519c219	TSV	TCGA-E9-A1RC-11A-33R-A157-07	open	3daeb643-20a6-4273-b1fc-eed2a3bb5a18.rna_seq.augmented_star_gene_counts.tsv	f8a38827-f052-4ec3-bdd7-e50da76211a3	Transcriptome Profiling	gene_expression	Illumina	4239641	2021-12-13T21:48:38.549843-06:00	6537ef72327ea4005dabf37c9ffd9d6e	2024-07-30T09:34:07.800675-05:00	392edd04-fdec-4eb7-ba2e-cef02519c219	Gene Expression Quantification	released	RNA-Seq	1	32.0 - 46.0	TCGA-BRCA	e6535ed0-ef8c-425e-a8b1-f0994a613eab	released	3daeb643-20a6-4273-b1fc-eed2a3bb5a18_star__counts	https://github.com/NCI-GDC/gdc-rnaseq-cwl/blob/5d8c131bbff59fb0c969217fc1d44e6d1503cd1f/rnaseq-star-align/star2pass.rnaseq_harmonization.cwl	STAR - Counts	5d8c131bbff59fb0c969217fc1d44e6d1503cd1f	Solid Tissue Normal	NA	TCGA-E9-A1RC	TCGA-E9-A1RC-11A
8c600781-5238-4b46-80bc-aa2710c1ed3f	TSV	TCGA-E9-A1RC-01A-11R-A157-07	open	c285a0ef-5076-4265-be61-98c064242718.rna_seq.augmented_star_gene_counts.tsv	b93fb190-50ec-41fc-8ed4-f0b0661cfa06	Transcriptome Profiling	gene_expression	Illumina	4257108	2021-12-13T21:45:29.763674-06:00	11a25cedb49566c5949aa6e2fbabaaef	2024-07-30T09:35:14.979238-05:00	8c600781-5238-4b46-80bc-aa2710c1ed3f	Gene Expression Quantification	released	RNA-Seq	1	32.0 - 46.0	TCGA-BRCA	2b893b08-39c9-44cf-8786-8b460bb5d993	released	c285a0ef-5076-4265-be61-98c064242718_star__counts	https://github.com/NCI-GDC/gdc-rnaseq-cwl/blob/5d8c131bbff59fb0c969217fc1d44e6d1503cd1f/rnaseq-star-align/star2pass.rnaseq_harmonization.cwl	STAR - Counts	5d8c131bbff59fb0c969217fc1d44e6d1503cd1f	Primary Tumor	NA	TCGA-E9-A1RC	TCGA-E9-A1RC-01A
f55dbdb1-0301-4000-a854-717aed117a63	TSV	TCGA-A2-A4RY-01A-31R-A266-07	open	45312cc1-6a70-441f-9711-85dcc224bb98.rna_seq.augmented_star_gene_counts.tsv	6ac56e0d-4201-4b3f-9252-8a911b399feb	Transcriptome Profiling	gene_expression	Illumina	4246905	2021-12-13T22:07:53.850724-06:00	e22a8783d4266ea53d32bd57df22c95a	2024-07-30T09:49:13.095456-05:00	f55dbdb1-0301-4000-a854-717aed117a63	Gene Expression Quantification	released	RNA-Seq	1	32.0 - 46.0	TCGA-BRCA	c0a4ff6a-db68-47a6-b8e1-df62e3cda8c5	released	45312cc1-6a70-441f-9711-85dcc224bb98_star__counts	https://github.com/NCI-GDC/gdc-rnaseq-cwl/blob/5d8c131bbff59fb0c969217fc1d44e6d1503cd1f/rnaseq-star-align/star2pass.rnaseq_harmonization.cwl	STAR - Counts	5d8c131bbff59fb0c969217fc1d44e6d1503cd1f	Primary Tumor	NA	TCGA-A2-A4RY	TCGA-A2-A4RY-01A
3fafe34a-38e2-4645-af4e-0d77fd5464c1	TSV	TCGA-OL-A5S0-01A-11R-A28M-07	open	e7e4c883-af18-41bf-9383-e5b9f354bc8d.rna_seq.augmented_star_gene_counts.tsv	098ccf84-4010-4e34-bd81-e16ceeeafed7	Transcriptome Profiling	gene_expression	Illumina	4232912	2021-12-13T22:39:45.427886-06:00	b018d3acef60b819579156c19c7be6c0	2024-07-30T09:48:51.665469-05:00	3fafe34a-38e2-4645-af4e-0d77fd5464c1	Gene Expression Quantification	released	RNA-Seq	1	32.0 - 46.0	TCGA-BRCA	809d788d-7d32-4714-87a3-82b9a4cb2a94	released	e7e4c883-af18-41bf-9383-e5b9f354bc8d_star__counts	https://github.com/NCI-GDC/gdc-rnaseq-cwl/blob/5d8c131bbff59fb0c969217fc1d44e6d1503cd1f/rnaseq-star-align/star2pass.rnaseq_harmonization.cwl	STAR - Counts	5d8c131bbff59fb0c969217fc1d44e6d1503cd1f	Primary Tumor	NA	TCGA-OL-A5S0	TCGA-OL-A5S0-01A
65264188-23f8-4214-a45a-574f47471bb3	TSV	TCGA-AC-A8OR-01A-21R-A41B-07	open	d5926b71-692e-4b6f-a7e1-8b5afdd745c6.rna_seq.augmented_star_gene_counts.tsv	2566d8be-edda-4bcc-9f19-5f49374770e2	Transcriptome Profiling	gene_expression	Illumina	4229357	2021-12-13T21:53:06.932817-06:00	8ffce1a5114194f441095533e208bdf3	2024-07-30T09:37:54.861541-05:00	65264188-23f8-4214-a45a-574f47471bb3	Gene Expression Quantification	released	RNA-Seq	1	32.0 - 46.0	TCGA-BRCA	7dd978ff-ec04-4040-aa52-c35a6b4f25e0	released	d5926b71-692e-4b6f-a7e1-8b5afdd745c6_star__counts	https://github.com/NCI-GDC/gdc-rnaseq-cwl/blob/5d8c131bbff59fb0c969217fc1d44e6d1503cd1f/rnaseq-star-align/star2pass.rnaseq_harmonization.cwl	STAR - Counts	5d8c131bbff59fb0c969217fc1d44e6d1503cd1f	Primary Tumor	NA	TCGA-AC-A8OR	TCGA-AC-A8OR-01A
87b59374-da2d-41ba-bbde-43a9022eac2c	TSV	TCGA-A2-A0CK-01A-11R-A22K-07	open	eee9bac6-9fb4-4b3a-8b97-cebac861a00b.rna_seq.augmented_star_gene_counts.tsv	abd888cf-8a3c-4d9c-ad30-7b8960e0dd69	Transcriptome Profiling	gene_expression	Illumina	4243981	2021-12-13T22:35:02.739204-06:00	19da77b418733b53f4135d98bef8af3c	2024-07-30T09:21:14.092874-05:00	87b59374-da2d-41ba-bbde-43a9022eac2c	Gene Expression Quantification	released	RNA-Seq	1	32.0 - 46.0	TCGA-BRCA	971f1df9-4713-43d7-9bc7-569d4e82796f	released	eee9bac6-9fb4-4b3a-8b97-cebac861a00b_star__counts	https://github.com/NCI-GDC/gdc-rnaseq-cwl/blob/5d8c131bbff59fb0c969217fc1d44e6d1503cd1f/rnaseq-star-align/star2pass.rnaseq_harmonization.cwl	STAR - Counts	5d8c131bbff59fb0c969217fc1d44e6d1503cd1f	Primary Tumor	NA	TCGA-A2-A0CK	TCGA-A2-A0CK-01A
68814d4d-9db8-471f-b4b3-5c2fecb10773	TSV	TCGA-E2-A56Z-01A-12R-A29R-07	open	baf9135d-d8dd-4e04-9115-4055b81fae05.rna_seq.augmented_star_gene_counts.tsv	81143619-efc5-4188-b522-5292ae7692f0	Transcriptome Profiling	gene_expression	Illumina	4238472	2021-12-13T22:41:01.116848-06:00	613db1c6e073f367a16a264e56ecc66f	2024-07-30T09:42:02.464120-05:00	68814d4d-9db8-471f-b4b3-5c2fecb10773	Gene Expression Quantification	released	RNA-Seq	1	32.0 - 46.0	TCGA-BRCA	e92e0879-7ee4-468d-8738-dbde97faf839	released	baf9135d-d8dd-4e04-9115-4055b81fae05_star__counts	https://github.com/NCI-GDC/gdc-rnaseq-cwl/blob/5d8c131bbff59fb0c969217fc1d44e6d1503cd1f/rnaseq-star-align/star2pass.rnaseq_harmonization.cwl	STAR - Counts	5d8c131bbff59fb0c969217fc1d44e6d1503cd1f	Primary Tumor	NA	TCGA-E2-A56Z	TCGA-E2-A56Z-01A
4b96ee43-874c-4fa6-b5ce-08caf37ef2e1	TSV	TCGA-A7-A13E-01A-11R-A277-07	open	d27304e0-1b0b-4fc3-8e0d-af2c305d30f8.rna_seq.augmented_star_gene_counts.tsv	a82e3cda-c73b-4021-b043-254351748b2d	Transcriptome Profiling	gene_expression	Illumina	4221794	2021-12-13T21:49:41.959691-06:00	edbc471815bf00b56272e70251d444fa	2024-07-30T10:00:21.985066-05:00	4b96ee43-874c-4fa6-b5ce-08caf37ef2e1	Gene Expression Quantification	released	RNA-Seq	1	32.0 - 46.0	TCGA-BRCA	d906b039-7bb4-490d-8067-06e732f8ab0e	released	d27304e0-1b0b-4fc3-8e0d-af2c305d30f8_star__counts	https://github.com/NCI-GDC/gdc-rnaseq-cwl/blob/5d8c131bbff59fb0c969217fc1d44e6d1503cd1f/rnaseq-star-align/star2pass.rnaseq_harmonization.cwl	STAR - Counts	5d8c131bbff59fb0c969217fc1d44e6d1503cd1f	Primary Tumor	NA	TCGA-A7-A13E	TCGA-A7-A13E-01A
d914654b-ec4f-4be5-a525-2997a4b39279	TSV	TCGA-B6-A0RV-01A-11R-A084-07	open	f77281dc-f8c5-4da7-b151-873b03e986ad.rna_seq.augmented_star_gene_counts.tsv	967ddb12-c775-40a9-8983-5cad9afffb76	Transcriptome Profiling	gene_expression	Illumina	4240552	2021-12-13T22:17:46.574413-06:00	4cb71967fec632bf65437ba30aa32fba	2024-07-30T09:46:09.034476-05:00	d914654b-ec4f-4be5-a525-2997a4b39279	Gene Expression Quantification	released	RNA-Seq	1	32.0 - 46.0	TCGA-BRCA	e6975499-630a-416e-9dd2-8a85e0a2a3d7	released	f77281dc-f8c5-4da7-b151-873b03e986ad_star__counts	https://github.com/NCI-GDC/gdc-rnaseq-cwl/blob/5d8c131bbff59fb0c969217fc1d44e6d1503cd1f/rnaseq-star-align/star2pass.rnaseq_harmonization.cwl	STAR - Counts	5d8c131bbff59fb0c969217fc1d44e6d1503cd1f	Primary Tumor	NA	TCGA-B6-A0RV	TCGA-B6-A0RV-01A
4e98f490-cbdf-4864-8cc3-b5f9d3c95146	TSV	TCGA-E9-A1R6-01A-11R-A14D-07	open	ef2a6bd9-fe3b-4b67-942c-89f3a34813ad.rna_seq.augmented_star_gene_counts.tsv	4413b109-4fca-4263-b45f-1399ca4a9da4	Transcriptome Profiling	gene_expression	Illumina	4239942	2021-12-13T21:57:36.444761-06:00	40b2492e4a2d3dff95a3d9f91560898f	2024-07-30T10:02:29.665202-05:00	4e98f490-cbdf-4864-8cc3-b5f9d3c95146	Gene Expression Quantification	released	RNA-Seq	1	32.0 - 46.0	TCGA-BRCA	fd2c40d4-9c1b-4c64-b485-ddc18366f046	released	ef2a6bd9-fe3b-4b67-942c-89f3a34813ad_star__counts	https://github.com/NCI-GDC/gdc-rnaseq-cwl/blob/5d8c131bbff59fb0c969217fc1d44e6d1503cd1f/rnaseq-star-align/star2pass.rnaseq_harmonization.cwl	STAR - Counts	5d8c131bbff59fb0c969217fc1d44e6d1503cd1f	Primary Tumor	NA	TCGA-E9-A1R6	TCGA-E9-A1R6-01A
7d0189e8-9726-439a-b5e4-b650bc33794b	TSV	TCGA-BH-A0C7-01B-11R-A115-07	open	488d0d81-4872-4204-b8e8-745e64a35d65.rna_seq.augmented_star_gene_counts.tsv	d7bdf37e-ba57-4562-8918-7987086f7bdc	Transcriptome Profiling	gene_expression	Illumina	4257448	2021-12-13T22:11:16.378627-06:00	a226781deb6b2498d54ed44ebe7ed4e2	2024-07-30T09:29:42.448043-05:00	7d0189e8-9726-439a-b5e4-b650bc33794b	Gene Expression Quantification	released	RNA-Seq	1	32.0 - 46.0	TCGA-BRCA	e964824f-c80a-4881-8dc4-193aa843af46	released	488d0d81-4872-4204-b8e8-745e64a35d65_star__counts	https://github.com/NCI-GDC/gdc-rnaseq-cwl/blob/5d8c131bbff59fb0c969217fc1d44e6d1503cd1f/rnaseq-star-align/star2pass.rnaseq_harmonization.cwl	STAR - Counts	5d8c131bbff59fb0c969217fc1d44e6d1503cd1f	Primary Tumor	NA	TCGA-BH-A0C7	TCGA-BH-A0C7-01B
478c9754-5a19-477b-8b9d-0825f95f88ff	TSV	TCGA-E2-A570-01A-11R-A29R-07	open	80982d2d-ce35-4251-a545-391c0d6295d8.rna_seq.augmented_star_gene_counts.tsv	aa5c5ac6-4d5e-4d48-8e1c-329d0225ab41	Transcriptome Profiling	gene_expression	Illumina	4240162	2021-12-13T22:10:04.383798-06:00	67079dded2516271a203de481f72137d	2024-07-30T09:26:55.166423-05:00	478c9754-5a19-477b-8b9d-0825f95f88ff	Gene Expression Quantification	released	RNA-Seq	1	32.0 - 46.0	TCGA-BRCA	9c9aa181-1a27-4a86-9b64-04c5529f705a	released	80982d2d-ce35-4251-a545-391c0d6295d8_star__counts	https://github.com/NCI-GDC/gdc-rnaseq-cwl/blob/5d8c131bbff59fb0c969217fc1d44e6d1503cd1f/rnaseq-star-align/star2pass.rnaseq_harmonization.cwl	STAR - Counts	5d8c131bbff59fb0c969217fc1d44e6d1503cd1f	Primary Tumor	NA	TCGA-E2-A570	TCGA-E2-A570-01A
27513ce4-3807-481f-abcb-c59774a90519	TSV	TCGA-BH-A0AY-01A-21R-A00Z-07	open	e682e28e-0611-4e92-899c-637fde17423d.rna_seq.augmented_star_gene_counts.tsv	ed90a13d-6f90-417c-a954-cacd53610f8a	Transcriptome Profiling	gene_expression	Illumina	4233945	2021-12-13T22:33:11.100452-06:00	eff0d5a74dadb4307db0bdc952793a06	2024-07-30T09:30:42.164813-05:00	27513ce4-3807-481f-abcb-c59774a90519	Gene Expression Quantification	released	RNA-Seq	1	32.0 - 46.0	TCGA-BRCA	1b2e4a80-c9e3-4c8d-a9d7-d7f0e6df4f4c	released	e682e28e-0611-4e92-899c-637fde17423d_star__counts	https://github.com/NCI-GDC/gdc-rnaseq-cwl/blob/5d8c131bbff59fb0c969217fc1d44e6d1503cd1f/rnaseq-star-align/star2pass.rnaseq_harmonization.cwl	STAR - Counts	5d8c131bbff59fb0c969217fc1d44e6d1503cd1f	Primary Tumor	NA	TCGA-BH-A0AY	TCGA-BH-A0AY-01A
5755f322-5df5-4b88-9c79-640167775c12	TSV	TCGA-E2-A1LS-01A-12R-A157-07	open	8bf23a6b-8ca6-4fcf-b4e9-a14c3a875526.rna_seq.augmented_star_gene_counts.tsv	1324c6a9-112e-4327-bf6c-23c192d0633e	Transcriptome Profiling	gene_expression	Illumina	4227452	2021-12-13T22:02:10.000611-06:00	4e792b3fb39984a371f0360c439f1d6e	2024-07-30T09:57:41.232866-05:00	5755f322-5df5-4b88-9c79-640167775c12	Gene Expression Quantification	released	RNA-Seq	1	32.0 - 46.0	TCGA-BRCA	9d1ede5b-62cc-4ec6-83d7-755961bd2915	released	8bf23a6b-8ca6-4fcf-b4e9-a14c3a875526_star__counts	https://github.com/NCI-GDC/gdc-rnaseq-cwl/blob/5d8c131bbff59fb0c969217fc1d44e6d1503cd1f/rnaseq-star-align/star2pass.rnaseq_harmonization.cwl	STAR - Counts	5d8c131bbff59fb0c969217fc1d44e6d1503cd1f	Primary Tumor	NA	TCGA-E2-A1LS	TCGA-E2-A1LS-01A
2a2d5de1-44d7-4c83-91d6-fc1b3c136143	TSV	TCGA-A8-A09N-01A-11R-A00Z-07	open	f602fb69-df50-4b19-8e14-c1979a120119.rna_seq.augmented_star_gene_counts.tsv	e6d5793f-71c7-4f70-9167-3731a42b490a	Transcriptome Profiling	gene_expression	Illumina	4232703	2021-12-13T22:01:51.404319-06:00	2032f8c718a287c6794b8855ba949288	2024-07-30T09:57:09.336213-05:00	2a2d5de1-44d7-4c83-91d6-fc1b3c136143	Gene Expression Quantification	released	RNA-Seq	1	32.0 - 46.0	TCGA-BRCA	0f6bbfe2-7edf-498c-8bf5-021958fcdbac	released	f602fb69-df50-4b19-8e14-c1979a120119_star__counts	https://github.com/NCI-GDC/gdc-rnaseq-cwl/blob/5d8c131bbff59fb0c969217fc1d44e6d1503cd1f/rnaseq-star-align/star2pass.rnaseq_harmonization.cwl	STAR - Counts	5d8c131bbff59fb0c969217fc1d44e6d1503cd1f	Primary Tumor	NA	TCGA-A8-A09N	TCGA-A8-A09N-01A
78b9cc4c-a99b-4814-9538-3cf9515af75b	TSV	TCGA-A8-A09D-01A-11R-A00Z-07	open	16bd1ebb-5bf9-4839-99bd-5a4d3dcad7b8.rna_seq.augmented_star_gene_counts.tsv	fb9fe4ec-6849-4fb5-a30f-423d39386e29	Transcriptome Profiling	gene_expression	Illumina	4240298	2021-12-13T22:42:31.594471-06:00	d7bd044cb0033509c72aeba4cc14ee84	2024-07-30T09:33:11.582325-05:00	78b9cc4c-a99b-4814-9538-3cf9515af75b	Gene Expression Quantification	released	RNA-Seq	1	32.0 - 46.0	TCGA-BRCA	95b68e2e-d2a9-4990-8865-8f9a6cc2daad	released	16bd1ebb-5bf9-4839-99bd-5a4d3dcad7b8_star__counts	https://github.com/NCI-GDC/gdc-rnaseq-cwl/blob/5d8c131bbff59fb0c969217fc1d44e6d1503cd1f/rnaseq-star-align/star2pass.rnaseq_harmonization.cwl	STAR - Counts	5d8c131bbff59fb0c969217fc1d44e6d1503cd1f	Primary Tumor	NA	TCGA-A8-A09D	TCGA-A8-A09D-01A
0a74ea3f-dadc-4c9f-96ea-62a77c1e602c	TSV	TCGA-C8-A135-01A-11R-A115-07	open	4fa35f20-e26e-4bb0-811d-b307e3927904.rna_seq.augmented_star_gene_counts.tsv	41d09164-0183-4546-b358-45d1c3e37331	Transcriptome Profiling	gene_expression	Illumina	4234417	2021-12-13T21:52:59.209058-06:00	770efd27048e2f5be057406087d55e20	2024-07-30T09:46:24.622675-05:00	0a74ea3f-dadc-4c9f-96ea-62a77c1e602c	Gene Expression Quantification	released	RNA-Seq	1	32.0 - 46.0	TCGA-BRCA	bcf3d22a-a121-4821-9ed3-769d0436cf06	released	4fa35f20-e26e-4bb0-811d-b307e3927904_star__counts	https://github.com/NCI-GDC/gdc-rnaseq-cwl/blob/5d8c131bbff59fb0c969217fc1d44e6d1503cd1f/rnaseq-star-align/star2pass.rnaseq_harmonization.cwl	STAR - Counts	5d8c131bbff59fb0c969217fc1d44e6d1503cd1f	Primary Tumor	NA	TCGA-C8-A135	TCGA-C8-A135-01A
d5d23d6a-c141-442f-ac4f-714e46b8d9ef	TSV	TCGA-A2-A0T5-01A-21R-A084-07	open	9907c264-961c-46b4-94a8-bf7e234621d8.rna_seq.augmented_star_gene_counts.tsv	fb9f5e35-a216-4146-a885-41a40335c7bd	Transcriptome Profiling	gene_expression	Illumina	4242190	2021-12-13T22:29:47.937575-06:00	288124eac80aedcedec4c3e4f1eed620	2024-07-30T09:42:33.935298-05:00	d5d23d6a-c141-442f-ac4f-714e46b8d9ef	Gene Expression Quantification	released	RNA-Seq	1	32.0 - 46.0	TCGA-BRCA	19589bd3-8543-4664-afaf-da4bd9bb18df	released	9907c264-961c-46b4-94a8-bf7e234621d8_star__counts	https://github.com/NCI-GDC/gdc-rnaseq-cwl/blob/5d8c131bbff59fb0c969217fc1d44e6d1503cd1f/rnaseq-star-align/star2pass.rnaseq_harmonization.cwl	STAR - Counts	5d8c131bbff59fb0c969217fc1d44e6d1503cd1f	Primary Tumor	NA	TCGA-A2-A0T5	TCGA-A2-A0T5-01A
19264a73-b106-4b24-be01-0a9a137c6de9	TSV	TCGA-D8-A1J8-01A-11R-A13Q-07	open	2966096f-4a35-4dca-ab38-ac86074fa29e.rna_seq.augmented_star_gene_counts.tsv	d9423d88-7e8b-4f0a-bec5-6f08b765c7de	Transcriptome Profiling	gene_expression	Illumina	4249540	2021-12-13T22:03:11.747545-06:00	1e58a741cf7f8fc0cac4197a835e0b59	2024-07-30T09:41:36.158359-05:00	19264a73-b106-4b24-be01-0a9a137c6de9	Gene Expression Quantification	released	RNA-Seq	1	32.0 - 46.0	TCGA-BRCA	0f9f6f7b-f084-4dc2-a789-f92d3f916782	released	2966096f-4a35-4dca-ab38-ac86074fa29e_star__counts	https://github.com/NCI-GDC/gdc-rnaseq-cwl/blob/5d8c131bbff59fb0c969217fc1d44e6d1503cd1f/rnaseq-star-align/star2pass.rnaseq_harmonization.cwl	STAR - Counts	5d8c131bbff59fb0c969217fc1d44e6d1503cd1f	Primary Tumor	NA	TCGA-D8-A1J8	TCGA-D8-A1J8-01A
e20d0db7-984a-4bcf-9f1e-54ec63d55a2f	TSV	TCGA-C8-A133-01A-32R-A12D-07	open	9e563a6c-1c6f-4901-a1af-f1ef2d8da025.rna_seq.augmented_star_gene_counts.tsv	48d67e32-e238-472d-a40d-24037c638a5c	Transcriptome Profiling	gene_expression	Illumina	4224223	2021-12-13T22:04:32.924565-06:00	d0c7c952df35e5ceae405226060056e3	2024-07-30T09:51:39.475450-05:00	e20d0db7-984a-4bcf-9f1e-54ec63d55a2f	Gene Expression Quantification	released	RNA-Seq	1	32.0 - 46.0	TCGA-BRCA	a0a55b41-0b20-4339-8cb1-ba50d87672af	released	9e563a6c-1c6f-4901-a1af-f1ef2d8da025_star__counts	https://github.com/NCI-GDC/gdc-rnaseq-cwl/blob/5d8c131bbff59fb0c969217fc1d44e6d1503cd1f/rnaseq-star-align/star2pass.rnaseq_harmonization.cwl	STAR - Counts	5d8c131bbff59fb0c969217fc1d44e6d1503cd1f	Primary Tumor	NA	TCGA-C8-A133	TCGA-C8-A133-01A
9b13d7e4-d265-4c0b-8aa3-5b4af70ff87d	TSV	TCGA-EW-A1IY-01A-11R-A13Q-07	open	8fff7b55-a9c5-4179-a86a-80bff4fed1b0.rna_seq.augmented_star_gene_counts.tsv	fd6a0e83-932c-4ce8-ae09-ce5e50694034	Transcriptome Profiling	gene_expression	Illumina	4253831	2021-12-13T22:39:52.551675-06:00	4582565f10b5a0f5c9c0a95bebfe3f79	2024-07-30T09:27:17.604108-05:00	9b13d7e4-d265-4c0b-8aa3-5b4af70ff87d	Gene Expression Quantification	released	RNA-Seq	1	32.0 - 46.0	TCGA-BRCA	8092a836-989c-4f7f-b897-8f8efc2f6b44	released	8fff7b55-a9c5-4179-a86a-80bff4fed1b0_star__counts	https://github.com/NCI-GDC/gdc-rnaseq-cwl/blob/5d8c131bbff59fb0c969217fc1d44e6d1503cd1f/rnaseq-star-align/star2pass.rnaseq_harmonization.cwl	STAR - Counts	5d8c131bbff59fb0c969217fc1d44e6d1503cd1f	Primary Tumor	NA	TCGA-EW-A1IY	TCGA-EW-A1IY-01A
09f9ebad-e7cd-4c20-9eab-8fd2066d9051	TSV	TCGA-BH-A1FC-01A-11R-A13Q-07	open	31c69703-e318-4e31-aae8-c6cfabe61bc3.rna_seq.augmented_star_gene_counts.tsv	26b9c4f7-49e7-4362-bf67-2b029984192f	Transcriptome Profiling	gene_expression	Illumina	4244293	2021-12-13T22:30:29.987693-06:00	482496c170ea4094573f142fc68cba9b	2024-07-30T09:33:00.507944-05:00	09f9ebad-e7cd-4c20-9eab-8fd2066d9051	Gene Expression Quantification	released	RNA-Seq	1	32.0 - 46.0	TCGA-BRCA	09a24baf-1c0b-49e4-9fa1-fac6933b8345	released	31c69703-e318-4e31-aae8-c6cfabe61bc3_star__counts	https://github.com/NCI-GDC/gdc-rnaseq-cwl/blob/5d8c131bbff59fb0c969217fc1d44e6d1503cd1f/rnaseq-star-align/star2pass.rnaseq_harmonization.cwl	STAR - Counts	5d8c131bbff59fb0c969217fc1d44e6d1503cd1f	Primary Tumor	NA	TCGA-BH-A1FC	TCGA-BH-A1FC-01A
fc203d80-6254-402c-8c8b-a5500bfa909e	TSV	TCGA-AR-A0TV-01A-21R-A084-07	open	f4cecad7-2cca-4990-9d88-115b6b201cc5.rna_seq.augmented_star_gene_counts.tsv	50e52c6f-efe4-4f08-933a-7dcd2b729cf6	Transcriptome Profiling	gene_expression	Illumina	4241423	2021-12-13T21:49:53.082777-06:00	4d63f4308e0b7aa42c5a8851b2e04e70	2024-07-30T08:51:42.543017-05:00	fc203d80-6254-402c-8c8b-a5500bfa909e	Gene Expression Quantification	released	RNA-Seq	1	32.0 - 46.0	TCGA-BRCA	8149c7a5-ca51-460f-8db5-acb50fae1816	released	f4cecad7-2cca-4990-9d88-115b6b201cc5_star__counts	https://github.com/NCI-GDC/gdc-rnaseq-cwl/blob/5d8c131bbff59fb0c969217fc1d44e6d1503cd1f/rnaseq-star-align/star2pass.rnaseq_harmonization.cwl	STAR - Counts	5d8c131bbff59fb0c969217fc1d44e6d1503cd1f	Primary Tumor	NA	TCGA-AR-A0TV	TCGA-AR-A0TV-01A
63adf5e2-d5cb-4937-a0ee-f2914e130b25	TSV	TCGA-E9-A1N9-11A-71R-A14D-07	open	86931155-2879-41e4-8fa2-1f24826d8768.rna_seq.augmented_star_gene_counts.tsv	591b4aa8-bb53-4a86-9ef9-daec11ea61f6	Transcriptome Profiling	gene_expression	Illumina	4251036	2021-12-13T22:39:43.843879-06:00	337f5f52c8e3820ee20b0fa1d1eabfce	2024-07-30T09:53:41.144660-05:00	63adf5e2-d5cb-4937-a0ee-f2914e130b25	Gene Expression Quantification	released	RNA-Seq	1	32.0 - 46.0	TCGA-BRCA	fc60efc1-5807-4197-9933-2e42bf123e97	released	86931155-2879-41e4-8fa2-1f24826d8768_star__counts	https://github.com/NCI-GDC/gdc-rnaseq-cwl/blob/5d8c131bbff59fb0c969217fc1d44e6d1503cd1f/rnaseq-star-align/star2pass.rnaseq_harmonization.cwl	STAR - Counts	5d8c131bbff59fb0c969217fc1d44e6d1503cd1f	Solid Tissue Normal	NA	TCGA-E9-A1N9	TCGA-E9-A1N9-11A
1277b2ec-0374-403f-8bba-cb57aeeb0d01	TSV	TCGA-D8-A4Z1-01A-21R-A266-07	open	0631de29-6e9a-4928-ab8a-c76bd44dbd45.rna_seq.augmented_star_gene_counts.tsv	8b04a494-283a-4053-82d1-80646adfac14	Transcriptome Profiling	gene_expression	Illumina	4242672	2021-12-13T22:07:16.640153-06:00	7c55960e1c21ea1ab385725aee1da6e4	2024-07-30T09:55:41.869822-05:00	1277b2ec-0374-403f-8bba-cb57aeeb0d01	Gene Expression Quantification	released	RNA-Seq	1	32.0 - 46.0	TCGA-BRCA	4eb5d320-a811-460e-a93b-f5d422cf6261	released	0631de29-6e9a-4928-ab8a-c76bd44dbd45_star__counts	https://github.com/NCI-GDC/gdc-rnaseq-cwl/blob/5d8c131bbff59fb0c969217fc1d44e6d1503cd1f/rnaseq-star-align/star2pass.rnaseq_harmonization.cwl	STAR - Counts	5d8c131bbff59fb0c969217fc1d44e6d1503cd1f	Primary Tumor	NA	TCGA-D8-A4Z1	TCGA-D8-A4Z1-01A
707414cc-7f34-41c6-8803-6641521a4069	TSV	TCGA-AO-A1KR-01A-12R-A144-07	open	b1d64529-4f34-4644-b0e7-20606827ccd4.rna_seq.augmented_star_gene_counts.tsv	6639fa90-e106-4ffc-9211-d374d6c2fcf2	Transcriptome Profiling	gene_expression	Illumina	4221360	2021-12-13T22:18:22.393682-06:00	376775c07a9d2429cc5360caa4a64415	2024-07-30T10:00:48.168617-05:00	707414cc-7f34-41c6-8803-6641521a4069	Gene Expression Quantification	released	RNA-Seq	1	32.0 - 46.0	TCGA-BRCA	ed19b448-8a6b-4f29-9523-88f84204cb0f	released	b1d64529-4f34-4644-b0e7-20606827ccd4_star__counts	https://github.com/NCI-GDC/gdc-rnaseq-cwl/blob/5d8c131bbff59fb0c969217fc1d44e6d1503cd1f/rnaseq-star-align/star2pass.rnaseq_harmonization.cwl	STAR - Counts	5d8c131bbff59fb0c969217fc1d44e6d1503cd1f	Primary Tumor	NA	TCGA-AO-A1KR	TCGA-AO-A1KR-01A
ada5cdcf-f9e0-4209-aa92-ac3b921bbdf4	TSV	TCGA-E2-A14X-01A-11R-A115-07	open	7e48e080-0ec9-4589-ba1d-6f7a1f60a010.rna_seq.augmented_star_gene_counts.tsv	a86a4452-6b59-4177-b2c5-7e3cf7864f2d	Transcriptome Profiling	gene_expression	Illumina	4258418	2021-12-13T22:22:29.747188-06:00	a9118dbf7f51e9cd86b2dedb5dce36d6	2024-07-30T10:01:21.473472-05:00	ada5cdcf-f9e0-4209-aa92-ac3b921bbdf4	Gene Expression Quantification	released	RNA-Seq	1	32.0 - 46.0	TCGA-BRCA	587cbffe-a983-41af-9d28-20ebd6b19391	released	7e48e080-0ec9-4589-ba1d-6f7a1f60a010_star__counts	https://github.com/NCI-GDC/gdc-rnaseq-cwl/blob/5d8c131bbff59fb0c969217fc1d44e6d1503cd1f/rnaseq-star-align/star2pass.rnaseq_harmonization.cwl	STAR - Counts	5d8c131bbff59fb0c969217fc1d44e6d1503cd1f	Primary Tumor	NA	TCGA-E2-A14X	TCGA-E2-A14X-01A
6185d5c4-f757-4baa-bd82-fd4050c57312	TSV	TCGA-OL-A5RU-01A-11R-A28M-07	open	a32190c5-a193-4e90-ac98-38a600bb10f0.rna_seq.augmented_star_gene_counts.tsv	453fd823-d097-4b18-ad60-84ed4263c8fe	Transcriptome Profiling	gene_expression	Illumina	4243115	2021-12-13T21:45:45.414876-06:00	7bfb9c9ed5c5d2e0c65d0975e98b49b3	2024-07-30T09:44:54.982448-05:00	6185d5c4-f757-4baa-bd82-fd4050c57312	Gene Expression Quantification	released	RNA-Seq	1	32.0 - 46.0	TCGA-BRCA	f6dc736e-26c5-4e6a-b204-61282921ddfb	released	a32190c5-a193-4e90-ac98-38a600bb10f0_star__counts	https://github.com/NCI-GDC/gdc-rnaseq-cwl/blob/5d8c131bbff59fb0c969217fc1d44e6d1503cd1f/rnaseq-star-align/star2pass.rnaseq_harmonization.cwl	STAR - Counts	5d8c131bbff59fb0c969217fc1d44e6d1503cd1f	Primary Tumor	NA	TCGA-OL-A5RU	TCGA-OL-A5RU-01A
ac16e2b7-9566-4330-8e13-4b31b92410e4	TSV	TCGA-PL-A8LX-01A-11R-A41B-07	open	94367ad2-de29-4beb-8dab-f79174894cd2.rna_seq.augmented_star_gene_counts.tsv	786881dc-d690-48b6-8f03-5b7655d64135	Transcriptome Profiling	gene_expression	Illumina	4231779	2021-12-13T22:13:32.193700-06:00	c02d45b6d17832457718951be88472d7	2024-07-30T09:23:35.549546-05:00	ac16e2b7-9566-4330-8e13-4b31b92410e4	Gene Expression Quantification	released	RNA-Seq	1	32.0 - 46.0	TCGA-BRCA	2bf0702b-124d-4f9e-af51-54e2efe00d23	released	94367ad2-de29-4beb-8dab-f79174894cd2_star__counts	https://github.com/NCI-GDC/gdc-rnaseq-cwl/blob/5d8c131bbff59fb0c969217fc1d44e6d1503cd1f/rnaseq-star-align/star2pass.rnaseq_harmonization.cwl	STAR - Counts	5d8c131bbff59fb0c969217fc1d44e6d1503cd1f	Primary Tumor	NA	TCGA-PL-A8LX	TCGA-PL-A8LX-01A
d9126541-4eb3-48fc-88ed-2e0ecea0d9d4	TSV	TCGA-E9-A1N5-01A-11R-A14D-07	open	1880f86a-77c8-4eac-a3e7-a62f5edad8fb.rna_seq.augmented_star_gene_counts.tsv	3ee6459b-e3a2-44e3-9236-9f71e980744b	Transcriptome Profiling	gene_expression	Illumina	4237467	2021-12-13T21:44:17.631024-06:00	ceae647b7daf772b1c566ad9016ef4a1	2024-07-30T09:45:47.006460-05:00	d9126541-4eb3-48fc-88ed-2e0ecea0d9d4	Gene Expression Quantification	released	RNA-Seq	1	32.0 - 46.0	TCGA-BRCA	b24daf54-e353-4be7-bc5a-72858937ebd4	released	1880f86a-77c8-4eac-a3e7-a62f5edad8fb_star__counts	https://github.com/NCI-GDC/gdc-rnaseq-cwl/blob/5d8c131bbff59fb0c969217fc1d44e6d1503cd1f/rnaseq-star-align/star2pass.rnaseq_harmonization.cwl	STAR - Counts	5d8c131bbff59fb0c969217fc1d44e6d1503cd1f	Primary Tumor	NA	TCGA-E9-A1N5	TCGA-E9-A1N5-01A
da93e1a9-6863-4c98-b1fd-52d22ecbca45	TSV	TCGA-S3-AA17-01A-11R-A41B-07	open	a20bcc86-fe98-42a9-93ad-9027181dad5f.rna_seq.augmented_star_gene_counts.tsv	12b553ab-da66-4447-8fa1-51f844fc8ff0	Transcriptome Profiling	gene_expression	Illumina	4240855	2021-12-13T22:21:57.870367-06:00	ad782772336979a6d3137569f6851d00	2024-07-30T09:49:38.988871-05:00	da93e1a9-6863-4c98-b1fd-52d22ecbca45	Gene Expression Quantification	released	RNA-Seq	1	32.0 - 46.0	TCGA-BRCA	0c569e09-6618-434f-8192-b24bb09a8d81	released	a20bcc86-fe98-42a9-93ad-9027181dad5f_star__counts	https://github.com/NCI-GDC/gdc-rnaseq-cwl/blob/5d8c131bbff59fb0c969217fc1d44e6d1503cd1f/rnaseq-star-align/star2pass.rnaseq_harmonization.cwl	STAR - Counts	5d8c131bbff59fb0c969217fc1d44e6d1503cd1f	Primary Tumor	NA	TCGA-S3-AA17	TCGA-S3-AA17-01A
c94fb480-7f46-4c24-bcb1-26f66a57c45a	TSV	TCGA-A2-A0YE-01A-11R-A109-07	open	92914efd-97af-48e2-b097-e91129f8c1b2.rna_seq.augmented_star_gene_counts.tsv	f567f802-c3bf-47dd-ac5d-1cee8866459b	Transcriptome Profiling	gene_expression	Illumina	4245895	2021-12-13T21:50:16.849697-06:00	1dcf5ce34e08ca849c59078a88bdd522	2024-07-30T09:42:28.578369-05:00	c94fb480-7f46-4c24-bcb1-26f66a57c45a	Gene Expression Quantification	released	RNA-Seq	1	32.0 - 46.0	TCGA-BRCA	f1b8df1b-20d6-48f9-892e-65b74115b85d	released	92914efd-97af-48e2-b097-e91129f8c1b2_star__counts	https://github.com/NCI-GDC/gdc-rnaseq-cwl/blob/5d8c131bbff59fb0c969217fc1d44e6d1503cd1f/rnaseq-star-align/star2pass.rnaseq_harmonization.cwl	STAR - Counts	5d8c131bbff59fb0c969217fc1d44e6d1503cd1f	Primary Tumor	NA	TCGA-A2-A0YE	TCGA-A2-A0YE-01A
d93c4b85-2617-43d9-8017-ed3a82dc4117	TSV	TCGA-AC-A3EH-01A-22R-A22K-07	open	5cb07e9d-28b8-41bf-bbb5-b8b56cc12cdc.rna_seq.augmented_star_gene_counts.tsv	0b49c313-d4f5-42b6-8c76-36596ad99c27	Transcriptome Profiling	gene_expression	Illumina	4238882	2021-12-13T21:52:52.736583-06:00	db427cea18f071da2a8f9ac75b41f875	2024-07-30T09:24:03.662452-05:00	d93c4b85-2617-43d9-8017-ed3a82dc4117	Gene Expression Quantification	released	RNA-Seq	1	32.0 - 46.0	TCGA-BRCA	42e38888-bbca-404b-a0d4-58d6c3b7e1b5	released	5cb07e9d-28b8-41bf-bbb5-b8b56cc12cdc_star__counts	https://github.com/NCI-GDC/gdc-rnaseq-cwl/blob/5d8c131bbff59fb0c969217fc1d44e6d1503cd1f/rnaseq-star-align/star2pass.rnaseq_harmonization.cwl	STAR - Counts	5d8c131bbff59fb0c969217fc1d44e6d1503cd1f	Primary Tumor	NA	TCGA-AC-A3EH	TCGA-AC-A3EH-01A
80c3e656-26e4-4b45-acce-fac1a0c09d28	TSV	TCGA-B6-A40B-01A-11R-A239-07	open	e862a544-f553-47fa-ba8b-675e0ce7c5bd.rna_seq.augmented_star_gene_counts.tsv	3c563b5d-a73a-4b4c-adff-3b282c47561b	Transcriptome Profiling	gene_expression	Illumina	4248935	2021-12-13T22:31:04.166802-06:00	53b5125b02e417825e72511b0e324d40	2024-07-30T09:58:05.532526-05:00	80c3e656-26e4-4b45-acce-fac1a0c09d28	Gene Expression Quantification	released	RNA-Seq	1	32.0 - 46.0	TCGA-BRCA	92e24675-e1f3-49aa-b8c9-9960194cd9f9	released	e862a544-f553-47fa-ba8b-675e0ce7c5bd_star__counts	https://github.com/NCI-GDC/gdc-rnaseq-cwl/blob/5d8c131bbff59fb0c969217fc1d44e6d1503cd1f/rnaseq-star-align/star2pass.rnaseq_harmonization.cwl	STAR - Counts	5d8c131bbff59fb0c969217fc1d44e6d1503cd1f	Primary Tumor	NA	TCGA-B6-A40B	TCGA-B6-A40B-01A
abefed1d-9f40-4a97-9435-4d9df47f7ebd	TSV	TCGA-D8-A147-01A-11R-A115-07	open	8b629c3d-0f28-4740-b681-6f064354f794.rna_seq.augmented_star_gene_counts.tsv	5a6c2ca8-7329-422a-a3d5-2d98fa5e5a7d	Transcriptome Profiling	gene_expression	Illumina	4253288	2021-12-13T22:29:09.680426-06:00	8c460aadd69a18092bca9564d76fd047	2024-07-30T09:48:31.822366-05:00	abefed1d-9f40-4a97-9435-4d9df47f7ebd	Gene Expression Quantification	released	RNA-Seq	1	32.0 - 46.0	TCGA-BRCA	0e10c6e0-845a-4efc-b145-ffa7ac161120	released	8b629c3d-0f28-4740-b681-6f064354f794_star__counts	https://github.com/NCI-GDC/gdc-rnaseq-cwl/blob/5d8c131bbff59fb0c969217fc1d44e6d1503cd1f/rnaseq-star-align/star2pass.rnaseq_harmonization.cwl	STAR - Counts	5d8c131bbff59fb0c969217fc1d44e6d1503cd1f	Primary Tumor	NA	TCGA-D8-A147	TCGA-D8-A147-01A
90e074a0-ca6d-4031-aa26-f79e5c662ba7	TSV	TCGA-BH-A0HO-01A-11R-A034-07	open	9c2ed2bb-8ee1-441e-9f3b-ffbb4def2673.rna_seq.augmented_star_gene_counts.tsv	50a6509a-806b-4a6f-adf3-4b04dd64cf43	Transcriptome Profiling	gene_expression	Illumina	4244631	2021-12-13T22:41:44.660147-06:00	7d8a6169736e3b7b3267fb439690ad40	2024-07-30T09:46:47.166531-05:00	90e074a0-ca6d-4031-aa26-f79e5c662ba7	Gene Expression Quantification	released	RNA-Seq	1	32.0 - 46.0	TCGA-BRCA	c9c819d2-d230-4009-9865-f785c1cccce4	released	9c2ed2bb-8ee1-441e-9f3b-ffbb4def2673_star__counts	https://github.com/NCI-GDC/gdc-rnaseq-cwl/blob/5d8c131bbff59fb0c969217fc1d44e6d1503cd1f/rnaseq-star-align/star2pass.rnaseq_harmonization.cwl	STAR - Counts	5d8c131bbff59fb0c969217fc1d44e6d1503cd1f	Primary Tumor	NA	TCGA-BH-A0HO	TCGA-BH-A0HO-01A
89dfc6f3-9f78-4e03-a2e7-e9010c7814a2	TSV	TCGA-AN-A049-01A-21R-A00Z-07	open	b793fa3a-f197-409f-b630-2dcba3290cce.rna_seq.augmented_star_gene_counts.tsv	8b3c8ed2-eaba-42e4-8f78-98e7a2aa4bd7	Transcriptome Profiling	gene_expression	Illumina	4236606	2021-12-13T21:52:29.435537-06:00	6aea7da29de349a7c11304d8aae5f6e1	2024-07-30T10:02:11.364105-05:00	89dfc6f3-9f78-4e03-a2e7-e9010c7814a2	Gene Expression Quantification	released	RNA-Seq	1	32.0 - 46.0	TCGA-BRCA	1564fd4e-e319-4f79-a54f-1a3848cc1a9a	released	b793fa3a-f197-409f-b630-2dcba3290cce_star__counts	https://github.com/NCI-GDC/gdc-rnaseq-cwl/blob/5d8c131bbff59fb0c969217fc1d44e6d1503cd1f/rnaseq-star-align/star2pass.rnaseq_harmonization.cwl	STAR - Counts	5d8c131bbff59fb0c969217fc1d44e6d1503cd1f	Primary Tumor	NA	TCGA-AN-A049	TCGA-AN-A049-01A
9b980569-4da2-43ee-a06a-18ee09baf41d	TSV	TCGA-A2-A0CP-01A-11R-A034-07	open	d6450e34-ebf4-4749-a27e-8e3139960afb.rna_seq.augmented_star_gene_counts.tsv	1c2db141-105b-4524-b8a8-ba0c6f440669	Transcriptome Profiling	gene_expression	Illumina	4226836	2021-12-13T22:06:51.269020-06:00	7c30e5eedf6c3621229b8bf4e396e6ee	2024-07-30T09:51:38.257386-05:00	9b980569-4da2-43ee-a06a-18ee09baf41d	Gene Expression Quantification	released	RNA-Seq	1	32.0 - 46.0	TCGA-BRCA	4bec2f6b-1f75-4fe2-924d-f84e52b42fee	released	d6450e34-ebf4-4749-a27e-8e3139960afb_star__counts	https://github.com/NCI-GDC/gdc-rnaseq-cwl/blob/5d8c131bbff59fb0c969217fc1d44e6d1503cd1f/rnaseq-star-align/star2pass.rnaseq_harmonization.cwl	STAR - Counts	5d8c131bbff59fb0c969217fc1d44e6d1503cd1f	Primary Tumor	NA	TCGA-A2-A0CP	TCGA-A2-A0CP-01A
2c3000b7-4db9-4f00-a82a-ca6802806631	TSV	TCGA-C8-A1HM-01A-12R-A137-07	open	db70cd04-821e-43a7-bac1-815a30172be1.rna_seq.augmented_star_gene_counts.tsv	f3247748-9711-4e54-aac1-89b32952f89e	Transcriptome Profiling	gene_expression	Illumina	4233972	2021-12-13T21:57:23.763974-06:00	306061dfe746b3c74fa22ff078cb630a	2024-07-30T09:33:31.279001-05:00	2c3000b7-4db9-4f00-a82a-ca6802806631	Gene Expression Quantification	released	RNA-Seq	1	32.0 - 46.0	TCGA-BRCA	a04fd152-c380-47c9-9756-d8c40bb84179	released	db70cd04-821e-43a7-bac1-815a30172be1_star__counts	https://github.com/NCI-GDC/gdc-rnaseq-cwl/blob/5d8c131bbff59fb0c969217fc1d44e6d1503cd1f/rnaseq-star-align/star2pass.rnaseq_harmonization.cwl	STAR - Counts	5d8c131bbff59fb0c969217fc1d44e6d1503cd1f	Primary Tumor	NA	TCGA-C8-A1HM	TCGA-C8-A1HM-01A
de6f1503-33d7-4f86-b835-bdffba7ea4e3	TSV	TCGA-BH-A0BC-01A-22R-A084-07	open	195d8bd4-352c-4407-9319-797d915c72b8.rna_seq.augmented_star_gene_counts.tsv	d182c7d9-0a71-4a53-9c0a-78ec0b5aad7e	Transcriptome Profiling	gene_expression	Illumina	4248363	2021-12-13T22:14:55.917966-06:00	2eefcb6236111244626b39ec34b8ed09	2024-07-30T09:37:45.546008-05:00	de6f1503-33d7-4f86-b835-bdffba7ea4e3	Gene Expression Quantification	released	RNA-Seq	1	32.0 - 46.0	TCGA-BRCA	7603e12d-4e87-4225-b928-3c6e41effb28	released	195d8bd4-352c-4407-9319-797d915c72b8_star__counts	https://github.com/NCI-GDC/gdc-rnaseq-cwl/blob/5d8c131bbff59fb0c969217fc1d44e6d1503cd1f/rnaseq-star-align/star2pass.rnaseq_harmonization.cwl	STAR - Counts	5d8c131bbff59fb0c969217fc1d44e6d1503cd1f	Primary Tumor	NA	TCGA-BH-A0BC	TCGA-BH-A0BC-01A
cf089a52-2196-422d-affa-a5f434edd134	TSV	TCGA-A8-A08L-01A-11R-A00Z-07	open	4d7842e5-9d8b-433a-a768-7a40129bdd0d.rna_seq.augmented_star_gene_counts.tsv	d9821606-5f40-45f7-9079-b14a4b59ae63	Transcriptome Profiling	gene_expression	Illumina	4251819	2021-12-13T22:04:30.228463-06:00	14fd7f8ecbf46f730a833c5a90b8b7f5	2024-07-30T10:05:59.353631-05:00	cf089a52-2196-422d-affa-a5f434edd134	Gene Expression Quantification	released	RNA-Seq	1	32.0 - 46.0	TCGA-BRCA	5188cc1e-0611-44cf-9080-27cb23b88e36	released	4d7842e5-9d8b-433a-a768-7a40129bdd0d_star__counts	https://github.com/NCI-GDC/gdc-rnaseq-cwl/blob/5d8c131bbff59fb0c969217fc1d44e6d1503cd1f/rnaseq-star-align/star2pass.rnaseq_harmonization.cwl	STAR - Counts	5d8c131bbff59fb0c969217fc1d44e6d1503cd1f	Primary Tumor	NA	TCGA-A8-A08L	TCGA-A8-A08L-01A
a03952ab-2ac1-43a5-a438-1f022bcd0b16	TSV	TCGA-E2-A14Q-01A-11R-A12D-07	open	3823e741-c29c-431e-9397-4d16a30ec473.rna_seq.augmented_star_gene_counts.tsv	708522cb-1826-4afb-985a-2bce0d6c2b0a	Transcriptome Profiling	gene_expression	Illumina	4248312	2021-12-13T22:30:52.731130-06:00	fa42392a4e6c8e0bed3dfb01b3b7095c	2024-07-30T09:37:51.441359-05:00	a03952ab-2ac1-43a5-a438-1f022bcd0b16	Gene Expression Quantification	released	RNA-Seq	1	32.0 - 46.0	TCGA-BRCA	b6c5c4c2-83c3-44bb-8bb4-fe9650bb19ec	released	3823e741-c29c-431e-9397-4d16a30ec473_star__counts	https://github.com/NCI-GDC/gdc-rnaseq-cwl/blob/5d8c131bbff59fb0c969217fc1d44e6d1503cd1f/rnaseq-star-align/star2pass.rnaseq_harmonization.cwl	STAR - Counts	5d8c131bbff59fb0c969217fc1d44e6d1503cd1f	Primary Tumor	NA	TCGA-E2-A14Q	TCGA-E2-A14Q-01A
03d18286-1038-4c0c-9c05-d1269e280250	TSV	TCGA-BH-A0H5-01A-21R-A115-07	open	8bfd50fb-d6d8-44cd-a492-1e0a983e40b6.rna_seq.augmented_star_gene_counts.tsv	0757e3ce-c532-4883-a822-a0ddcf2488b9	Transcriptome Profiling	gene_expression	Illumina	4246254	2021-12-13T22:12:00.206430-06:00	49b43a7ed0c5692386f398dbb7c8b25a	2024-07-30T09:22:07.538341-05:00	03d18286-1038-4c0c-9c05-d1269e280250	Gene Expression Quantification	released	RNA-Seq	1	32.0 - 46.0	TCGA-BRCA	34bcae4e-23c9-474f-8165-b9f90c3ceb3f	released	8bfd50fb-d6d8-44cd-a492-1e0a983e40b6_star__counts	https://github.com/NCI-GDC/gdc-rnaseq-cwl/blob/5d8c131bbff59fb0c969217fc1d44e6d1503cd1f/rnaseq-star-align/star2pass.rnaseq_harmonization.cwl	STAR - Counts	5d8c131bbff59fb0c969217fc1d44e6d1503cd1f	Primary Tumor	NA	TCGA-BH-A0H5	TCGA-BH-A0H5-01A
386ce911-e1c2-4d68-b0a3-aac157e1a555	TSV	TCGA-PE-A5DE-01A-11R-A27Q-07	open	c456f144-7f26-4f58-b4f0-4d91ddfec18e.rna_seq.augmented_star_gene_counts.tsv	b746c073-2495-475e-b705-7d0564468b10	Transcriptome Profiling	gene_expression	Illumina	4238186	2021-12-13T22:23:22.530871-06:00	e58f08d28edf43edbcd2d3155d465c29	2024-07-30T10:06:50.735017-05:00	386ce911-e1c2-4d68-b0a3-aac157e1a555	Gene Expression Quantification	released	RNA-Seq	1	32.0 - 46.0	TCGA-BRCA	1366ffe7-a26a-4775-8184-b32f7e783c39	released	c456f144-7f26-4f58-b4f0-4d91ddfec18e_star__counts	https://github.com/NCI-GDC/gdc-rnaseq-cwl/blob/5d8c131bbff59fb0c969217fc1d44e6d1503cd1f/rnaseq-star-align/star2pass.rnaseq_harmonization.cwl	STAR - Counts	5d8c131bbff59fb0c969217fc1d44e6d1503cd1f	Primary Tumor	NA	TCGA-PE-A5DE	TCGA-PE-A5DE-01A
d53192c4-2356-4b6c-b98f-19eded7b7e29	TSV	TCGA-LQ-A4E4-01A-11R-A266-07	open	6733afa1-b0b8-440e-b54c-98e5fdec854c.rna_seq.augmented_star_gene_counts.tsv	6ae881df-429b-4b7c-95c5-6908db629f27	Transcriptome Profiling	gene_expression	Illumina	4235466	2021-12-13T21:54:12.168289-06:00	c05cf098bb377a879d242dff23c8ce2d	2024-07-30T09:47:32.494353-05:00	d53192c4-2356-4b6c-b98f-19eded7b7e29	Gene Expression Quantification	released	RNA-Seq	1	32.0 - 46.0	TCGA-BRCA	029a987f-b52d-4f16-b6ff-a1ac0d8687e6	released	6733afa1-b0b8-440e-b54c-98e5fdec854c_star__counts	https://github.com/NCI-GDC/gdc-rnaseq-cwl/blob/5d8c131bbff59fb0c969217fc1d44e6d1503cd1f/rnaseq-star-align/star2pass.rnaseq_harmonization.cwl	STAR - Counts	5d8c131bbff59fb0c969217fc1d44e6d1503cd1f	Primary Tumor	NA	TCGA-LQ-A4E4	TCGA-LQ-A4E4-01A
ab06e3b7-52ef-45e4-8fc6-dbb4f63b110e	TSV	TCGA-BH-A1FN-01A-11R-A13Q-07	open	3daf8160-42c5-41bf-b251-77fce23a4aab.rna_seq.augmented_star_gene_counts.tsv	97c079ee-577e-44be-b5ba-bb942bf97903	Transcriptome Profiling	gene_expression	Illumina	4235158	2021-12-13T21:59:38.166502-06:00	670fba712e068f40ef91846ff6f3afde	2024-07-30T09:51:15.591373-05:00	ab06e3b7-52ef-45e4-8fc6-dbb4f63b110e	Gene Expression Quantification	released	RNA-Seq	1	32.0 - 46.0	TCGA-BRCA	7a849eff-24d0-43dd-b5d8-af3fa4269c5a	released	3daf8160-42c5-41bf-b251-77fce23a4aab_star__counts	https://github.com/NCI-GDC/gdc-rnaseq-cwl/blob/5d8c131bbff59fb0c969217fc1d44e6d1503cd1f/rnaseq-star-align/star2pass.rnaseq_harmonization.cwl	STAR - Counts	5d8c131bbff59fb0c969217fc1d44e6d1503cd1f	Primary Tumor	NA	TCGA-BH-A1FN	TCGA-BH-A1FN-01A
18b0bd2d-505f-4ecb-9bea-b52e6a74cebd	TSV	TCGA-E2-A1LH-11A-22R-A14D-07	open	678aa892-0631-47cc-b19e-cdcef42cecb3.rna_seq.augmented_star_gene_counts.tsv	9f109de1-d78d-47d7-8adf-6fc940b92328	Transcriptome Profiling	gene_expression	Illumina	4241734	2021-12-13T21:55:40.154915-06:00	3cd4f631b375790b3dc75b3037e372d3	2024-07-30T09:46:27.316422-05:00	18b0bd2d-505f-4ecb-9bea-b52e6a74cebd	Gene Expression Quantification	released	RNA-Seq	1	32.0 - 46.0	TCGA-BRCA	14e9a166-bbb6-4ed9-ab65-af84da5c1813	released	678aa892-0631-47cc-b19e-cdcef42cecb3_star__counts	https://github.com/NCI-GDC/gdc-rnaseq-cwl/blob/5d8c131bbff59fb0c969217fc1d44e6d1503cd1f/rnaseq-star-align/star2pass.rnaseq_harmonization.cwl	STAR - Counts	5d8c131bbff59fb0c969217fc1d44e6d1503cd1f	Solid Tissue Normal	NA	TCGA-E2-A1LH	TCGA-E2-A1LH-11A
4ef3b472-5fce-4e6a-a835-659cc3fee694	TSV	TCGA-BH-A0BO-01A-23R-A12D-07	open	cf122ae0-0be8-43dd-a0b9-01fff585186f.rna_seq.augmented_star_gene_counts.tsv	c70e18fa-f5af-4208-86b2-df6c6e0a6186	Transcriptome Profiling	gene_expression	Illumina	4248692	2021-12-13T21:52:36.287343-06:00	41f07438e21ddea6245cf43f6b5c4285	2024-07-30T09:24:46.352512-05:00	4ef3b472-5fce-4e6a-a835-659cc3fee694	Gene Expression Quantification	released	RNA-Seq	1	32.0 - 46.0	TCGA-BRCA	24fe1947-a201-4432-b8b7-9ec15b8f2972	released	cf122ae0-0be8-43dd-a0b9-01fff585186f_star__counts	https://github.com/NCI-GDC/gdc-rnaseq-cwl/blob/5d8c131bbff59fb0c969217fc1d44e6d1503cd1f/rnaseq-star-align/star2pass.rnaseq_harmonization.cwl	STAR - Counts	5d8c131bbff59fb0c969217fc1d44e6d1503cd1f	Primary Tumor	NA	TCGA-BH-A0BO	TCGA-BH-A0BO-01A
4660cd29-08ac-452c-9bb8-10e9d9e906ab	TSV	TCGA-BH-A0BJ-01A-11R-A056-07	open	45f837c9-6b9e-4eed-ba56-9715b4a0356d.rna_seq.augmented_star_gene_counts.tsv	69f73625-dcd9-4747-85ed-11326f96b692	Transcriptome Profiling	gene_expression	Illumina	4242875	2021-12-13T22:18:47.582954-06:00	73434fccab79dbc24e23229ce0c9c39e	2024-07-30T10:08:29.883064-05:00	4660cd29-08ac-452c-9bb8-10e9d9e906ab	Gene Expression Quantification	released	RNA-Seq	1	32.0 - 46.0	TCGA-BRCA	7ba4f397-72d9-49a2-96e2-fb409a9941dd	released	45f837c9-6b9e-4eed-ba56-9715b4a0356d_star__counts	https://github.com/NCI-GDC/gdc-rnaseq-cwl/blob/5d8c131bbff59fb0c969217fc1d44e6d1503cd1f/rnaseq-star-align/star2pass.rnaseq_harmonization.cwl	STAR - Counts	5d8c131bbff59fb0c969217fc1d44e6d1503cd1f	Primary Tumor	NA	TCGA-BH-A0BJ	TCGA-BH-A0BJ-01A
09f1c0ee-ee22-435f-88c9-d9f5c936c45c	TSV	TCGA-A8-A09X-01A-11R-A00Z-07	open	e55a506c-870f-4011-adfc-37eccbf5f17e.rna_seq.augmented_star_gene_counts.tsv	12d41711-dd74-4ef4-82dc-99e49a24d219	Transcriptome Profiling	gene_expression	Illumina	4238327	2021-12-13T22:38:07.088019-06:00	5fce5f30abd94d0443ddc25c55dab0c9	2024-07-30T09:53:58.318035-05:00	09f1c0ee-ee22-435f-88c9-d9f5c936c45c	Gene Expression Quantification	released	RNA-Seq	1	32.0 - 46.0	TCGA-BRCA	fd39f7de-e419-4558-b97a-1ea086ed487c	released	e55a506c-870f-4011-adfc-37eccbf5f17e_star__counts	https://github.com/NCI-GDC/gdc-rnaseq-cwl/blob/5d8c131bbff59fb0c969217fc1d44e6d1503cd1f/rnaseq-star-align/star2pass.rnaseq_harmonization.cwl	STAR - Counts	5d8c131bbff59fb0c969217fc1d44e6d1503cd1f	Primary Tumor	NA	TCGA-A8-A09X	TCGA-A8-A09X-01A
97dbbbc5-cd1a-4bb8-99c5-600870ccd35d	TSV	TCGA-GM-A2DC-01A-11R-A18M-07	open	c23d56d0-f27a-48db-b10a-f572b50ef245.rna_seq.augmented_star_gene_counts.tsv	3d35865a-8471-43e4-a8aa-b94a1f7723e2	Transcriptome Profiling	gene_expression	Illumina	4228066	2021-12-13T21:50:48.042159-06:00	a236fcccc56a77b891c19571057311f0	2024-07-30T09:53:37.393023-05:00	97dbbbc5-cd1a-4bb8-99c5-600870ccd35d	Gene Expression Quantification	released	RNA-Seq	1	32.0 - 46.0	TCGA-BRCA	d52f7aad-c50e-4d72-b5a4-31a47519e19c	released	c23d56d0-f27a-48db-b10a-f572b50ef245_star__counts	https://github.com/NCI-GDC/gdc-rnaseq-cwl/blob/5d8c131bbff59fb0c969217fc1d44e6d1503cd1f/rnaseq-star-align/star2pass.rnaseq_harmonization.cwl	STAR - Counts	5d8c131bbff59fb0c969217fc1d44e6d1503cd1f	Primary Tumor	NA	TCGA-GM-A2DC	TCGA-GM-A2DC-01A
aa2ab118-b3cc-4452-a29c-104f80f16f8d	TSV	TCGA-E2-A153-01A-12R-A12D-07	open	752ec80f-0c1d-4c66-9927-a32f2f9dfb2a.rna_seq.augmented_star_gene_counts.tsv	1268938a-87ee-4748-ab25-ee321fa4a3e3	Transcriptome Profiling	gene_expression	Illumina	4229072	2021-12-13T21:58:51.062132-06:00	e236617ebf3f5943487b98eb178110ba	2024-07-30T10:02:03.904884-05:00	aa2ab118-b3cc-4452-a29c-104f80f16f8d	Gene Expression Quantification	released	RNA-Seq	1	32.0 - 46.0	TCGA-BRCA	61011680-11a9-4adb-8594-3b1daf554d5c	released	752ec80f-0c1d-4c66-9927-a32f2f9dfb2a_star__counts	https://github.com/NCI-GDC/gdc-rnaseq-cwl/blob/5d8c131bbff59fb0c969217fc1d44e6d1503cd1f/rnaseq-star-align/star2pass.rnaseq_harmonization.cwl	STAR - Counts	5d8c131bbff59fb0c969217fc1d44e6d1503cd1f	Primary Tumor	NA	TCGA-E2-A153	TCGA-E2-A153-01A
4f89dad8-a12e-47d2-a7d9-c1b90f1bd61b	TSV	TCGA-D8-A1JN-01A-11R-A13Q-07	open	99f6995f-acee-4d0d-889f-91b0631d15fe.rna_seq.augmented_star_gene_counts.tsv	fd57c140-d246-4b9c-8408-993049db9bdf	Transcriptome Profiling	gene_expression	Illumina	4229180	2021-12-13T21:55:12.654022-06:00	180b0dc7bbb887c650bcf060578c41fe	2024-07-30T09:44:28.659622-05:00	4f89dad8-a12e-47d2-a7d9-c1b90f1bd61b	Gene Expression Quantification	released	RNA-Seq	1	32.0 - 46.0	TCGA-BRCA	4d2e60f6-4f98-424a-8364-f1f339393589	released	99f6995f-acee-4d0d-889f-91b0631d15fe_star__counts	https://github.com/NCI-GDC/gdc-rnaseq-cwl/blob/5d8c131bbff59fb0c969217fc1d44e6d1503cd1f/rnaseq-star-align/star2pass.rnaseq_harmonization.cwl	STAR - Counts	5d8c131bbff59fb0c969217fc1d44e6d1503cd1f	Primary Tumor	NA	TCGA-D8-A1JN	TCGA-D8-A1JN-01A
383b947b-6824-4c75-b4f3-ccfa933d3d33	TSV	TCGA-A2-A4S0-01A-21R-A266-07	open	857c31be-44ec-42bc-ba2c-5f17ac1d9a8c.rna_seq.augmented_star_gene_counts.tsv	bf44903a-ad2b-48ed-b113-f589853fe11b	Transcriptome Profiling	gene_expression	Illumina	4230482	2021-12-13T21:57:53.135148-06:00	b36670d08806bb65daa42f37a3cc893f	2024-07-30T09:57:02.977386-05:00	383b947b-6824-4c75-b4f3-ccfa933d3d33	Gene Expression Quantification	released	RNA-Seq	1	32.0 - 46.0	TCGA-BRCA	ce95c1f3-43fd-4dc3-8aef-c4c498faa327	released	857c31be-44ec-42bc-ba2c-5f17ac1d9a8c_star__counts	https://github.com/NCI-GDC/gdc-rnaseq-cwl/blob/5d8c131bbff59fb0c969217fc1d44e6d1503cd1f/rnaseq-star-align/star2pass.rnaseq_harmonization.cwl	STAR - Counts	5d8c131bbff59fb0c969217fc1d44e6d1503cd1f	Primary Tumor	NA	TCGA-A2-A4S0	TCGA-A2-A4S0-01A
f03677e2-11ab-40b2-8499-591357c2c9d6	TSV	TCGA-BH-A0AV-01A-31R-A115-07	open	32fdc0ce-d263-4622-8f8c-3df009bf2535.rna_seq.augmented_star_gene_counts.tsv	87834cc8-0b91-42f9-8070-2d6339b3fb7d	Transcriptome Profiling	gene_expression	Illumina	4244886	2021-12-13T22:26:32.119916-06:00	cadc409060bb5190068072f807e32d00	2024-07-30T09:43:15.089889-05:00	f03677e2-11ab-40b2-8499-591357c2c9d6	Gene Expression Quantification	released	RNA-Seq	1	32.0 - 46.0	TCGA-BRCA	6b3c1bb7-870c-449e-8ebb-093a19215a0c	released	32fdc0ce-d263-4622-8f8c-3df009bf2535_star__counts	https://github.com/NCI-GDC/gdc-rnaseq-cwl/blob/5d8c131bbff59fb0c969217fc1d44e6d1503cd1f/rnaseq-star-align/star2pass.rnaseq_harmonization.cwl	STAR - Counts	5d8c131bbff59fb0c969217fc1d44e6d1503cd1f	Primary Tumor	NA	TCGA-BH-A0AV	TCGA-BH-A0AV-01A
6ac73ea5-48e8-40d8-8383-fa28991813fd	TSV	TCGA-A2-A0YJ-01A-11R-A109-07	open	8832d658-24d2-4d12-a025-959d5eed1271.rna_seq.augmented_star_gene_counts.tsv	f77954b9-3e52-44c9-a2da-d6139c2d0df1	Transcriptome Profiling	gene_expression	Illumina	4231860	2021-12-13T21:52:00.528054-06:00	d4647a9ca39d34a1d37506c1ffa90227	2024-07-30T09:53:28.926362-05:00	6ac73ea5-48e8-40d8-8383-fa28991813fd	Gene Expression Quantification	released	RNA-Seq	1	32.0 - 46.0	TCGA-BRCA	59bbd512-4376-44e7-b515-5e235681ad2f	released	8832d658-24d2-4d12-a025-959d5eed1271_star__counts	https://github.com/NCI-GDC/gdc-rnaseq-cwl/blob/5d8c131bbff59fb0c969217fc1d44e6d1503cd1f/rnaseq-star-align/star2pass.rnaseq_harmonization.cwl	STAR - Counts	5d8c131bbff59fb0c969217fc1d44e6d1503cd1f	Primary Tumor	NA	TCGA-A2-A0YJ	TCGA-A2-A0YJ-01A
1a8d6cfd-095d-4461-875a-56d27816a0f5	TSV	TCGA-E2-A10A-01A-21R-A115-07	open	d32c4662-2b0b-4f78-b031-e6ff5286664c.rna_seq.augmented_star_gene_counts.tsv	6390c1c6-68ea-4995-aa50-291b92b2f5c2	Transcriptome Profiling	gene_expression	Illumina	4247023	2021-12-13T21:45:10.907891-06:00	be604e287bd0eac5dcb2ddc1d5d03e9c	2024-07-30T09:57:49.965340-05:00	1a8d6cfd-095d-4461-875a-56d27816a0f5	Gene Expression Quantification	released	RNA-Seq	1	32.0 - 46.0	TCGA-BRCA	de240e8a-93a4-445f-9a59-da66872be7a6	released	d32c4662-2b0b-4f78-b031-e6ff5286664c_star__counts	https://github.com/NCI-GDC/gdc-rnaseq-cwl/blob/5d8c131bbff59fb0c969217fc1d44e6d1503cd1f/rnaseq-star-align/star2pass.rnaseq_harmonization.cwl	STAR - Counts	5d8c131bbff59fb0c969217fc1d44e6d1503cd1f	Primary Tumor	NA	TCGA-E2-A10A	TCGA-E2-A10A-01A
1ce0d66a-176d-4d8a-b1c4-64d847e299be	TSV	TCGA-BH-A1FM-11B-23R-A13Q-07	open	ed108cc1-3b34-4ee5-b029-48b80ccaae19.rna_seq.augmented_star_gene_counts.tsv	29f4a112-6c0b-4add-a74f-529bdeb2a0d0	Transcriptome Profiling	gene_expression	Illumina	4258379	2021-12-13T22:32:06.762782-06:00	c85cfa4ef882c382b7c3b92ae7d632f2	2024-07-30T10:07:49.305558-05:00	1ce0d66a-176d-4d8a-b1c4-64d847e299be	Gene Expression Quantification	released	RNA-Seq	1	32.0 - 46.0	TCGA-BRCA	2a836ad8-f433-4723-9d2a-aa216b0ebcf0	released	ed108cc1-3b34-4ee5-b029-48b80ccaae19_star__counts	https://github.com/NCI-GDC/gdc-rnaseq-cwl/blob/5d8c131bbff59fb0c969217fc1d44e6d1503cd1f/rnaseq-star-align/star2pass.rnaseq_harmonization.cwl	STAR - Counts	5d8c131bbff59fb0c969217fc1d44e6d1503cd1f	Solid Tissue Normal	NA	TCGA-BH-A1FM	TCGA-BH-A1FM-11B
f73d3dce-d75f-4f76-b49c-99348ee641cc	TSV	TCGA-OL-A5RX-01A-11R-A28M-07	open	1bd6dff8-ad21-4a45-b496-2d52ba995e5e.rna_seq.augmented_star_gene_counts.tsv	c99ac977-aa0c-4b41-9155-9815339fd55a	Transcriptome Profiling	gene_expression	Illumina	4247028	2021-12-13T22:00:31.292171-06:00	fb18bbcbaa6c653132922b1ef29e4a30	2024-07-30T09:27:32.312732-05:00	f73d3dce-d75f-4f76-b49c-99348ee641cc	Gene Expression Quantification	released	RNA-Seq	1	32.0 - 46.0	TCGA-BRCA	aa23b2e2-751c-4dfe-b06f-00bf8243fedc	released	1bd6dff8-ad21-4a45-b496-2d52ba995e5e_star__counts	https://github.com/NCI-GDC/gdc-rnaseq-cwl/blob/5d8c131bbff59fb0c969217fc1d44e6d1503cd1f/rnaseq-star-align/star2pass.rnaseq_harmonization.cwl	STAR - Counts	5d8c131bbff59fb0c969217fc1d44e6d1503cd1f	Primary Tumor	NA	TCGA-OL-A5RX	TCGA-OL-A5RX-01A
ccb87d7a-2729-4017-bc17-10e5a67bd5cc	TSV	TCGA-E2-A15M-11A-22R-A12D-07	open	0557d817-20e0-496f-840a-7a15d6da1694.rna_seq.augmented_star_gene_counts.tsv	315ab438-0212-4f9a-93cc-ac93ee25860c	Transcriptome Profiling	gene_expression	Illumina	4236583	2021-12-13T22:39:16.537036-06:00	5990cfe4446b930ccdbd9c6ca97e425a	2024-07-30T10:06:16.524815-05:00	ccb87d7a-2729-4017-bc17-10e5a67bd5cc	Gene Expression Quantification	released	RNA-Seq	1	32.0 - 46.0	TCGA-BRCA	9eb6c6cf-0ffe-4740-8703-e8e44e80e27a	released	0557d817-20e0-496f-840a-7a15d6da1694_star__counts	https://github.com/NCI-GDC/gdc-rnaseq-cwl/blob/5d8c131bbff59fb0c969217fc1d44e6d1503cd1f/rnaseq-star-align/star2pass.rnaseq_harmonization.cwl	STAR - Counts	5d8c131bbff59fb0c969217fc1d44e6d1503cd1f	Solid Tissue Normal	NA	TCGA-E2-A15M	TCGA-E2-A15M-11A
c4a9a1df-4397-409e-85ec-30e0789377c2	TSV	TCGA-BH-A42V-01A-11R-A24H-07	open	18e5bf73-efdd-4c75-957c-68a94f6cb396.rna_seq.augmented_star_gene_counts.tsv	410e6301-ed2b-4a25-b922-e179bbea13f6	Transcriptome Profiling	gene_expression	Illumina	4258554	2021-12-13T21:58:23.370835-06:00	d01d1c77615cab20062d0a94f2f01506	2024-07-30T09:31:21.054876-05:00	c4a9a1df-4397-409e-85ec-30e0789377c2	Gene Expression Quantification	released	RNA-Seq	1	32.0 - 46.0	TCGA-BRCA	3e830cd7-fd48-4ef3-b041-958a90bc096a	released	18e5bf73-efdd-4c75-957c-68a94f6cb396_star__counts	https://github.com/NCI-GDC/gdc-rnaseq-cwl/blob/5d8c131bbff59fb0c969217fc1d44e6d1503cd1f/rnaseq-star-align/star2pass.rnaseq_harmonization.cwl	STAR - Counts	5d8c131bbff59fb0c969217fc1d44e6d1503cd1f	Primary Tumor	NA	TCGA-BH-A42V	TCGA-BH-A42V-01A
06952c59-978d-4ef4-b716-c55dd6747699	TSV	TCGA-A7-A13E-01B-06R-A277-07	open	e843a939-f1a2-4e98-87b5-69abef893a51.rna_seq.augmented_star_gene_counts.tsv	b647607e-d3f4-464b-b15a-8c6c84cb9243	Transcriptome Profiling	gene_expression	Illumina	4219617	2021-12-13T22:03:29.952660-06:00	15ac8ed43d194b7048c061a0a59aa563	2024-07-30T09:55:29.873927-05:00	06952c59-978d-4ef4-b716-c55dd6747699	Gene Expression Quantification	released	RNA-Seq	1	32.0 - 46.0	TCGA-BRCA	e57972f5-95db-4856-8455-657a2458eb7f	released	e843a939-f1a2-4e98-87b5-69abef893a51_star__counts	https://github.com/NCI-GDC/gdc-rnaseq-cwl/blob/5d8c131bbff59fb0c969217fc1d44e6d1503cd1f/rnaseq-star-align/star2pass.rnaseq_harmonization.cwl	STAR - Counts	5d8c131bbff59fb0c969217fc1d44e6d1503cd1f	Primary Tumor	NA	TCGA-A7-A13E	TCGA-A7-A13E-01B
0a06329d-82cd-41a9-822e-43cfd49e63a2	TSV	TCGA-A8-A082-01A-11R-A00Z-07	open	a7b067c9-a62a-4d3d-8c4e-668830f7441f.rna_seq.augmented_star_gene_counts.tsv	9495bd06-c7d4-4e07-b1d6-852a2cfcc03b	Transcriptome Profiling	gene_expression	Illumina	4239076	2021-12-13T22:09:03.627580-06:00	562a76c624b508d201b752e304503572	2024-07-30T09:33:10.357032-05:00	0a06329d-82cd-41a9-822e-43cfd49e63a2	Gene Expression Quantification	released	RNA-Seq	1	32.0 - 46.0	TCGA-BRCA	656f47dc-0f87-43aa-8d5a-56ce40827971	released	a7b067c9-a62a-4d3d-8c4e-668830f7441f_star__counts	https://github.com/NCI-GDC/gdc-rnaseq-cwl/blob/5d8c131bbff59fb0c969217fc1d44e6d1503cd1f/rnaseq-star-align/star2pass.rnaseq_harmonization.cwl	STAR - Counts	5d8c131bbff59fb0c969217fc1d44e6d1503cd1f	Primary Tumor	NA	TCGA-A8-A082	TCGA-A8-A082-01A
c95a37a1-d3cd-421c-bc5f-0f8dc448f64c	TSV	TCGA-A2-A04P-01A-31R-A034-07	open	ee6709eb-718c-4a0e-8b57-3068e0e0fbaf.rna_seq.augmented_star_gene_counts.tsv	cb957c99-2f54-44bf-8009-18d169105f27	Transcriptome Profiling	gene_expression	Illumina	4233443	2021-12-13T22:33:45.761153-06:00	d5af4902d174bc5f12181a868856c14b	2024-07-30T09:42:04.914836-05:00	c95a37a1-d3cd-421c-bc5f-0f8dc448f64c	Gene Expression Quantification	released	RNA-Seq	1	32.0 - 46.0	TCGA-BRCA	2839a8ce-e753-49b0-8ce9-479d4e58e040	released	ee6709eb-718c-4a0e-8b57-3068e0e0fbaf_star__counts	https://github.com/NCI-GDC/gdc-rnaseq-cwl/blob/5d8c131bbff59fb0c969217fc1d44e6d1503cd1f/rnaseq-star-align/star2pass.rnaseq_harmonization.cwl	STAR - Counts	5d8c131bbff59fb0c969217fc1d44e6d1503cd1f	Primary Tumor	NA	TCGA-A2-A04P	TCGA-A2-A04P-01A
90116c25-271c-4be2-b20f-295448e6e421	TSV	TCGA-BH-A0DH-11A-31R-A089-07	open	8b9d534c-0d48-4d88-bbb2-a866d7e73a55.rna_seq.augmented_star_gene_counts.tsv	1a6175d2-2177-477a-a7b8-630def1fa31e	Transcriptome Profiling	gene_expression	Illumina	4245371	2021-12-13T22:30:18.381734-06:00	157124ce0acbb47530d36623ed9dc665	2024-07-30T09:32:45.777583-05:00	90116c25-271c-4be2-b20f-295448e6e421	Gene Expression Quantification	released	RNA-Seq	1	32.0 - 46.0	TCGA-BRCA	6604646c-7ca5-4e6a-8f8b-435378ee380c	released	8b9d534c-0d48-4d88-bbb2-a866d7e73a55_star__counts	https://github.com/NCI-GDC/gdc-rnaseq-cwl/blob/5d8c131bbff59fb0c969217fc1d44e6d1503cd1f/rnaseq-star-align/star2pass.rnaseq_harmonization.cwl	STAR - Counts	5d8c131bbff59fb0c969217fc1d44e6d1503cd1f	Solid Tissue Normal	NA	TCGA-BH-A0DH	TCGA-BH-A0DH-11A
9c99e8d0-a96d-4252-8ea8-e15bfae278c3	TSV	TCGA-D8-A1JT-01A-31R-A13Q-07	open	3bbc2702-3fa1-455a-9c68-bf082850d9be.rna_seq.augmented_star_gene_counts.tsv	6c4bfc7e-b1d5-49da-9cac-de091987a09f	Transcriptome Profiling	gene_expression	Illumina	4239589	2021-12-13T21:55:54.826304-06:00	b583fa60b0b7f6060041327c70fceabe	2024-07-30T09:33:13.889327-05:00	9c99e8d0-a96d-4252-8ea8-e15bfae278c3	Gene Expression Quantification	released	RNA-Seq	1	32.0 - 46.0	TCGA-BRCA	9a474835-4f90-474b-854a-cca8544c0176	released	3bbc2702-3fa1-455a-9c68-bf082850d9be_star__counts	https://github.com/NCI-GDC/gdc-rnaseq-cwl/blob/5d8c131bbff59fb0c969217fc1d44e6d1503cd1f/rnaseq-star-align/star2pass.rnaseq_harmonization.cwl	STAR - Counts	5d8c131bbff59fb0c969217fc1d44e6d1503cd1f	Primary Tumor	NA	TCGA-D8-A1JT	TCGA-D8-A1JT-01A
c25c7ca5-8d03-4bba-b42b-c8b1042c0d48	TSV	TCGA-OK-A5Q2-01A-11R-A27Q-07	open	fac3e41a-3b98-4293-855f-d23cb01522d0.rna_seq.augmented_star_gene_counts.tsv	81d115f5-bab1-4fff-9177-0bff1b127d87	Transcriptome Profiling	gene_expression	Illumina	4249086	2021-12-13T21:56:15.672487-06:00	9fe28a6203fc2b9b77545c5f650c7a53	2024-07-30T09:45:54.290434-05:00	c25c7ca5-8d03-4bba-b42b-c8b1042c0d48	Gene Expression Quantification	released	RNA-Seq	1	32.0 - 46.0	TCGA-BRCA	03b4d823-7175-4f9a-9f5e-64bf2b91078e	released	fac3e41a-3b98-4293-855f-d23cb01522d0_star__counts	https://github.com/NCI-GDC/gdc-rnaseq-cwl/blob/5d8c131bbff59fb0c969217fc1d44e6d1503cd1f/rnaseq-star-align/star2pass.rnaseq_harmonization.cwl	STAR - Counts	5d8c131bbff59fb0c969217fc1d44e6d1503cd1f	Primary Tumor	NA	TCGA-OK-A5Q2	TCGA-OK-A5Q2-01A
3c2914f4-200f-4bec-93f0-b0fdb6460378	TSV	TCGA-PL-A8LZ-01A-31R-A36F-07	open	61d00f8c-f198-4181-82bd-99b063dfffc6.rna_seq.augmented_star_gene_counts.tsv	909b087b-ac90-43d6-ad66-d243e781b966	Transcriptome Profiling	gene_expression	Illumina	4238683	2021-12-13T21:47:07.405031-06:00	d5cf8e212e017afadbb52e989b97e7f7	2024-07-30T09:54:40.993251-05:00	3c2914f4-200f-4bec-93f0-b0fdb6460378	Gene Expression Quantification	released	RNA-Seq	1	32.0 - 46.0	TCGA-BRCA	d9c4cfff-cf96-4bf6-86e1-f6147705a09d	released	61d00f8c-f198-4181-82bd-99b063dfffc6_star__counts	https://github.com/NCI-GDC/gdc-rnaseq-cwl/blob/5d8c131bbff59fb0c969217fc1d44e6d1503cd1f/rnaseq-star-align/star2pass.rnaseq_harmonization.cwl	STAR - Counts	5d8c131bbff59fb0c969217fc1d44e6d1503cd1f	Primary Tumor	NA	TCGA-PL-A8LZ	TCGA-PL-A8LZ-01A
97387357-c741-43a6-9b3a-55c925f9a516	TSV	TCGA-D8-A1XJ-01A-11R-A14M-07	open	6e79eeb3-9eae-45f4-92a5-fba71c154c1a.rna_seq.augmented_star_gene_counts.tsv	6a2e751e-d380-4923-9357-60e0c93664d5	Transcriptome Profiling	gene_expression	Illumina	4242177	2021-12-13T22:43:57.755277-06:00	8809612b9b4ca640f779f6d49f583230	2024-07-30T09:58:59.067830-05:00	97387357-c741-43a6-9b3a-55c925f9a516	Gene Expression Quantification	released	RNA-Seq	1	32.0 - 46.0	TCGA-BRCA	99eed36d-76b0-46df-9e3c-f0a7b303d09c	released	6e79eeb3-9eae-45f4-92a5-fba71c154c1a_star__counts	https://github.com/NCI-GDC/gdc-rnaseq-cwl/blob/5d8c131bbff59fb0c969217fc1d44e6d1503cd1f/rnaseq-star-align/star2pass.rnaseq_harmonization.cwl	STAR - Counts	5d8c131bbff59fb0c969217fc1d44e6d1503cd1f	Primary Tumor	NA	TCGA-D8-A1XJ	TCGA-D8-A1XJ-01A
9e5ecae5-faf0-41a2-a795-d1b4db79486a	TSV	TCGA-E2-A1LS-11A-32R-A157-07	open	a4cf670f-1627-42cf-9917-fc2c89708353.rna_seq.augmented_star_gene_counts.tsv	313209fa-a073-4cc9-a6f7-b527edbf314d	Transcriptome Profiling	gene_expression	Illumina	4234582	2021-12-13T22:37:13.814496-06:00	d3370852671a0f31c19d993ffbef9f3d	2024-07-30T09:20:18.689767-05:00	9e5ecae5-faf0-41a2-a795-d1b4db79486a	Gene Expression Quantification	released	RNA-Seq	1	32.0 - 46.0	TCGA-BRCA	75bcca6a-3dd5-4342-aa57-3ea8e0bf0aff	released	a4cf670f-1627-42cf-9917-fc2c89708353_star__counts	https://github.com/NCI-GDC/gdc-rnaseq-cwl/blob/5d8c131bbff59fb0c969217fc1d44e6d1503cd1f/rnaseq-star-align/star2pass.rnaseq_harmonization.cwl	STAR - Counts	5d8c131bbff59fb0c969217fc1d44e6d1503cd1f	Solid Tissue Normal	NA	TCGA-E2-A1LS	TCGA-E2-A1LS-11A
c8c7b9cc-7015-4405-a7f5-f60587de285a	TSV	TCGA-D8-A142-01A-11R-A115-07	open	c091a9db-8d3f-4dfb-8658-b6b8020c1d5c.rna_seq.augmented_star_gene_counts.tsv	1073a36b-64bd-455e-b06a-4fb63bbbb75f	Transcriptome Profiling	gene_expression	Illumina	4252835	2021-12-13T22:38:23.568850-06:00	1315a09795ee032fcfdc0a47cf706851	2024-07-30T09:58:28.381830-05:00	c8c7b9cc-7015-4405-a7f5-f60587de285a	Gene Expression Quantification	released	RNA-Seq	1	32.0 - 46.0	TCGA-BRCA	cc6b626c-bfdd-4dea-919b-892921519c52	released	c091a9db-8d3f-4dfb-8658-b6b8020c1d5c_star__counts	https://github.com/NCI-GDC/gdc-rnaseq-cwl/blob/5d8c131bbff59fb0c969217fc1d44e6d1503cd1f/rnaseq-star-align/star2pass.rnaseq_harmonization.cwl	STAR - Counts	5d8c131bbff59fb0c969217fc1d44e6d1503cd1f	Primary Tumor	NA	TCGA-D8-A142	TCGA-D8-A142-01A
447e3faf-a5f2-4739-b2aa-c907f33b634a	TSV	TCGA-E9-A1RB-11A-33R-A157-07	open	4f3fa7c5-fe72-4b99-8a4f-9f487efc1ef1.rna_seq.augmented_star_gene_counts.tsv	9c8f7aa3-44e8-4d87-8400-523d6e9dd8ed	Transcriptome Profiling	gene_expression	Illumina	4254469	2021-12-13T21:48:48.618178-06:00	0c2c06a95afeed8fa3473b357206a390	2024-07-30T09:50:15.040233-05:00	447e3faf-a5f2-4739-b2aa-c907f33b634a	Gene Expression Quantification	released	RNA-Seq	1	32.0 - 46.0	TCGA-BRCA	46c906b0-f623-4fa0-ac20-9bc15e2626fb	released	4f3fa7c5-fe72-4b99-8a4f-9f487efc1ef1_star__counts	https://github.com/NCI-GDC/gdc-rnaseq-cwl/blob/5d8c131bbff59fb0c969217fc1d44e6d1503cd1f/rnaseq-star-align/star2pass.rnaseq_harmonization.cwl	STAR - Counts	5d8c131bbff59fb0c969217fc1d44e6d1503cd1f	Solid Tissue Normal	NA	TCGA-E9-A1RB	TCGA-E9-A1RB-11A
4c941474-f3e0-4735-bad0-cff8894fb08d	TSV	TCGA-D8-A1XM-01A-21R-A14M-07	open	d474de4c-c01d-46f5-92a6-7513f7a38eed.rna_seq.augmented_star_gene_counts.tsv	3a4f905b-0dcb-4180-a8fb-ef1b7feaf9e7	Transcriptome Profiling	gene_expression	Illumina	4256818	2021-12-13T21:49:18.725052-06:00	55b76a93d57ca890c036fd419fccff4e	2024-07-30T09:48:50.445816-05:00	4c941474-f3e0-4735-bad0-cff8894fb08d	Gene Expression Quantification	released	RNA-Seq	1	32.0 - 46.0	TCGA-BRCA	5bcafce0-8087-439e-b770-7f2710dd63a7	released	d474de4c-c01d-46f5-92a6-7513f7a38eed_star__counts	https://github.com/NCI-GDC/gdc-rnaseq-cwl/blob/5d8c131bbff59fb0c969217fc1d44e6d1503cd1f/rnaseq-star-align/star2pass.rnaseq_harmonization.cwl	STAR - Counts	5d8c131bbff59fb0c969217fc1d44e6d1503cd1f	Primary Tumor	NA	TCGA-D8-A1XM	TCGA-D8-A1XM-01A
9c0043c4-b65a-42ca-9f02-fe1cef04beaf	TSV	TCGA-B6-A0RS-01A-11R-A084-07	open	17dfa221-f092-45ed-a2e4-5798ddfc0ce9.rna_seq.augmented_star_gene_counts.tsv	5bc3a8ef-ac14-456b-b7fe-7c5b82fc7235	Transcriptome Profiling	gene_expression	Illumina	4244005	2021-12-13T21:56:20.952198-06:00	b979c1b0eb44ec08802a3ca2a12acf59	2024-07-30T09:43:59.623753-05:00	9c0043c4-b65a-42ca-9f02-fe1cef04beaf	Gene Expression Quantification	released	RNA-Seq	1	32.0 - 46.0	TCGA-BRCA	e5646b4b-35f2-4a8d-bc41-d920181d4d83	released	17dfa221-f092-45ed-a2e4-5798ddfc0ce9_star__counts	https://github.com/NCI-GDC/gdc-rnaseq-cwl/blob/5d8c131bbff59fb0c969217fc1d44e6d1503cd1f/rnaseq-star-align/star2pass.rnaseq_harmonization.cwl	STAR - Counts	5d8c131bbff59fb0c969217fc1d44e6d1503cd1f	Primary Tumor	NA	TCGA-B6-A0RS	TCGA-B6-A0RS-01A
739fe30a-4fae-4f4d-a360-3ab300a4848a	TSV	TCGA-BH-A0DV-11A-22R-A12P-07	open	52064107-3c37-45b1-aa6b-a14a98352f9d.rna_seq.augmented_star_gene_counts.tsv	fcd7a334-6bf4-486f-9552-9ef004fed036	Transcriptome Profiling	gene_expression	Illumina	4254739	2021-12-13T21:58:35.281702-06:00	471ddfc560463bfb4b70b40c18567a9f	2024-07-30T09:54:27.880644-05:00	739fe30a-4fae-4f4d-a360-3ab300a4848a	Gene Expression Quantification	released	RNA-Seq	1	32.0 - 46.0	TCGA-BRCA	13d44dd7-2999-4d53-afa7-c6d6dfe752cc	released	52064107-3c37-45b1-aa6b-a14a98352f9d_star__counts	https://github.com/NCI-GDC/gdc-rnaseq-cwl/blob/5d8c131bbff59fb0c969217fc1d44e6d1503cd1f/rnaseq-star-align/star2pass.rnaseq_harmonization.cwl	STAR - Counts	5d8c131bbff59fb0c969217fc1d44e6d1503cd1f	Solid Tissue Normal	NA	TCGA-BH-A0DV	TCGA-BH-A0DV-11A
f6565f25-4317-4615-a437-af79da929ecd	TSV	TCGA-B6-A3ZX-01A-11R-A239-07	open	8643d0bc-0acb-4d6e-b6bd-5a997d2fc39d.rna_seq.augmented_star_gene_counts.tsv	ba380d98-9c72-47a3-a4d4-201b354c832e	Transcriptome Profiling	gene_expression	Illumina	4255898	2021-12-13T22:01:59.109967-06:00	6579f7ee9cd7fda93b194549f9892151	2024-07-30T09:45:09.536243-05:00	f6565f25-4317-4615-a437-af79da929ecd	Gene Expression Quantification	released	RNA-Seq	1	32.0 - 46.0	TCGA-BRCA	ee61f801-fd65-4a77-a65c-69ca50b373c0	released	8643d0bc-0acb-4d6e-b6bd-5a997d2fc39d_star__counts	https://github.com/NCI-GDC/gdc-rnaseq-cwl/blob/5d8c131bbff59fb0c969217fc1d44e6d1503cd1f/rnaseq-star-align/star2pass.rnaseq_harmonization.cwl	STAR - Counts	5d8c131bbff59fb0c969217fc1d44e6d1503cd1f	Primary Tumor	NA	TCGA-B6-A3ZX	TCGA-B6-A3ZX-01A
7aff89e2-86cb-43d8-96cd-341c02ebdd49	TSV	TCGA-C8-A3M7-01A-12R-A21T-07	open	bc4ac436-ed5f-4774-867d-a6bdd7e14486.rna_seq.augmented_star_gene_counts.tsv	f6218fb7-06c7-4f4b-ac0d-224a378380b5	Transcriptome Profiling	gene_expression	Illumina	4253806	2021-12-13T21:50:07.626708-06:00	b4efc30b9af6617d16af8decb974d51b	2024-07-30T09:59:05.004298-05:00	7aff89e2-86cb-43d8-96cd-341c02ebdd49	Gene Expression Quantification	released	RNA-Seq	1	32.0 - 46.0	TCGA-BRCA	f394590d-7371-44ed-9f49-ecaa37a6b979	released	bc4ac436-ed5f-4774-867d-a6bdd7e14486_star__counts	https://github.com/NCI-GDC/gdc-rnaseq-cwl/blob/5d8c131bbff59fb0c969217fc1d44e6d1503cd1f/rnaseq-star-align/star2pass.rnaseq_harmonization.cwl	STAR - Counts	5d8c131bbff59fb0c969217fc1d44e6d1503cd1f	Primary Tumor	NA	TCGA-C8-A3M7	TCGA-C8-A3M7-01A
5405b59e-44cc-4745-b838-ca279210cbed	TSV	TCGA-AR-A1AK-01A-21R-A12P-07	open	1d6fed92-2d3c-46b6-8760-31bc1254cf65.rna_seq.augmented_star_gene_counts.tsv	b8870a42-3dfa-4e98-bba9-412b0cd27934	Transcriptome Profiling	gene_expression	Illumina	4248195	2021-12-13T22:14:40.477539-06:00	66da77e017a5e8dcc779cce699b79c21	2024-07-30T09:30:26.639102-05:00	5405b59e-44cc-4745-b838-ca279210cbed	Gene Expression Quantification	released	RNA-Seq	1	32.0 - 46.0	TCGA-BRCA	c7d258eb-dcd0-424c-8caa-5fe5eaa2ddcd	released	1d6fed92-2d3c-46b6-8760-31bc1254cf65_star__counts	https://github.com/NCI-GDC/gdc-rnaseq-cwl/blob/5d8c131bbff59fb0c969217fc1d44e6d1503cd1f/rnaseq-star-align/star2pass.rnaseq_harmonization.cwl	STAR - Counts	5d8c131bbff59fb0c969217fc1d44e6d1503cd1f	Primary Tumor	NA	TCGA-AR-A1AK	TCGA-AR-A1AK-01A
c9920595-31f2-4977-b6bd-c0fa3ffcf461	TSV	TCGA-E9-A1RB-01A-11R-A157-07	open	b0c13073-8725-4707-983c-506fe46205d7.rna_seq.augmented_star_gene_counts.tsv	f64a5e7a-736e-41f9-9ce3-1be034c944d0	Transcriptome Profiling	gene_expression	Illumina	4251965	2021-12-13T22:32:31.057648-06:00	4f0eb058ab5f108ea322e950ad7c5799	2024-07-30T09:34:57.829334-05:00	c9920595-31f2-4977-b6bd-c0fa3ffcf461	Gene Expression Quantification	released	RNA-Seq	1	32.0 - 46.0	TCGA-BRCA	2636fc78-bb08-40e3-b81f-ae1b8d3cb874	released	b0c13073-8725-4707-983c-506fe46205d7_star__counts	https://github.com/NCI-GDC/gdc-rnaseq-cwl/blob/5d8c131bbff59fb0c969217fc1d44e6d1503cd1f/rnaseq-star-align/star2pass.rnaseq_harmonization.cwl	STAR - Counts	5d8c131bbff59fb0c969217fc1d44e6d1503cd1f	Primary Tumor	NA	TCGA-E9-A1RB	TCGA-E9-A1RB-01A
7f1cbb4f-aecf-42be-91cc-fb35d03447df	TSV	TCGA-AO-A0JE-01A-11R-A056-07	open	ca34cd1c-026e-4641-a9dd-ac1a9b4f243b.rna_seq.augmented_star_gene_counts.tsv	94deb343-34e0-4a6c-a701-2227b431936e	Transcriptome Profiling	gene_expression	Illumina	4242705	2021-12-13T22:00:01.106760-06:00	1eea804618c08a6feb11d5eb0fb2a286	2024-07-30T10:08:48.793357-05:00	7f1cbb4f-aecf-42be-91cc-fb35d03447df	Gene Expression Quantification	released	RNA-Seq	1	32.0 - 46.0	TCGA-BRCA	f1cdc38e-be7f-4aa5-82d4-a4aa0b644e2b	released	ca34cd1c-026e-4641-a9dd-ac1a9b4f243b_star__counts	https://github.com/NCI-GDC/gdc-rnaseq-cwl/blob/5d8c131bbff59fb0c969217fc1d44e6d1503cd1f/rnaseq-star-align/star2pass.rnaseq_harmonization.cwl	STAR - Counts	5d8c131bbff59fb0c969217fc1d44e6d1503cd1f	Primary Tumor	NA	TCGA-AO-A0JE	TCGA-AO-A0JE-01A
bbd09e9b-84ba-458f-a595-b03069b843dd	TSV	TCGA-A2-A0T0-01A-22R-A084-07	open	2100a159-27a6-47f2-a2f2-58f5343e88b0.rna_seq.augmented_star_gene_counts.tsv	39ad3588-c02c-40fb-80ef-0515d26c4a9d	Transcriptome Profiling	gene_expression	Illumina	4241021	2021-12-13T21:54:19.676329-06:00	9e7c5927530a08b7b71f8c7999aa97cc	2024-07-30T10:05:55.532152-05:00	bbd09e9b-84ba-458f-a595-b03069b843dd	Gene Expression Quantification	released	RNA-Seq	1	32.0 - 46.0	TCGA-BRCA	ddccf130-1045-42cf-a039-48613663a8f1	released	2100a159-27a6-47f2-a2f2-58f5343e88b0_star__counts	https://github.com/NCI-GDC/gdc-rnaseq-cwl/blob/5d8c131bbff59fb0c969217fc1d44e6d1503cd1f/rnaseq-star-align/star2pass.rnaseq_harmonization.cwl	STAR - Counts	5d8c131bbff59fb0c969217fc1d44e6d1503cd1f	Primary Tumor	NA	TCGA-A2-A0T0	TCGA-A2-A0T0-01A
575ef8e2-dfbc-48b3-9836-089b94498e09	TSV	TCGA-A8-A09G-01A-21R-A00Z-07	open	9dffaff8-a482-4940-b53a-527e5a510740.rna_seq.augmented_star_gene_counts.tsv	5fc6ab2b-2955-4584-b3f3-9ecb9e83e886	Transcriptome Profiling	gene_expression	Illumina	4247730	2021-12-13T22:03:58.791054-06:00	30ea169210819a302053c8c7d0b60112	2024-07-30T09:29:59.190978-05:00	575ef8e2-dfbc-48b3-9836-089b94498e09	Gene Expression Quantification	released	RNA-Seq	1	32.0 - 46.0	TCGA-BRCA	fce2a199-e94f-4d8e-9874-52865556ae53	released	9dffaff8-a482-4940-b53a-527e5a510740_star__counts	https://github.com/NCI-GDC/gdc-rnaseq-cwl/blob/5d8c131bbff59fb0c969217fc1d44e6d1503cd1f/rnaseq-star-align/star2pass.rnaseq_harmonization.cwl	STAR - Counts	5d8c131bbff59fb0c969217fc1d44e6d1503cd1f	Primary Tumor	NA	TCGA-A8-A09G	TCGA-A8-A09G-01A
1d7789a1-1ff1-4865-a9c9-dfb40e57aff5	TSV	TCGA-A2-A0CT-01A-31R-A056-07	open	66941b24-9c8f-4657-a4eb-8cc267e38bdc.rna_seq.augmented_star_gene_counts.tsv	8e1911d9-cb23-4a67-b25b-1e21d2794372	Transcriptome Profiling	gene_expression	Illumina	4234368	2021-12-13T22:41:51.529837-06:00	343f96d8135303e35a14bb691e42ca94	2024-07-30T09:49:27.013524-05:00	1d7789a1-1ff1-4865-a9c9-dfb40e57aff5	Gene Expression Quantification	released	RNA-Seq	1	32.0 - 46.0	TCGA-BRCA	c804ea06-dd38-4d72-8086-554ae71432c1	released	66941b24-9c8f-4657-a4eb-8cc267e38bdc_star__counts	https://github.com/NCI-GDC/gdc-rnaseq-cwl/blob/5d8c131bbff59fb0c969217fc1d44e6d1503cd1f/rnaseq-star-align/star2pass.rnaseq_harmonization.cwl	STAR - Counts	5d8c131bbff59fb0c969217fc1d44e6d1503cd1f	Primary Tumor	NA	TCGA-A2-A0CT	TCGA-A2-A0CT-01A
56e43b33-6dc7-496b-bdee-75e5fed5d502	TSV	TCGA-A8-A09M-01A-11R-A00Z-07	open	92b7faad-a817-4464-a074-9b64bf25fad5.rna_seq.augmented_star_gene_counts.tsv	6be45fa3-db76-4377-bc8a-db5fc43f19f5	Transcriptome Profiling	gene_expression	Illumina	4243021	2021-12-13T22:32:04.415459-06:00	774d4295c0c69b265aad0fb6f612aab1	2024-07-30T10:08:00.316997-05:00	56e43b33-6dc7-496b-bdee-75e5fed5d502	Gene Expression Quantification	released	RNA-Seq	1	32.0 - 46.0	TCGA-BRCA	26c68ca0-cf89-4c38-be9c-d0077ced54b2	released	92b7faad-a817-4464-a074-9b64bf25fad5_star__counts	https://github.com/NCI-GDC/gdc-rnaseq-cwl/blob/5d8c131bbff59fb0c969217fc1d44e6d1503cd1f/rnaseq-star-align/star2pass.rnaseq_harmonization.cwl	STAR - Counts	5d8c131bbff59fb0c969217fc1d44e6d1503cd1f	Primary Tumor	NA	TCGA-A8-A09M	TCGA-A8-A09M-01A
58764dda-7c61-4705-a834-4d654c60ef2b	TSV	TCGA-AR-A1AY-01A-21R-A12P-07	open	4d4d40f2-1f96-4d31-81aa-d44b17a217ed.rna_seq.augmented_star_gene_counts.tsv	f74234c9-9860-40df-8309-3a099a884ef0	Transcriptome Profiling	gene_expression	Illumina	4240891	2021-12-13T22:29:05.035311-06:00	d714d7436d545304554860e673e2b978	2024-07-30T09:40:33.497066-05:00	58764dda-7c61-4705-a834-4d654c60ef2b	Gene Expression Quantification	released	RNA-Seq	1	32.0 - 46.0	TCGA-BRCA	4a156641-becd-4564-b214-2ca997a93f35	released	4d4d40f2-1f96-4d31-81aa-d44b17a217ed_star__counts	https://github.com/NCI-GDC/gdc-rnaseq-cwl/blob/5d8c131bbff59fb0c969217fc1d44e6d1503cd1f/rnaseq-star-align/star2pass.rnaseq_harmonization.cwl	STAR - Counts	5d8c131bbff59fb0c969217fc1d44e6d1503cd1f	Primary Tumor	NA	TCGA-AR-A1AY	TCGA-AR-A1AY-01A
196aed5b-6812-47c5-ad7b-4dd1743ed0b5	TSV	TCGA-BH-A0BR-01A-21R-A115-07	open	8cf6a0f3-9dfb-41f5-b855-c313c583e707.rna_seq.augmented_star_gene_counts.tsv	b0784662-c1e8-4b16-ab3a-7a061f3d4897	Transcriptome Profiling	gene_expression	Illumina	4237523	2021-12-13T22:19:23.900790-06:00	cbade97e98a4cc70f1e2dc2d7b1e8588	2024-07-30T09:38:24.678802-05:00	196aed5b-6812-47c5-ad7b-4dd1743ed0b5	Gene Expression Quantification	released	RNA-Seq	1	32.0 - 46.0	TCGA-BRCA	264cc350-a9fe-4cf2-a683-9df70aafef68	released	8cf6a0f3-9dfb-41f5-b855-c313c583e707_star__counts	https://github.com/NCI-GDC/gdc-rnaseq-cwl/blob/5d8c131bbff59fb0c969217fc1d44e6d1503cd1f/rnaseq-star-align/star2pass.rnaseq_harmonization.cwl	STAR - Counts	5d8c131bbff59fb0c969217fc1d44e6d1503cd1f	Primary Tumor	NA	TCGA-BH-A0BR	TCGA-BH-A0BR-01A
fbdb3ca1-c7c8-437e-a315-25e3bc623236	TSV	TCGA-AO-A1KP-01A-11R-A13Q-07	open	a740aa2d-a410-443f-99f4-3a123deb2f41.rna_seq.augmented_star_gene_counts.tsv	6bb74506-2328-46cf-aba5-0635b48b9277	Transcriptome Profiling	gene_expression	Illumina	4249746	2021-12-13T21:57:05.731328-06:00	d80aa84d3e46dcad140ecf925f516161	2024-07-30T08:51:41.290178-05:00	fbdb3ca1-c7c8-437e-a315-25e3bc623236	Gene Expression Quantification	released	RNA-Seq	1	32.0 - 46.0	TCGA-BRCA	3097073a-c7ca-48ef-9473-c536a9bd96d5	released	a740aa2d-a410-443f-99f4-3a123deb2f41_star__counts	https://github.com/NCI-GDC/gdc-rnaseq-cwl/blob/5d8c131bbff59fb0c969217fc1d44e6d1503cd1f/rnaseq-star-align/star2pass.rnaseq_harmonization.cwl	STAR - Counts	5d8c131bbff59fb0c969217fc1d44e6d1503cd1f	Primary Tumor	NA	TCGA-AO-A1KP	TCGA-AO-A1KP-01A
e748021e-b8ec-4b17-8b59-ce9d0a3d42e1	TSV	TCGA-A2-A0SW-01A-11R-A084-07	open	a12e5c24-f0ea-4770-9888-20e1c562e436.rna_seq.augmented_star_gene_counts.tsv	c94412fd-e559-41dd-a205-0eb6d3131af5	Transcriptome Profiling	gene_expression	Illumina	4235139	2021-12-13T22:02:29.509681-06:00	2b09b1c8d2010ec8f2d319ccdee61fa6	2024-07-30T09:25:03.558565-05:00	e748021e-b8ec-4b17-8b59-ce9d0a3d42e1	Gene Expression Quantification	released	RNA-Seq	1	32.0 - 46.0	TCGA-BRCA	eebe8a22-0b08-4acd-9fa9-f07f10c91408	released	a12e5c24-f0ea-4770-9888-20e1c562e436_star__counts	https://github.com/NCI-GDC/gdc-rnaseq-cwl/blob/5d8c131bbff59fb0c969217fc1d44e6d1503cd1f/rnaseq-star-align/star2pass.rnaseq_harmonization.cwl	STAR - Counts	5d8c131bbff59fb0c969217fc1d44e6d1503cd1f	Primary Tumor	NA	TCGA-A2-A0SW	TCGA-A2-A0SW-01A
12b68e56-a83f-4b65-bb66-59e8522acbc9	TSV	TCGA-A8-A09Z-01A-11R-A00Z-07	open	07aa7c0a-ef47-495a-93be-b23a799d71d8.rna_seq.augmented_star_gene_counts.tsv	1b2783ff-882e-43aa-b9a9-292d8de35f71	Transcriptome Profiling	gene_expression	Illumina	4233799	2021-12-13T22:05:06.341404-06:00	187d4ffabfd453c876ceb19acffbbbe0	2024-07-30T09:32:07.110321-05:00	12b68e56-a83f-4b65-bb66-59e8522acbc9	Gene Expression Quantification	released	RNA-Seq	1	32.0 - 46.0	TCGA-BRCA	ac3904b4-c8c3-4786-a41a-9c64ae276ae8	released	07aa7c0a-ef47-495a-93be-b23a799d71d8_star__counts	https://github.com/NCI-GDC/gdc-rnaseq-cwl/blob/5d8c131bbff59fb0c969217fc1d44e6d1503cd1f/rnaseq-star-align/star2pass.rnaseq_harmonization.cwl	STAR - Counts	5d8c131bbff59fb0c969217fc1d44e6d1503cd1f	Primary Tumor	NA	TCGA-A8-A09Z	TCGA-A8-A09Z-01A
7774e389-c3c5-4abf-846c-4e8eead7e521	TSV	TCGA-AR-A1AI-01A-11R-A12P-07	open	20658f84-7e36-440f-9e88-08eab304813b.rna_seq.augmented_star_gene_counts.tsv	a78390a7-36b6-4161-bc63-b58cb84d7592	Transcriptome Profiling	gene_expression	Illumina	4239760	2021-12-13T22:23:30.515399-06:00	4241180e56e3e204ec12d2342f790a28	2024-07-30T09:20:11.205126-05:00	7774e389-c3c5-4abf-846c-4e8eead7e521	Gene Expression Quantification	released	RNA-Seq	1	32.0 - 46.0	TCGA-BRCA	6506aa7f-825d-4382-a63e-4e4c48d373de	released	20658f84-7e36-440f-9e88-08eab304813b_star__counts	https://github.com/NCI-GDC/gdc-rnaseq-cwl/blob/5d8c131bbff59fb0c969217fc1d44e6d1503cd1f/rnaseq-star-align/star2pass.rnaseq_harmonization.cwl	STAR - Counts	5d8c131bbff59fb0c969217fc1d44e6d1503cd1f	Primary Tumor	NA	TCGA-AR-A1AI	TCGA-AR-A1AI-01A
e8149278-3269-4dbe-9500-7045fd56cd2f	TSV	TCGA-B6-A2IU-01A-32R-A18M-07	open	2f05f114-9769-48e4-978c-6bfe1f2f372f.rna_seq.augmented_star_gene_counts.tsv	62784581-c4b1-48bd-8154-0c3918db1722	Transcriptome Profiling	gene_expression	Illumina	4221669	2021-12-13T22:12:37.926174-06:00	500360106c1dad9255291b442ebae452	2024-07-30T09:31:06.965138-05:00	e8149278-3269-4dbe-9500-7045fd56cd2f	Gene Expression Quantification	released	RNA-Seq	1	32.0 - 46.0	TCGA-BRCA	51ea244a-b4b5-4bae-aa3d-feeed87940db	released	2f05f114-9769-48e4-978c-6bfe1f2f372f_star__counts	https://github.com/NCI-GDC/gdc-rnaseq-cwl/blob/5d8c131bbff59fb0c969217fc1d44e6d1503cd1f/rnaseq-star-align/star2pass.rnaseq_harmonization.cwl	STAR - Counts	5d8c131bbff59fb0c969217fc1d44e6d1503cd1f	Primary Tumor	NA	TCGA-B6-A2IU	TCGA-B6-A2IU-01A
fd121fe6-7529-4a92-a324-2186622180b3	TSV	TCGA-A2-A1FZ-01A-51R-A14D-07	open	5c66dcbd-024b-4a7b-b3aa-bbbaaf91ae78.rna_seq.augmented_star_gene_counts.tsv	8388b8ce-4a9d-4529-b410-f7b8f501330e	Transcriptome Profiling	gene_expression	Illumina	4241370	2021-12-13T22:09:24.739075-06:00	275aef961aaee90aa91e046ae1361f30	2024-07-30T08:51:36.342412-05:00	fd121fe6-7529-4a92-a324-2186622180b3	Gene Expression Quantification	released	RNA-Seq	1	32.0 - 46.0	TCGA-BRCA	ea97a05d-c9fd-4952-a3f2-ae5cbca683c3	released	5c66dcbd-024b-4a7b-b3aa-bbbaaf91ae78_star__counts	https://github.com/NCI-GDC/gdc-rnaseq-cwl/blob/5d8c131bbff59fb0c969217fc1d44e6d1503cd1f/rnaseq-star-align/star2pass.rnaseq_harmonization.cwl	STAR - Counts	5d8c131bbff59fb0c969217fc1d44e6d1503cd1f	Primary Tumor	NA	TCGA-A2-A1FZ	TCGA-A2-A1FZ-01A
1af79ae6-8b40-40ae-8f68-195d8367ac38	TSV	TCGA-OL-A66P-01A-11R-A31O-07	open	f0bc4292-6662-460a-8bf8-a3c9fa2fd7be.rna_seq.augmented_star_gene_counts.tsv	6215b423-5bc2-4886-b2f5-875fd96f89c0	Transcriptome Profiling	gene_expression	Illumina	4219592	2021-12-13T22:08:04.512365-06:00	cf0d9d4e823107209db1b69d020bcb38	2024-07-30T09:49:34.558948-05:00	1af79ae6-8b40-40ae-8f68-195d8367ac38	Gene Expression Quantification	released	RNA-Seq	1	32.0 - 46.0	TCGA-BRCA	a8f44fc0-502c-472d-817b-17d9152d455c	released	f0bc4292-6662-460a-8bf8-a3c9fa2fd7be_star__counts	https://github.com/NCI-GDC/gdc-rnaseq-cwl/blob/5d8c131bbff59fb0c969217fc1d44e6d1503cd1f/rnaseq-star-align/star2pass.rnaseq_harmonization.cwl	STAR - Counts	5d8c131bbff59fb0c969217fc1d44e6d1503cd1f	Primary Tumor	NA	TCGA-OL-A66P	TCGA-OL-A66P-01A
75a7e5eb-1db8-4858-9a9f-78abea32ccd4	TSV	TCGA-E9-A3HO-01A-11R-A213-07	open	f1060adb-bee8-41f6-8997-2926d8967f33.rna_seq.augmented_star_gene_counts.tsv	64407fb0-a2f4-40e3-99af-18b81c837160	Transcriptome Profiling	gene_expression	Illumina	4241650	2021-12-13T22:24:44.149223-06:00	24427005e659ab1d01acab3a785222b4	2024-07-30T10:04:45.570419-05:00	75a7e5eb-1db8-4858-9a9f-78abea32ccd4	Gene Expression Quantification	released	RNA-Seq	1	32.0 - 46.0	TCGA-BRCA	26986e92-7035-4909-8e36-25fb4897d07b	released	f1060adb-bee8-41f6-8997-2926d8967f33_star__counts	https://github.com/NCI-GDC/gdc-rnaseq-cwl/blob/5d8c131bbff59fb0c969217fc1d44e6d1503cd1f/rnaseq-star-align/star2pass.rnaseq_harmonization.cwl	STAR - Counts	5d8c131bbff59fb0c969217fc1d44e6d1503cd1f	Primary Tumor	NA	TCGA-E9-A3HO	TCGA-E9-A3HO-01A
158cc60a-89b0-40f0-8536-8c0f0e31429b	TSV	TCGA-BH-A0DS-01A-11R-A056-07	open	a5e348aa-d0fd-40fb-a171-b51a36e53612.rna_seq.augmented_star_gene_counts.tsv	9c0fcc19-2233-4e01-846f-27be51d2ba02	Transcriptome Profiling	gene_expression	Illumina	4234270	2021-12-13T22:17:18.094279-06:00	e3ceb495d8d999ca4a041239cff23c81	2024-07-30T09:27:47.978369-05:00	158cc60a-89b0-40f0-8536-8c0f0e31429b	Gene Expression Quantification	released	RNA-Seq	1	32.0 - 46.0	TCGA-BRCA	f2b27b15-4b2a-4d31-8d8f-db05ef9e7508	released	a5e348aa-d0fd-40fb-a171-b51a36e53612_star__counts	https://github.com/NCI-GDC/gdc-rnaseq-cwl/blob/5d8c131bbff59fb0c969217fc1d44e6d1503cd1f/rnaseq-star-align/star2pass.rnaseq_harmonization.cwl	STAR - Counts	5d8c131bbff59fb0c969217fc1d44e6d1503cd1f	Primary Tumor	NA	TCGA-BH-A0DS	TCGA-BH-A0DS-01A
243fe98b-3355-4b09-8094-b9e06a2b8329	TSV	TCGA-E9-A245-01A-22R-A16F-07	open	6db579c1-ef18-42a1-9921-d0456b90ff6f.rna_seq.augmented_star_gene_counts.tsv	33f9bbb6-e88b-4af4-bd97-742f44b501e9	Transcriptome Profiling	gene_expression	Illumina	4236540	2021-12-13T22:28:44.107723-06:00	11003f10159a4a7cbcbaab7d2edacbde	2024-07-30T09:18:28.531414-05:00	243fe98b-3355-4b09-8094-b9e06a2b8329	Gene Expression Quantification	released	RNA-Seq	1	32.0 - 46.0	TCGA-BRCA	ddd8d29a-e1e2-4d56-939d-1965c3eca712	released	6db579c1-ef18-42a1-9921-d0456b90ff6f_star__counts	https://github.com/NCI-GDC/gdc-rnaseq-cwl/blob/5d8c131bbff59fb0c969217fc1d44e6d1503cd1f/rnaseq-star-align/star2pass.rnaseq_harmonization.cwl	STAR - Counts	5d8c131bbff59fb0c969217fc1d44e6d1503cd1f	Primary Tumor	NA	TCGA-E9-A245	TCGA-E9-A245-01A
c7646bc5-436b-4ad5-b5ae-894b2e843cda	TSV	TCGA-AO-A0JJ-01A-11R-A056-07	open	158ab1d9-8925-4a05-95da-b2e0ca297474.rna_seq.augmented_star_gene_counts.tsv	cede3da7-94c9-4e91-94e7-bb211f4eb6ac	Transcriptome Profiling	gene_expression	Illumina	4246730	2021-12-13T21:53:52.671780-06:00	1769f7a4f42471f1f9a8977bae600208	2024-07-30T10:05:12.209674-05:00	c7646bc5-436b-4ad5-b5ae-894b2e843cda	Gene Expression Quantification	released	RNA-Seq	1	32.0 - 46.0	TCGA-BRCA	752e61ef-6dfe-4a9c-8ada-29a4af481091	released	158ab1d9-8925-4a05-95da-b2e0ca297474_star__counts	https://github.com/NCI-GDC/gdc-rnaseq-cwl/blob/5d8c131bbff59fb0c969217fc1d44e6d1503cd1f/rnaseq-star-align/star2pass.rnaseq_harmonization.cwl	STAR - Counts	5d8c131bbff59fb0c969217fc1d44e6d1503cd1f	Primary Tumor	NA	TCGA-AO-A0JJ	TCGA-AO-A0JJ-01A
95775d9a-4f7f-47c9-806b-acea8e01d40e	TSV	TCGA-BH-A0HP-01A-12R-A084-07	open	29789e2c-1555-46e0-8e17-8a252933d84d.rna_seq.augmented_star_gene_counts.tsv	7bfbba68-f6a3-4f1f-9f48-382b79a06202	Transcriptome Profiling	gene_expression	Illumina	4248671	2021-12-13T22:43:30.896374-06:00	60082fcead3ccc45be96022eb7dbbffa	2024-07-30T09:34:49.133268-05:00	95775d9a-4f7f-47c9-806b-acea8e01d40e	Gene Expression Quantification	released	RNA-Seq	1	32.0 - 46.0	TCGA-BRCA	43a064da-dfeb-4e7e-934b-7541ad5adb5a	released	29789e2c-1555-46e0-8e17-8a252933d84d_star__counts	https://github.com/NCI-GDC/gdc-rnaseq-cwl/blob/5d8c131bbff59fb0c969217fc1d44e6d1503cd1f/rnaseq-star-align/star2pass.rnaseq_harmonization.cwl	STAR - Counts	5d8c131bbff59fb0c969217fc1d44e6d1503cd1f	Primary Tumor	NA	TCGA-BH-A0HP	TCGA-BH-A0HP-01A
7d904415-9887-4738-99ae-66dcd60084ac	TSV	TCGA-A2-A0D3-01A-11R-A115-07	open	063a4886-ee4d-43a9-95c1-25a0c0b2d85d.rna_seq.augmented_star_gene_counts.tsv	a3172020-5b8b-4233-af77-82f05b10429a	Transcriptome Profiling	gene_expression	Illumina	4244927	2021-12-13T21:46:26.543368-06:00	c285f27f0ab9a14434675d0c81ff4340	2024-07-30T09:56:24.661409-05:00	7d904415-9887-4738-99ae-66dcd60084ac	Gene Expression Quantification	released	RNA-Seq	1	32.0 - 46.0	TCGA-BRCA	fad39e8b-fa1e-4032-b1a7-5deb0b86263e	released	063a4886-ee4d-43a9-95c1-25a0c0b2d85d_star__counts	https://github.com/NCI-GDC/gdc-rnaseq-cwl/blob/5d8c131bbff59fb0c969217fc1d44e6d1503cd1f/rnaseq-star-align/star2pass.rnaseq_harmonization.cwl	STAR - Counts	5d8c131bbff59fb0c969217fc1d44e6d1503cd1f	Primary Tumor	NA	TCGA-A2-A0D3	TCGA-A2-A0D3-01A
ac7c3a38-5d88-488e-86f7-1c72a26fe5ef	TSV	TCGA-BH-A18F-01A-11R-A12D-07	open	11ed8e05-8f30-460a-b502-01ae09504315.rna_seq.augmented_star_gene_counts.tsv	730f7b80-60ed-408d-a8e4-40d220eb7f93	Transcriptome Profiling	gene_expression	Illumina	4241467	2021-12-13T21:51:55.922691-06:00	73ceea5c7a23d355b2dbff86e8f4acc1	2024-07-30T10:06:06.567581-05:00	ac7c3a38-5d88-488e-86f7-1c72a26fe5ef	Gene Expression Quantification	released	RNA-Seq	1	32.0 - 46.0	TCGA-BRCA	d5b1b3ad-72a6-4921-b1bb-240b79ceddba	released	11ed8e05-8f30-460a-b502-01ae09504315_star__counts	https://github.com/NCI-GDC/gdc-rnaseq-cwl/blob/5d8c131bbff59fb0c969217fc1d44e6d1503cd1f/rnaseq-star-align/star2pass.rnaseq_harmonization.cwl	STAR - Counts	5d8c131bbff59fb0c969217fc1d44e6d1503cd1f	Primary Tumor	NA	TCGA-BH-A18F	TCGA-BH-A18F-01A
7860a938-e43a-4c3a-83b4-6578cea95df8	TSV	TCGA-E2-A150-01A-11R-A12D-07	open	a0ea30b4-a6e0-4f46-a0ee-5d552c8b6d68.rna_seq.augmented_star_gene_counts.tsv	f5a0ac38-35a3-4699-9fcc-8432ade3e3d8	Transcriptome Profiling	gene_expression	Illumina	4236444	2021-12-13T22:30:09.075084-06:00	a3062bde1fb3fd2538de9d4ef431eebe	2024-07-30T09:57:32.833854-05:00	7860a938-e43a-4c3a-83b4-6578cea95df8	Gene Expression Quantification	released	RNA-Seq	1	32.0 - 46.0	TCGA-BRCA	79570b9c-b5ae-4f4b-a528-d71f69cd5ee3	released	a0ea30b4-a6e0-4f46-a0ee-5d552c8b6d68_star__counts	https://github.com/NCI-GDC/gdc-rnaseq-cwl/blob/5d8c131bbff59fb0c969217fc1d44e6d1503cd1f/rnaseq-star-align/star2pass.rnaseq_harmonization.cwl	STAR - Counts	5d8c131bbff59fb0c969217fc1d44e6d1503cd1f	Primary Tumor	NA	TCGA-E2-A150	TCGA-E2-A150-01A
b4d6811f-cb5c-4ad9-8f13-5d58f0b6afd4	TSV	TCGA-A8-A0A6-01A-12R-A056-07	open	2df3cde4-5d53-4e2c-829a-e609f1d92a7b.rna_seq.augmented_star_gene_counts.tsv	5646cdf1-41df-4fba-afff-d522152f144a	Transcriptome Profiling	gene_expression	Illumina	4234228	2021-12-13T22:19:31.425989-06:00	b6d858215a436307187073a55903b116	2024-07-30T10:01:10.264523-05:00	b4d6811f-cb5c-4ad9-8f13-5d58f0b6afd4	Gene Expression Quantification	released	RNA-Seq	1	32.0 - 46.0	TCGA-BRCA	2aea6086-63f4-42a5-b3d4-8c2bd7b9e6ad	released	2df3cde4-5d53-4e2c-829a-e609f1d92a7b_star__counts	https://github.com/NCI-GDC/gdc-rnaseq-cwl/blob/5d8c131bbff59fb0c969217fc1d44e6d1503cd1f/rnaseq-star-align/star2pass.rnaseq_harmonization.cwl	STAR - Counts	5d8c131bbff59fb0c969217fc1d44e6d1503cd1f	Primary Tumor	NA	TCGA-A8-A0A6	TCGA-A8-A0A6-01A
ccd3b6f5-b425-47fb-b48e-0e24a4d6a4b2	TSV	TCGA-B6-A0I2-01A-11R-A034-07	open	daff3e2d-69ea-4c1d-bbad-8f6cca9bdc1f.rna_seq.augmented_star_gene_counts.tsv	c86c5f72-496d-4485-b053-ad352b9508d9	Transcriptome Profiling	gene_expression	Illumina	4233249	2021-12-13T22:12:51.327281-06:00	a25214a4187a5028f4885f96c6474997	2024-07-30T09:49:07.954398-05:00	ccd3b6f5-b425-47fb-b48e-0e24a4d6a4b2	Gene Expression Quantification	released	RNA-Seq	1	32.0 - 46.0	TCGA-BRCA	b3519e74-b3df-4b3f-ac62-94c1b0e8da6e	released	daff3e2d-69ea-4c1d-bbad-8f6cca9bdc1f_star__counts	https://github.com/NCI-GDC/gdc-rnaseq-cwl/blob/5d8c131bbff59fb0c969217fc1d44e6d1503cd1f/rnaseq-star-align/star2pass.rnaseq_harmonization.cwl	STAR - Counts	5d8c131bbff59fb0c969217fc1d44e6d1503cd1f	Primary Tumor	NA	TCGA-B6-A0I2	TCGA-B6-A0I2-01A
a58e2ae3-a236-4209-8292-70465216cb85	TSV	TCGA-AO-A12D-01A-11R-A115-07	open	e614fbb4-7574-4704-9525-c0aea4c10fc6.rna_seq.augmented_star_gene_counts.tsv	a2711d68-6912-4a43-878a-6350f4bff13e	Transcriptome Profiling	gene_expression	Illumina	4236123	2021-12-13T22:03:34.132539-06:00	2c8c2a6fb6b0fce4f9c52df164164a0a	2024-07-30T10:07:10.185990-05:00	a58e2ae3-a236-4209-8292-70465216cb85	Gene Expression Quantification	released	RNA-Seq	1	32.0 - 46.0	TCGA-BRCA	d345a860-c1a7-4960-a506-5a30f56b8db3	released	e614fbb4-7574-4704-9525-c0aea4c10fc6_star__counts	https://github.com/NCI-GDC/gdc-rnaseq-cwl/blob/5d8c131bbff59fb0c969217fc1d44e6d1503cd1f/rnaseq-star-align/star2pass.rnaseq_harmonization.cwl	STAR - Counts	5d8c131bbff59fb0c969217fc1d44e6d1503cd1f	Primary Tumor	NA	TCGA-AO-A12D	TCGA-AO-A12D-01A
7baccc3d-54ba-4a3f-8ec0-b54ccd92df45	TSV	TCGA-E9-A1RA-01A-11R-A14D-07	open	3d2bf709-b8ab-41c5-a8a0-dd42e7846c25.rna_seq.augmented_star_gene_counts.tsv	e759d126-7506-4375-a71e-6271b858549f	Transcriptome Profiling	gene_expression	Illumina	4238117	2021-12-13T22:22:01.416675-06:00	b10eac69016d259bfd0a8c5c082c5968	2024-07-30T10:03:12.846047-05:00	7baccc3d-54ba-4a3f-8ec0-b54ccd92df45	Gene Expression Quantification	released	RNA-Seq	1	32.0 - 46.0	TCGA-BRCA	f586fbc5-fe88-4273-8658-8d533f0f374f	released	3d2bf709-b8ab-41c5-a8a0-dd42e7846c25_star__counts	https://github.com/NCI-GDC/gdc-rnaseq-cwl/blob/5d8c131bbff59fb0c969217fc1d44e6d1503cd1f/rnaseq-star-align/star2pass.rnaseq_harmonization.cwl	STAR - Counts	5d8c131bbff59fb0c969217fc1d44e6d1503cd1f	Primary Tumor	NA	TCGA-E9-A1RA	TCGA-E9-A1RA-01A
2dc5eb24-fb84-455a-ae05-3b58ad2fc284	TSV	TCGA-B6-A0X4-01A-11R-A109-07	open	54aca121-5b70-4833-84ac-c7506a57bd02.rna_seq.augmented_star_gene_counts.tsv	52165f60-4690-45f2-b762-77530e98cd5b	Transcriptome Profiling	gene_expression	Illumina	4228178	2021-12-13T22:33:01.593033-06:00	2dcdfde47a00f83dc515e8b967cad374	2024-07-30T09:41:06.338661-05:00	2dc5eb24-fb84-455a-ae05-3b58ad2fc284	Gene Expression Quantification	released	RNA-Seq	1	32.0 - 46.0	TCGA-BRCA	7fad2c28-abcc-44b4-9e40-23888ecfccfb	released	54aca121-5b70-4833-84ac-c7506a57bd02_star__counts	https://github.com/NCI-GDC/gdc-rnaseq-cwl/blob/5d8c131bbff59fb0c969217fc1d44e6d1503cd1f/rnaseq-star-align/star2pass.rnaseq_harmonization.cwl	STAR - Counts	5d8c131bbff59fb0c969217fc1d44e6d1503cd1f	Primary Tumor	NA	TCGA-B6-A0X4	TCGA-B6-A0X4-01A
3bc9d1c0-b57f-44b5-8624-b3ee99aeafe4	TSV	TCGA-AO-A03R-01A-21R-A034-07	open	f4847715-a3e0-49a4-bcc9-95175d0be463.rna_seq.augmented_star_gene_counts.tsv	2c7d65d6-6c8c-47e3-aad5-dbf491a0ab46	Transcriptome Profiling	gene_expression	Illumina	4221507	2021-12-13T21:54:15.233954-06:00	2087c56d930b5fb3961ef4a9b7715043	2024-07-30T09:20:37.518812-05:00	3bc9d1c0-b57f-44b5-8624-b3ee99aeafe4	Gene Expression Quantification	released	RNA-Seq	1	32.0 - 46.0	TCGA-BRCA	d99c3cd6-c097-4c56-95fe-fbe3782e04e4	released	f4847715-a3e0-49a4-bcc9-95175d0be463_star__counts	https://github.com/NCI-GDC/gdc-rnaseq-cwl/blob/5d8c131bbff59fb0c969217fc1d44e6d1503cd1f/rnaseq-star-align/star2pass.rnaseq_harmonization.cwl	STAR - Counts	5d8c131bbff59fb0c969217fc1d44e6d1503cd1f	Primary Tumor	NA	TCGA-AO-A03R	TCGA-AO-A03R-01A
4dc3285f-fd32-4a3e-ad59-28597ab5323a	TSV	TCGA-C8-A132-01A-31R-A115-07	open	9918029c-763f-4458-b929-a4db95fd5e1a.rna_seq.augmented_star_gene_counts.tsv	666359f2-cd98-44d7-afaa-8783e2d144d5	Transcriptome Profiling	gene_expression	Illumina	4247222	2021-12-13T21:44:39.634640-06:00	ff9f1e30e6da0613c750b6e6597b48c9	2024-07-30T10:06:43.446054-05:00	4dc3285f-fd32-4a3e-ad59-28597ab5323a	Gene Expression Quantification	released	RNA-Seq	1	32.0 - 46.0	TCGA-BRCA	edadb2d4-129c-4f3c-9b6a-2aa193c1effd	released	9918029c-763f-4458-b929-a4db95fd5e1a_star__counts	https://github.com/NCI-GDC/gdc-rnaseq-cwl/blob/5d8c131bbff59fb0c969217fc1d44e6d1503cd1f/rnaseq-star-align/star2pass.rnaseq_harmonization.cwl	STAR - Counts	5d8c131bbff59fb0c969217fc1d44e6d1503cd1f	Primary Tumor	NA	TCGA-C8-A132	TCGA-C8-A132-01A
d7e1d1f4-3189-401d-91dc-048ab13ce5df	TSV	TCGA-EW-A1J6-01A-11R-A13Q-07	open	7ca1746b-d6cc-4207-b1ed-738520928744.rna_seq.augmented_star_gene_counts.tsv	fc775b5b-758c-4578-b3f2-5f3eeae11d7d	Transcriptome Profiling	gene_expression	Illumina	4239416	2021-12-13T22:13:25.980244-06:00	da935d7f44ed4bdf1b551cb643e6bad8	2024-07-30T10:01:53.046515-05:00	d7e1d1f4-3189-401d-91dc-048ab13ce5df	Gene Expression Quantification	released	RNA-Seq	1	32.0 - 46.0	TCGA-BRCA	88073e31-e952-48d9-a30e-05f2a98a9a1d	released	7ca1746b-d6cc-4207-b1ed-738520928744_star__counts	https://github.com/NCI-GDC/gdc-rnaseq-cwl/blob/5d8c131bbff59fb0c969217fc1d44e6d1503cd1f/rnaseq-star-align/star2pass.rnaseq_harmonization.cwl	STAR - Counts	5d8c131bbff59fb0c969217fc1d44e6d1503cd1f	Primary Tumor	NA	TCGA-EW-A1J6	TCGA-EW-A1J6-01A
39b28d5e-fc51-4dfc-bcbe-0285c3bad830	TSV	TCGA-BH-A0DG-01A-21R-A12P-07	open	3129e1d1-9844-4df4-b30e-29b1c438983b.rna_seq.augmented_star_gene_counts.tsv	9f836b86-7e0b-43db-98b8-946dc9b2618a	Transcriptome Profiling	gene_expression	Illumina	4241955	2021-12-13T22:36:15.508774-06:00	529061544684a0f71879e967a03a6463	2024-07-30T09:49:36.998740-05:00	39b28d5e-fc51-4dfc-bcbe-0285c3bad830	Gene Expression Quantification	released	RNA-Seq	1	32.0 - 46.0	TCGA-BRCA	a0da17e8-10a2-468f-a336-7499dddd45b9	released	3129e1d1-9844-4df4-b30e-29b1c438983b_star__counts	https://github.com/NCI-GDC/gdc-rnaseq-cwl/blob/5d8c131bbff59fb0c969217fc1d44e6d1503cd1f/rnaseq-star-align/star2pass.rnaseq_harmonization.cwl	STAR - Counts	5d8c131bbff59fb0c969217fc1d44e6d1503cd1f	Primary Tumor	NA	TCGA-BH-A0DG	TCGA-BH-A0DG-01A
1479c033-ebe7-423d-8460-bbe84fd5ffb6	TSV	TCGA-BH-A0DG-11A-43R-A12P-07	open	967fde0b-9c38-4c69-97f2-9640ebe1dc9a.rna_seq.augmented_star_gene_counts.tsv	5ca7058b-4606-4f51-a23b-d1b871c4f2bb	Transcriptome Profiling	gene_expression	Illumina	4257770	2021-12-13T22:21:40.573474-06:00	086ffa491885cf44784476ba9ac8278c	2024-07-30T09:48:37.263269-05:00	1479c033-ebe7-423d-8460-bbe84fd5ffb6	Gene Expression Quantification	released	RNA-Seq	1	32.0 - 46.0	TCGA-BRCA	338c2851-0cda-4202-a3c4-a736a1c01872	released	967fde0b-9c38-4c69-97f2-9640ebe1dc9a_star__counts	https://github.com/NCI-GDC/gdc-rnaseq-cwl/blob/5d8c131bbff59fb0c969217fc1d44e6d1503cd1f/rnaseq-star-align/star2pass.rnaseq_harmonization.cwl	STAR - Counts	5d8c131bbff59fb0c969217fc1d44e6d1503cd1f	Solid Tissue Normal	NA	TCGA-BH-A0DG	TCGA-BH-A0DG-11A
5978f5bd-575c-4b95-9265-654af1127685	TSV	TCGA-BH-A0HU-01A-11R-A034-07	open	096761b0-f4ca-448d-b78f-58469a508798.rna_seq.augmented_star_gene_counts.tsv	ecc5adda-936d-4827-9b30-c4fc06bdd027	Transcriptome Profiling	gene_expression	Illumina	4241726	2021-12-13T21:56:31.167417-06:00	8e8c0d43d7ce2232a5cd65e910948d25	2024-07-30T10:05:48.309184-05:00	5978f5bd-575c-4b95-9265-654af1127685	Gene Expression Quantification	released	RNA-Seq	1	32.0 - 46.0	TCGA-BRCA	be33cc14-8679-40bb-b3df-686b9fe3c44b	released	096761b0-f4ca-448d-b78f-58469a508798_star__counts	https://github.com/NCI-GDC/gdc-rnaseq-cwl/blob/5d8c131bbff59fb0c969217fc1d44e6d1503cd1f/rnaseq-star-align/star2pass.rnaseq_harmonization.cwl	STAR - Counts	5d8c131bbff59fb0c969217fc1d44e6d1503cd1f	Primary Tumor	NA	TCGA-BH-A0HU	TCGA-BH-A0HU-01A
c55e6460-fea1-468e-951e-bf45bbddd7a6	TSV	TCGA-A7-A0CJ-01A-21R-A00Z-07	open	d0d2b8fc-6915-49fe-ae4a-f80e2d090cf5.rna_seq.augmented_star_gene_counts.tsv	e1c196d0-ba6d-482b-998c-de13355e0ade	Transcriptome Profiling	gene_expression	Illumina	4236078	2021-12-13T22:21:23.944331-06:00	bd998bf18d88c69169479f042b8d2930	2024-07-30T09:20:15.026538-05:00	c55e6460-fea1-468e-951e-bf45bbddd7a6	Gene Expression Quantification	released	RNA-Seq	1	32.0 - 46.0	TCGA-BRCA	ba23ce68-7c6c-4df3-8964-21933aee4bd3	released	d0d2b8fc-6915-49fe-ae4a-f80e2d090cf5_star__counts	https://github.com/NCI-GDC/gdc-rnaseq-cwl/blob/5d8c131bbff59fb0c969217fc1d44e6d1503cd1f/rnaseq-star-align/star2pass.rnaseq_harmonization.cwl	STAR - Counts	5d8c131bbff59fb0c969217fc1d44e6d1503cd1f	Primary Tumor	NA	TCGA-A7-A0CJ	TCGA-A7-A0CJ-01A
c1778b3c-5649-4e26-b937-fd00ffd58387	TSV	TCGA-A8-A097-01A-11R-A034-07	open	1dd10557-4e50-4af0-87c6-b4b3f6fa3a15.rna_seq.augmented_star_gene_counts.tsv	512e3762-e36f-4bc8-9a66-55b511cab3e6	Transcriptome Profiling	gene_expression	Illumina	4257552	2021-12-13T22:20:45.896881-06:00	edd92db3d114181a930e57aa63790116	2024-07-30T09:47:08.934828-05:00	c1778b3c-5649-4e26-b937-fd00ffd58387	Gene Expression Quantification	released	RNA-Seq	1	32.0 - 46.0	TCGA-BRCA	77b652ef-ed03-4a56-9daa-24f0b035a902	released	1dd10557-4e50-4af0-87c6-b4b3f6fa3a15_star__counts	https://github.com/NCI-GDC/gdc-rnaseq-cwl/blob/5d8c131bbff59fb0c969217fc1d44e6d1503cd1f/rnaseq-star-align/star2pass.rnaseq_harmonization.cwl	STAR - Counts	5d8c131bbff59fb0c969217fc1d44e6d1503cd1f	Primary Tumor	NA	TCGA-A8-A097	TCGA-A8-A097-01A
427a04c9-9b48-49de-8a47-2adc4e1dd32a	TSV	TCGA-D8-A27H-01A-11R-A16F-07	open	fead73ce-2e66-4647-8b6c-b8bbdaaf30fe.rna_seq.augmented_star_gene_counts.tsv	9248dd2f-3745-480a-bb5c-1fb361a0a301	Transcriptome Profiling	gene_expression	Illumina	4248833	2021-12-13T22:16:39.132922-06:00	ec942dcd0042eec6c74ef4c9f7cc5534	2024-07-30T09:32:47.072985-05:00	427a04c9-9b48-49de-8a47-2adc4e1dd32a	Gene Expression Quantification	released	RNA-Seq	1	32.0 - 46.0	TCGA-BRCA	8f664cea-59de-4dc9-b7ff-9a8ce07b076b	released	fead73ce-2e66-4647-8b6c-b8bbdaaf30fe_star__counts	https://github.com/NCI-GDC/gdc-rnaseq-cwl/blob/5d8c131bbff59fb0c969217fc1d44e6d1503cd1f/rnaseq-star-align/star2pass.rnaseq_harmonization.cwl	STAR - Counts	5d8c131bbff59fb0c969217fc1d44e6d1503cd1f	Primary Tumor	NA	TCGA-D8-A27H	TCGA-D8-A27H-01A
b9a1e2f1-e5c4-4855-9720-4c168474dd26	TSV	TCGA-BH-A0DL-11A-13R-A115-07	open	5028f9f0-d9ff-4439-9084-fee423ad4ca7.rna_seq.augmented_star_gene_counts.tsv	545d7b03-6090-4fc4-b89f-fa18f69da9d8	Transcriptome Profiling	gene_expression	Illumina	4261226	2021-12-13T22:40:11.552432-06:00	f5d1a972d49161a31e0b7bd18a071e61	2024-07-30T10:01:26.625093-05:00	b9a1e2f1-e5c4-4855-9720-4c168474dd26	Gene Expression Quantification	released	RNA-Seq	1	32.0 - 46.0	TCGA-BRCA	c52ec767-b605-4e63-8b0a-9713f5ee796f	released	5028f9f0-d9ff-4439-9084-fee423ad4ca7_star__counts	https://github.com/NCI-GDC/gdc-rnaseq-cwl/blob/5d8c131bbff59fb0c969217fc1d44e6d1503cd1f/rnaseq-star-align/star2pass.rnaseq_harmonization.cwl	STAR - Counts	5d8c131bbff59fb0c969217fc1d44e6d1503cd1f	Solid Tissue Normal	NA	TCGA-BH-A0DL	TCGA-BH-A0DL-11A
87b7171a-7340-4e1e-849b-c52351f23ab0	TSV	TCGA-A7-A4SE-01A-11R-A266-07	open	43c4bdc2-b3fc-4fb0-9f11-f45394c4256b.rna_seq.augmented_star_gene_counts.tsv	7af9b5cc-a272-49f9-878b-8b75e15e320c	Transcriptome Profiling	gene_expression	Illumina	4234177	2021-12-13T22:19:34.013176-06:00	e01f9f6304a85be93cd2bf5dce00e63e	2024-07-30T09:54:15.284094-05:00	87b7171a-7340-4e1e-849b-c52351f23ab0	Gene Expression Quantification	released	RNA-Seq	1	32.0 - 46.0	TCGA-BRCA	d0af7e18-56f5-4128-86c0-74f84dadc36f	released	43c4bdc2-b3fc-4fb0-9f11-f45394c4256b_star__counts	https://github.com/NCI-GDC/gdc-rnaseq-cwl/blob/5d8c131bbff59fb0c969217fc1d44e6d1503cd1f/rnaseq-star-align/star2pass.rnaseq_harmonization.cwl	STAR - Counts	5d8c131bbff59fb0c969217fc1d44e6d1503cd1f	Primary Tumor	NA	TCGA-A7-A4SE	TCGA-A7-A4SE-01A
a04fdd52-6d4c-4dc6-b63d-fa67ecfe4744	TSV	TCGA-E2-A153-11A-31R-A12D-07	open	d7d4b68a-ab93-4b9c-9cf6-88f15299e306.rna_seq.augmented_star_gene_counts.tsv	b9990d4f-5663-4389-9cd6-95f4287581bc	Transcriptome Profiling	gene_expression	Illumina	4245556	2021-12-13T21:58:58.173018-06:00	742a7cb1d1b22a8c617a55ee94783e7f	2024-07-30T09:20:32.506564-05:00	a04fdd52-6d4c-4dc6-b63d-fa67ecfe4744	Gene Expression Quantification	released	RNA-Seq	1	32.0 - 46.0	TCGA-BRCA	d6dc9e90-d7f8-479a-8aac-0511fa6048cd	released	d7d4b68a-ab93-4b9c-9cf6-88f15299e306_star__counts	https://github.com/NCI-GDC/gdc-rnaseq-cwl/blob/5d8c131bbff59fb0c969217fc1d44e6d1503cd1f/rnaseq-star-align/star2pass.rnaseq_harmonization.cwl	STAR - Counts	5d8c131bbff59fb0c969217fc1d44e6d1503cd1f	Solid Tissue Normal	NA	TCGA-E2-A153	TCGA-E2-A153-11A
0c3ddae2-366f-4b21-ab46-a2cfe1963e42	TSV	TCGA-A2-A1G6-01A-11R-A13Q-07	open	0ef46de9-c9e7-42f0-92bf-c17dc2ede102.rna_seq.augmented_star_gene_counts.tsv	1189799c-6b2f-402a-82e6-f962fb4c7372	Transcriptome Profiling	gene_expression	Illumina	4253191	2021-12-13T22:44:11.848489-06:00	6ab5fc1c03b21622960b75432251a61b	2024-07-30T09:24:53.766048-05:00	0c3ddae2-366f-4b21-ab46-a2cfe1963e42	Gene Expression Quantification	released	RNA-Seq	1	32.0 - 46.0	TCGA-BRCA	6b887f0e-abe4-4007-ad5c-19245dabe9e8	released	0ef46de9-c9e7-42f0-92bf-c17dc2ede102_star__counts	https://github.com/NCI-GDC/gdc-rnaseq-cwl/blob/5d8c131bbff59fb0c969217fc1d44e6d1503cd1f/rnaseq-star-align/star2pass.rnaseq_harmonization.cwl	STAR - Counts	5d8c131bbff59fb0c969217fc1d44e6d1503cd1f	Primary Tumor	NA	TCGA-A2-A1G6	TCGA-A2-A1G6-01A
de98339e-9b13-4def-b3d9-234fdc784cec	TSV	TCGA-AC-A23H-01A-11R-A157-07	open	1075d95f-6d27-42e1-a67a-73d5247c8a68.rna_seq.augmented_star_gene_counts.tsv	badf1fd8-8369-42f2-abd2-0689e515c7c0	Transcriptome Profiling	gene_expression	Illumina	4245387	2021-12-13T21:56:38.749069-06:00	30caee6d8d898843096cd8c4c284972a	2024-07-30T09:36:28.886341-05:00	de98339e-9b13-4def-b3d9-234fdc784cec	Gene Expression Quantification	released	RNA-Seq	1	32.0 - 46.0	TCGA-BRCA	69105f2e-de76-49ef-8b15-d23238b43185	released	1075d95f-6d27-42e1-a67a-73d5247c8a68_star__counts	https://github.com/NCI-GDC/gdc-rnaseq-cwl/blob/5d8c131bbff59fb0c969217fc1d44e6d1503cd1f/rnaseq-star-align/star2pass.rnaseq_harmonization.cwl	STAR - Counts	5d8c131bbff59fb0c969217fc1d44e6d1503cd1f	Primary Tumor	NA	TCGA-AC-A23H	TCGA-AC-A23H-01A
17ff23ff-17b3-4ed1-b10c-2d922c045807	TSV	TCGA-BH-A1EX-01A-11R-A13Q-07	open	663797a8-ffd2-48a2-a5f6-992b5eb3c745.rna_seq.augmented_star_gene_counts.tsv	c4a3fc8c-cffb-4992-8d17-11f4a84a3bcd	Transcriptome Profiling	gene_expression	Illumina	4260528	2021-12-13T22:26:19.751912-06:00	5ec573b0a66ff55ceb94676675470a65	2024-07-30T09:35:52.091288-05:00	17ff23ff-17b3-4ed1-b10c-2d922c045807	Gene Expression Quantification	released	RNA-Seq	1	32.0 - 46.0	TCGA-BRCA	914e44db-5610-4837-ace0-fe6985fbcb56	released	663797a8-ffd2-48a2-a5f6-992b5eb3c745_star__counts	https://github.com/NCI-GDC/gdc-rnaseq-cwl/blob/5d8c131bbff59fb0c969217fc1d44e6d1503cd1f/rnaseq-star-align/star2pass.rnaseq_harmonization.cwl	STAR - Counts	5d8c131bbff59fb0c969217fc1d44e6d1503cd1f	Primary Tumor	NA	TCGA-BH-A1EX	TCGA-BH-A1EX-01A
a39993c2-0b95-4df1-b501-b1a746633449	TSV	TCGA-GM-A2DM-01A-11R-A180-07	open	9b652843-9c30-4c21-8c39-ef9e21ec4ec6.rna_seq.augmented_star_gene_counts.tsv	3b2d9be7-7d3f-4a8f-be80-8d265045f1ae	Transcriptome Profiling	gene_expression	Illumina	4236119	2021-12-13T22:43:20.194774-06:00	d92427683e1835e45bac4259dc1510c9	2024-07-30T09:34:47.950220-05:00	a39993c2-0b95-4df1-b501-b1a746633449	Gene Expression Quantification	released	RNA-Seq	1	32.0 - 46.0	TCGA-BRCA	7a356972-5124-472f-ac3b-4c466678c316	released	9b652843-9c30-4c21-8c39-ef9e21ec4ec6_star__counts	https://github.com/NCI-GDC/gdc-rnaseq-cwl/blob/5d8c131bbff59fb0c969217fc1d44e6d1503cd1f/rnaseq-star-align/star2pass.rnaseq_harmonization.cwl	STAR - Counts	5d8c131bbff59fb0c969217fc1d44e6d1503cd1f	Primary Tumor	NA	TCGA-GM-A2DM	TCGA-GM-A2DM-01A
0427af63-b665-4c57-874b-65222c200bfe	TSV	TCGA-AQ-A04L-01B-21R-A10J-07	open	99296d22-e605-49cd-b37f-a1b900be5d53.rna_seq.augmented_star_gene_counts.tsv	3939bc44-097e-4710-be81-49d3b99a81fd	Transcriptome Profiling	gene_expression	Illumina	4237528	2021-12-13T22:19:43.600699-06:00	b9cd279d7a8f16b93895308e32e423d2	2024-07-30T09:47:57.618473-05:00	0427af63-b665-4c57-874b-65222c200bfe	Gene Expression Quantification	released	RNA-Seq	1	32.0 - 46.0	TCGA-BRCA	da13879b-57de-407b-9470-aae8b53ed814	released	99296d22-e605-49cd-b37f-a1b900be5d53_star__counts	https://github.com/NCI-GDC/gdc-rnaseq-cwl/blob/5d8c131bbff59fb0c969217fc1d44e6d1503cd1f/rnaseq-star-align/star2pass.rnaseq_harmonization.cwl	STAR - Counts	5d8c131bbff59fb0c969217fc1d44e6d1503cd1f	Primary Tumor	NA	TCGA-AQ-A04L	TCGA-AQ-A04L-01B
c96ef17c-52c1-43d9-a7e5-730fd8f3641f	TSV	TCGA-A2-A0CY-01A-12R-A034-07	open	5e50611e-9e98-480c-bc47-28070e9edeea.rna_seq.augmented_star_gene_counts.tsv	5c9ba94b-9c68-4285-bcd8-a796b8b443aa	Transcriptome Profiling	gene_expression	Illumina	4227579	2021-12-13T21:47:57.061176-06:00	d068ad900f6bcb8467e1bbebbf6f7924	2024-07-30T09:23:51.278686-05:00	c96ef17c-52c1-43d9-a7e5-730fd8f3641f	Gene Expression Quantification	released	RNA-Seq	1	32.0 - 46.0	TCGA-BRCA	9a143bb4-07ac-41f1-8540-57a0cd77bc91	released	5e50611e-9e98-480c-bc47-28070e9edeea_star__counts	https://github.com/NCI-GDC/gdc-rnaseq-cwl/blob/5d8c131bbff59fb0c969217fc1d44e6d1503cd1f/rnaseq-star-align/star2pass.rnaseq_harmonization.cwl	STAR - Counts	5d8c131bbff59fb0c969217fc1d44e6d1503cd1f	Primary Tumor	NA	TCGA-A2-A0CY	TCGA-A2-A0CY-01A
c84958db-e7a3-4cd5-9b5e-a5435a86021d	TSV	TCGA-BH-A1EO-01A-11R-A137-07	open	9dd14de1-13c3-4586-8aad-1f3b0cb63de7.rna_seq.augmented_star_gene_counts.tsv	2624613d-9263-43ec-beb7-aae3cd13a9f0	Transcriptome Profiling	gene_expression	Illumina	4226020	2021-12-13T21:51:24.408880-06:00	7f916f7a0449a0bccdfd6dc482a365ca	2024-07-30T09:48:03.815515-05:00	c84958db-e7a3-4cd5-9b5e-a5435a86021d	Gene Expression Quantification	released	RNA-Seq	1	32.0 - 46.0	TCGA-BRCA	4e42fb34-2c03-4b07-99d8-ef2c14e6dba5	released	9dd14de1-13c3-4586-8aad-1f3b0cb63de7_star__counts	https://github.com/NCI-GDC/gdc-rnaseq-cwl/blob/5d8c131bbff59fb0c969217fc1d44e6d1503cd1f/rnaseq-star-align/star2pass.rnaseq_harmonization.cwl	STAR - Counts	5d8c131bbff59fb0c969217fc1d44e6d1503cd1f	Primary Tumor	NA	TCGA-BH-A1EO	TCGA-BH-A1EO-01A
fd371070-c312-4eca-b3da-d41b1c8a86a7	TSV	TCGA-D8-A13Z-01A-11R-A115-07	open	47e6db9a-52b4-4a3b-8c5f-1cb8fa48f7ea.rna_seq.augmented_star_gene_counts.tsv	362096a3-04f3-42a4-afba-8b382c1a9615	Transcriptome Profiling	gene_expression	Illumina	4252900	2021-12-13T22:21:30.465131-06:00	f5e6fffe2485ffd6ce797eddca68e173	2024-07-30T10:08:53.453183-05:00	fd371070-c312-4eca-b3da-d41b1c8a86a7	Gene Expression Quantification	released	RNA-Seq	1	32.0 - 46.0	TCGA-BRCA	66fd585e-d625-4d09-bfd9-f22e260e1f9e	released	47e6db9a-52b4-4a3b-8c5f-1cb8fa48f7ea_star__counts	https://github.com/NCI-GDC/gdc-rnaseq-cwl/blob/5d8c131bbff59fb0c969217fc1d44e6d1503cd1f/rnaseq-star-align/star2pass.rnaseq_harmonization.cwl	STAR - Counts	5d8c131bbff59fb0c969217fc1d44e6d1503cd1f	Primary Tumor	NA	TCGA-D8-A13Z	TCGA-D8-A13Z-01A
4ad2cbb3-5bca-462b-af1f-8a292c317722	TSV	TCGA-GM-A2DH-01A-11R-A180-07	open	e8909d26-a289-4dc7-a819-5883c621efac.rna_seq.augmented_star_gene_counts.tsv	babe6799-1558-43bb-afe0-505a91ea5094	Transcriptome Profiling	gene_expression	Illumina	4262880	2021-12-13T22:10:16.638189-06:00	72467f75385aa52acfaa414be2282a96	2024-07-30T09:42:51.403333-05:00	4ad2cbb3-5bca-462b-af1f-8a292c317722	Gene Expression Quantification	released	RNA-Seq	1	32.0 - 46.0	TCGA-BRCA	a2456a68-79a9-4b75-9c18-d2acc4f521ba	released	e8909d26-a289-4dc7-a819-5883c621efac_star__counts	https://github.com/NCI-GDC/gdc-rnaseq-cwl/blob/5d8c131bbff59fb0c969217fc1d44e6d1503cd1f/rnaseq-star-align/star2pass.rnaseq_harmonization.cwl	STAR - Counts	5d8c131bbff59fb0c969217fc1d44e6d1503cd1f	Primary Tumor	NA	TCGA-GM-A2DH	TCGA-GM-A2DH-01A
dbbacb2c-b675-4a35-a6ff-157865f24945	TSV	TCGA-BH-A18S-01A-11R-A12D-07	open	4614147d-8f49-42b0-a43d-3ef88e6f0af4.rna_seq.augmented_star_gene_counts.tsv	7c5d5675-ec7a-422a-8734-c5e53220225a	Transcriptome Profiling	gene_expression	Illumina	4240769	2021-12-13T21:55:37.120606-06:00	f06b18b382d02ce38e4a33db04725ac8	2024-07-30T09:20:46.995969-05:00	dbbacb2c-b675-4a35-a6ff-157865f24945	Gene Expression Quantification	released	RNA-Seq	1	32.0 - 46.0	TCGA-BRCA	c9deaa35-db13-4bd1-87d6-28e5d55c53d8	released	4614147d-8f49-42b0-a43d-3ef88e6f0af4_star__counts	https://github.com/NCI-GDC/gdc-rnaseq-cwl/blob/5d8c131bbff59fb0c969217fc1d44e6d1503cd1f/rnaseq-star-align/star2pass.rnaseq_harmonization.cwl	STAR - Counts	5d8c131bbff59fb0c969217fc1d44e6d1503cd1f	Primary Tumor	NA	TCGA-BH-A18S	TCGA-BH-A18S-01A
0710056c-2f04-4182-90ca-45492dd6444c	TSV	TCGA-B6-A0I9-01A-11R-A034-07	open	9d0f51bf-a66d-4ea1-8599-2aee772c165b.rna_seq.augmented_star_gene_counts.tsv	19b07e02-17db-46d5-8842-d4ae3feac5cd	Transcriptome Profiling	gene_expression	Illumina	4245674	2021-12-13T22:13:40.664916-06:00	07842cf192dc9b24c0b238860fe2f9d6	2024-07-30T09:53:45.848407-05:00	0710056c-2f04-4182-90ca-45492dd6444c	Gene Expression Quantification	released	RNA-Seq	1	32.0 - 46.0	TCGA-BRCA	578f2863-7659-470e-9b8a-1b879e0b6f52	released	9d0f51bf-a66d-4ea1-8599-2aee772c165b_star__counts	https://github.com/NCI-GDC/gdc-rnaseq-cwl/blob/5d8c131bbff59fb0c969217fc1d44e6d1503cd1f/rnaseq-star-align/star2pass.rnaseq_harmonization.cwl	STAR - Counts	5d8c131bbff59fb0c969217fc1d44e6d1503cd1f	Primary Tumor	NA	TCGA-B6-A0I9	TCGA-B6-A0I9-01A
1852f5d0-ce76-4f0d-87a7-0383f338c96b	TSV	TCGA-B6-A0I1-01A-11R-A21T-07	open	de57eef8-932d-4e4f-a67d-835a87d72116.rna_seq.augmented_star_gene_counts.tsv	957e0bb7-8649-4f20-b47c-3d48ce253330	Transcriptome Profiling	gene_expression	Illumina	4248561	2021-12-13T22:07:43.251720-06:00	835429fb521091f61a3edbd1dd00c551	2024-07-30T10:05:31.786615-05:00	1852f5d0-ce76-4f0d-87a7-0383f338c96b	Gene Expression Quantification	released	RNA-Seq	1	32.0 - 46.0	TCGA-BRCA	1426680f-3fcf-487d-b8cd-9a8dc3f4c1e7	released	de57eef8-932d-4e4f-a67d-835a87d72116_star__counts	https://github.com/NCI-GDC/gdc-rnaseq-cwl/blob/5d8c131bbff59fb0c969217fc1d44e6d1503cd1f/rnaseq-star-align/star2pass.rnaseq_harmonization.cwl	STAR - Counts	5d8c131bbff59fb0c969217fc1d44e6d1503cd1f	Primary Tumor	NA	TCGA-B6-A0I1	TCGA-B6-A0I1-01A
4f464ced-080f-41f1-9a00-955db0d5fda6	TSV	TCGA-BH-A0B9-01A-11R-A056-07	open	dc76c717-eaa0-49d7-a228-2fce7a536e42.rna_seq.augmented_star_gene_counts.tsv	ba8276ff-1832-4a7d-b613-488ca030239e	Transcriptome Profiling	gene_expression	Illumina	4262264	2021-12-13T22:24:23.400880-06:00	04404aa56bd6e68b44acf9906e7266c4	2024-07-30T09:34:04.131730-05:00	4f464ced-080f-41f1-9a00-955db0d5fda6	Gene Expression Quantification	released	RNA-Seq	1	32.0 - 46.0	TCGA-BRCA	ab3ef668-01ba-4e01-87b0-aa77406c0401	released	dc76c717-eaa0-49d7-a228-2fce7a536e42_star__counts	https://github.com/NCI-GDC/gdc-rnaseq-cwl/blob/5d8c131bbff59fb0c969217fc1d44e6d1503cd1f/rnaseq-star-align/star2pass.rnaseq_harmonization.cwl	STAR - Counts	5d8c131bbff59fb0c969217fc1d44e6d1503cd1f	Primary Tumor	NA	TCGA-BH-A0B9	TCGA-BH-A0B9-01A
8c6fa126-82a0-4290-a657-8466959585c4	TSV	TCGA-A2-A1FV-01A-11R-A13Q-07	open	7db191ab-6106-4e39-a45e-8a68aaba0922.rna_seq.augmented_star_gene_counts.tsv	11975e80-3eea-4b50-9cb3-55a099c84711	Transcriptome Profiling	gene_expression	Illumina	4253786	2021-12-13T21:58:52.849907-06:00	b80a479313b7c946b73dce08bd035b04	2024-07-30T09:20:19.925304-05:00	8c6fa126-82a0-4290-a657-8466959585c4	Gene Expression Quantification	released	RNA-Seq	1	32.0 - 46.0	TCGA-BRCA	a95fd6bb-bcf2-47f4-9c80-64bac1c54aec	released	7db191ab-6106-4e39-a45e-8a68aaba0922_star__counts	https://github.com/NCI-GDC/gdc-rnaseq-cwl/blob/5d8c131bbff59fb0c969217fc1d44e6d1503cd1f/rnaseq-star-align/star2pass.rnaseq_harmonization.cwl	STAR - Counts	5d8c131bbff59fb0c969217fc1d44e6d1503cd1f	Primary Tumor	NA	TCGA-A2-A1FV	TCGA-A2-A1FV-01A
10d1a1f0-c89b-4b1e-93fa-7c6fd7f5bb8f	TSV	TCGA-AN-A0XL-01A-11R-A10J-07	open	05b55f88-290a-4abd-bbc3-44561ba1f8b7.rna_seq.augmented_star_gene_counts.tsv	9720daf6-29a9-45ae-a590-6c170493af1a	Transcriptome Profiling	gene_expression	Illumina	4245933	2021-12-13T21:45:33.844295-06:00	63543a54590e2ed3012fd15c88db4d88	2024-07-30T09:37:59.227323-05:00	10d1a1f0-c89b-4b1e-93fa-7c6fd7f5bb8f	Gene Expression Quantification	released	RNA-Seq	1	32.0 - 46.0	TCGA-BRCA	c51fd148-c3a5-4371-a8f0-5fa65f41d30a	released	05b55f88-290a-4abd-bbc3-44561ba1f8b7_star__counts	https://github.com/NCI-GDC/gdc-rnaseq-cwl/blob/5d8c131bbff59fb0c969217fc1d44e6d1503cd1f/rnaseq-star-align/star2pass.rnaseq_harmonization.cwl	STAR - Counts	5d8c131bbff59fb0c969217fc1d44e6d1503cd1f	Primary Tumor	NA	TCGA-AN-A0XL	TCGA-AN-A0XL-01A
b70b68a1-28c4-4ed3-a04c-b622e583f10b	TSV	TCGA-BH-A0DZ-11A-22R-A089-07	open	d6cc88bd-b0ba-4606-955d-2dc32e6d2d97.rna_seq.augmented_star_gene_counts.tsv	b348c1f2-976e-434e-85de-e25140f1017b	Transcriptome Profiling	gene_expression	Illumina	4240162	2021-12-13T22:40:42.412336-06:00	1152d1a79e43c12d26987e05b97d4ac5	2024-07-30T09:54:55.530122-05:00	b70b68a1-28c4-4ed3-a04c-b622e583f10b	Gene Expression Quantification	released	RNA-Seq	1	32.0 - 46.0	TCGA-BRCA	c2459993-ac07-497b-9447-0ccf6327f925	released	d6cc88bd-b0ba-4606-955d-2dc32e6d2d97_star__counts	https://github.com/NCI-GDC/gdc-rnaseq-cwl/blob/5d8c131bbff59fb0c969217fc1d44e6d1503cd1f/rnaseq-star-align/star2pass.rnaseq_harmonization.cwl	STAR - Counts	5d8c131bbff59fb0c969217fc1d44e6d1503cd1f	Solid Tissue Normal	NA	TCGA-BH-A0DZ	TCGA-BH-A0DZ-11A
9928c491-426a-4507-8ddd-999d6b892e29	TSV	TCGA-A7-A3J1-01A-11R-A213-07	open	677a334e-f2cb-455f-bf50-05e23cb2a7ec.rna_seq.augmented_star_gene_counts.tsv	dac7e9ac-fd9a-4883-8df3-a35cdeff3070	Transcriptome Profiling	gene_expression	Illumina	4264013	2021-12-13T21:54:48.903852-06:00	5d8f3712497000cac73f6fdfdda8dd00	2024-07-30T09:43:16.333518-05:00	9928c491-426a-4507-8ddd-999d6b892e29	Gene Expression Quantification	released	RNA-Seq	1	32.0 - 46.0	TCGA-BRCA	0a0ce710-c4d6-4143-8ae1-ec062c07aa55	released	677a334e-f2cb-455f-bf50-05e23cb2a7ec_star__counts	https://github.com/NCI-GDC/gdc-rnaseq-cwl/blob/5d8c131bbff59fb0c969217fc1d44e6d1503cd1f/rnaseq-star-align/star2pass.rnaseq_harmonization.cwl	STAR - Counts	5d8c131bbff59fb0c969217fc1d44e6d1503cd1f	Primary Tumor	NA	TCGA-A7-A3J1	TCGA-A7-A3J1-01A
3ecfecef-4180-4b7a-8d9a-5532b47ef500	TSV	TCGA-D8-A145-01A-11R-A115-07	open	c2fe2d79-efb1-4e4d-a297-bd6b15703d10.rna_seq.augmented_star_gene_counts.tsv	c91266c3-17a0-4731-af72-cb1547b798a4	Transcriptome Profiling	gene_expression	Illumina	4248652	2021-12-13T22:21:35.144689-06:00	e450da693d84fff631132c64f0c190c0	2024-07-30T10:06:53.271619-05:00	3ecfecef-4180-4b7a-8d9a-5532b47ef500	Gene Expression Quantification	released	RNA-Seq	1	32.0 - 46.0	TCGA-BRCA	341693c7-7d2b-45f2-b65f-b9f7570d86c0	released	c2fe2d79-efb1-4e4d-a297-bd6b15703d10_star__counts	https://github.com/NCI-GDC/gdc-rnaseq-cwl/blob/5d8c131bbff59fb0c969217fc1d44e6d1503cd1f/rnaseq-star-align/star2pass.rnaseq_harmonization.cwl	STAR - Counts	5d8c131bbff59fb0c969217fc1d44e6d1503cd1f	Primary Tumor	NA	TCGA-D8-A145	TCGA-D8-A145-01A
1320db11-22a5-417f-8ec7-65c0bf4681a2	TSV	TCGA-BH-A0AY-11A-23R-A089-07	open	9926a02f-9fa7-42c9-bfa1-e6ec45018fed.rna_seq.augmented_star_gene_counts.tsv	5504e1a3-805b-48bf-acf1-5a2323db103b	Transcriptome Profiling	gene_expression	Illumina	4246161	2021-12-13T21:47:22.986559-06:00	7868110c22b25bcb07742c79a41a697c	2024-07-30T09:25:13.496803-05:00	1320db11-22a5-417f-8ec7-65c0bf4681a2	Gene Expression Quantification	released	RNA-Seq	1	32.0 - 46.0	TCGA-BRCA	d1836e1f-7a79-491f-a4a2-74abdc3ee033	released	9926a02f-9fa7-42c9-bfa1-e6ec45018fed_star__counts	https://github.com/NCI-GDC/gdc-rnaseq-cwl/blob/5d8c131bbff59fb0c969217fc1d44e6d1503cd1f/rnaseq-star-align/star2pass.rnaseq_harmonization.cwl	STAR - Counts	5d8c131bbff59fb0c969217fc1d44e6d1503cd1f	Solid Tissue Normal	NA	TCGA-BH-A0AY	TCGA-BH-A0AY-11A
e21262db-a694-4461-b1b0-e52c0891113a	TSV	TCGA-A2-A0CS-01A-11R-A115-07	open	04de1f79-fdfc-4662-bab2-a3ed667c7dea.rna_seq.augmented_star_gene_counts.tsv	9f657a5f-e68a-48c9-9f15-34dd2fc7baf3	Transcriptome Profiling	gene_expression	Illumina	4229610	2021-12-13T22:22:52.973107-06:00	47c149d8b5d70ad11ae5645e9f3027ab	2024-07-30T09:51:54.090314-05:00	e21262db-a694-4461-b1b0-e52c0891113a	Gene Expression Quantification	released	RNA-Seq	1	32.0 - 46.0	TCGA-BRCA	fdef272b-965c-4df3-9b65-f0936815bf5d	released	04de1f79-fdfc-4662-bab2-a3ed667c7dea_star__counts	https://github.com/NCI-GDC/gdc-rnaseq-cwl/blob/5d8c131bbff59fb0c969217fc1d44e6d1503cd1f/rnaseq-star-align/star2pass.rnaseq_harmonization.cwl	STAR - Counts	5d8c131bbff59fb0c969217fc1d44e6d1503cd1f	Primary Tumor	NA	TCGA-A2-A0CS	TCGA-A2-A0CS-01A
fc0a2d23-31a3-4aab-bdd9-0abb51880043	TSV	TCGA-AN-A0AJ-01A-11R-A00Z-07	open	0e2d6467-d90b-40dc-813c-fa4f8a0f4d07.rna_seq.augmented_star_gene_counts.tsv	4d485d34-fb44-4fce-9fe8-2f380f263808	Transcriptome Profiling	gene_expression	Illumina	4246159	2021-12-13T22:05:39.174154-06:00	cb29dc21f72e5a909ea0860ad1c9db1a	2024-07-30T08:51:43.692071-05:00	fc0a2d23-31a3-4aab-bdd9-0abb51880043	Gene Expression Quantification	released	RNA-Seq	1	32.0 - 46.0	TCGA-BRCA	dd325fea-5209-4eeb-b609-97ddb5b40d54	released	0e2d6467-d90b-40dc-813c-fa4f8a0f4d07_star__counts	https://github.com/NCI-GDC/gdc-rnaseq-cwl/blob/5d8c131bbff59fb0c969217fc1d44e6d1503cd1f/rnaseq-star-align/star2pass.rnaseq_harmonization.cwl	STAR - Counts	5d8c131bbff59fb0c969217fc1d44e6d1503cd1f	Primary Tumor	NA	TCGA-AN-A0AJ	TCGA-AN-A0AJ-01A
287a036d-5b2d-4faf-93a0-cf0be006fa6b	TSV	TCGA-BH-A0DV-01A-21R-A12P-07	open	52ff2501-c6d1-4469-a2b7-c458d98cfc8e.rna_seq.augmented_star_gene_counts.tsv	9dbbb459-54a5-4b3d-b8d1-d092ce5acc88	Transcriptome Profiling	gene_expression	Illumina	4248162	2021-12-13T22:11:26.074327-06:00	2911da0d8dafaf463082325d72f14e0b	2024-07-30T09:55:39.456217-05:00	287a036d-5b2d-4faf-93a0-cf0be006fa6b	Gene Expression Quantification	released	RNA-Seq	1	32.0 - 46.0	TCGA-BRCA	2a44a4bf-5013-422f-8a96-7101fe6a8b15	released	52ff2501-c6d1-4469-a2b7-c458d98cfc8e_star__counts	https://github.com/NCI-GDC/gdc-rnaseq-cwl/blob/5d8c131bbff59fb0c969217fc1d44e6d1503cd1f/rnaseq-star-align/star2pass.rnaseq_harmonization.cwl	STAR - Counts	5d8c131bbff59fb0c969217fc1d44e6d1503cd1f	Primary Tumor	NA	TCGA-BH-A0DV	TCGA-BH-A0DV-01A
a6f9b537-d843-4181-9ba8-712c44986581	TSV	TCGA-D8-A1Y1-01A-21R-A14M-07	open	f3d3848c-9ff7-4e84-a35c-f6b6e3a57605.rna_seq.augmented_star_gene_counts.tsv	29bd46d0-70f6-4631-b824-1171c24d5a34	Transcriptome Profiling	gene_expression	Illumina	4251225	2021-12-13T21:54:25.622159-06:00	a3163eed4b38d4ad03f247ed41961b78	2024-07-30T10:03:05.325313-05:00	a6f9b537-d843-4181-9ba8-712c44986581	Gene Expression Quantification	released	RNA-Seq	1	32.0 - 46.0	TCGA-BRCA	d4d53ba3-3098-45fd-90ac-3112a40ef5e1	released	f3d3848c-9ff7-4e84-a35c-f6b6e3a57605_star__counts	https://github.com/NCI-GDC/gdc-rnaseq-cwl/blob/5d8c131bbff59fb0c969217fc1d44e6d1503cd1f/rnaseq-star-align/star2pass.rnaseq_harmonization.cwl	STAR - Counts	5d8c131bbff59fb0c969217fc1d44e6d1503cd1f	Primary Tumor	NA	TCGA-D8-A1Y1	TCGA-D8-A1Y1-01A
d67b8114-b70f-4e69-bae5-4f2f982c4b1b	TSV	TCGA-LD-A66U-01A-11R-A31O-07	open	f337af94-788c-4de9-ab62-8627dc88695d.rna_seq.augmented_star_gene_counts.tsv	5dd50f87-1cf3-442b-8203-2e5f5e99fee9	Transcriptome Profiling	gene_expression	Illumina	4248343	2021-12-13T22:03:51.433863-06:00	1baa59c3bd3ce3b964009b6567902324	2024-07-30T09:39:58.005031-05:00	d67b8114-b70f-4e69-bae5-4f2f982c4b1b	Gene Expression Quantification	released	RNA-Seq	1	32.0 - 46.0	TCGA-BRCA	b8b4440e-ce8b-4f50-babf-67c5de94d817	released	f337af94-788c-4de9-ab62-8627dc88695d_star__counts	https://github.com/NCI-GDC/gdc-rnaseq-cwl/blob/5d8c131bbff59fb0c969217fc1d44e6d1503cd1f/rnaseq-star-align/star2pass.rnaseq_harmonization.cwl	STAR - Counts	5d8c131bbff59fb0c969217fc1d44e6d1503cd1f	Primary Tumor	NA	TCGA-LD-A66U	TCGA-LD-A66U-01A
150cf3db-44a8-4553-a648-66913d68adde	TSV	TCGA-AC-A3QQ-01B-06R-A22O-07	open	099445c1-bd35-43ac-ab7e-9a8a9999c9a7.rna_seq.augmented_star_gene_counts.tsv	55e4ae2e-8c75-4826-8301-877bea17102d	Transcriptome Profiling	gene_expression	Illumina	4228932	2021-12-13T22:31:39.508061-06:00	92ff46a6053021b8417225f4ca399ee6	2024-07-30T09:22:36.103785-05:00	150cf3db-44a8-4553-a648-66913d68adde	Gene Expression Quantification	released	RNA-Seq	1	32.0 - 46.0	TCGA-BRCA	be1048f3-b78e-4df0-8ef0-54f43a58f9d0	released	099445c1-bd35-43ac-ab7e-9a8a9999c9a7_star__counts	https://github.com/NCI-GDC/gdc-rnaseq-cwl/blob/5d8c131bbff59fb0c969217fc1d44e6d1503cd1f/rnaseq-star-align/star2pass.rnaseq_harmonization.cwl	STAR - Counts	5d8c131bbff59fb0c969217fc1d44e6d1503cd1f	Primary Tumor	NA	TCGA-AC-A3QQ	TCGA-AC-A3QQ-01B
f88ba6a1-27bf-43fa-a2c7-05db1eb9e8ea	TSV	TCGA-AR-A1AO-01A-11R-A12P-07	open	cfba3fd3-4d84-46e6-9c12-8bf8481b35aa.rna_seq.augmented_star_gene_counts.tsv	9ce4da38-503d-48a7-ad6e-4ab6e8d69bb1	Transcriptome Profiling	gene_expression	Illumina	4251779	2021-12-13T22:23:01.149529-06:00	b29255fefee625cb100f692dc30cf89a	2024-07-30T09:50:27.459533-05:00	f88ba6a1-27bf-43fa-a2c7-05db1eb9e8ea	Gene Expression Quantification	released	RNA-Seq	1	32.0 - 46.0	TCGA-BRCA	4755bea2-944a-4aeb-a65c-273e1133dbaf	released	cfba3fd3-4d84-46e6-9c12-8bf8481b35aa_star__counts	https://github.com/NCI-GDC/gdc-rnaseq-cwl/blob/5d8c131bbff59fb0c969217fc1d44e6d1503cd1f/rnaseq-star-align/star2pass.rnaseq_harmonization.cwl	STAR - Counts	5d8c131bbff59fb0c969217fc1d44e6d1503cd1f	Primary Tumor	NA	TCGA-AR-A1AO	TCGA-AR-A1AO-01A
7d496f9f-8a04-496a-ad25-68b1b72f864a	TSV	TCGA-D8-A1XK-01A-21R-A14M-07	open	c07a2fe2-d51d-4fd6-a36e-9f04fc3b6c05.rna_seq.augmented_star_gene_counts.tsv	ba524385-879b-4d91-aeeb-6a894002b7fc	Transcriptome Profiling	gene_expression	Illumina	4246838	2021-12-13T22:12:16.834067-06:00	28b5125dd051111339fbb56dcc9a7b18	2024-07-30T09:37:21.095367-05:00	7d496f9f-8a04-496a-ad25-68b1b72f864a	Gene Expression Quantification	released	RNA-Seq	1	32.0 - 46.0	TCGA-BRCA	e6ecaa0d-0976-4f05-a17b-6f9fdde873bc	released	c07a2fe2-d51d-4fd6-a36e-9f04fc3b6c05_star__counts	https://github.com/NCI-GDC/gdc-rnaseq-cwl/blob/5d8c131bbff59fb0c969217fc1d44e6d1503cd1f/rnaseq-star-align/star2pass.rnaseq_harmonization.cwl	STAR - Counts	5d8c131bbff59fb0c969217fc1d44e6d1503cd1f	Primary Tumor	NA	TCGA-D8-A1XK	TCGA-D8-A1XK-01A
da8c5f1e-a4e3-46bd-adb3-ce758e654983	TSV	TCGA-AQ-A54O-01A-11R-A266-07	open	c36f7911-13d2-4230-a5f5-e9c562d763bc.rna_seq.augmented_star_gene_counts.tsv	f7b0d1e1-b0d0-4de0-9e0d-1d0a19afaed2	Transcriptome Profiling	gene_expression	Illumina	4230563	2021-12-13T22:32:28.279260-06:00	b947906d12c1401f39cc89ab90d37413	2024-07-30T09:49:33.274910-05:00	da8c5f1e-a4e3-46bd-adb3-ce758e654983	Gene Expression Quantification	released	RNA-Seq	1	32.0 - 46.0	TCGA-BRCA	3ea27979-37d4-4866-a8e3-a4e15134a4b7	released	c36f7911-13d2-4230-a5f5-e9c562d763bc_star__counts	https://github.com/NCI-GDC/gdc-rnaseq-cwl/blob/5d8c131bbff59fb0c969217fc1d44e6d1503cd1f/rnaseq-star-align/star2pass.rnaseq_harmonization.cwl	STAR - Counts	5d8c131bbff59fb0c969217fc1d44e6d1503cd1f	Primary Tumor	NA	TCGA-AQ-A54O	TCGA-AQ-A54O-01A
f24d6e88-634e-4d86-b993-76a40f1190d0	TSV	TCGA-BH-A0AU-11A-11R-A12P-07	open	f201e2e9-dfb0-4a53-bd68-56f4e87604d3.rna_seq.augmented_star_gene_counts.tsv	e5e662f4-82ec-4cb0-9be6-34a190eb094b	Transcriptome Profiling	gene_expression	Illumina	4252668	2021-12-13T21:46:29.814912-06:00	9ca1c2f708ad9254dd6af87e538a512b	2024-07-30T10:06:01.713123-05:00	f24d6e88-634e-4d86-b993-76a40f1190d0	Gene Expression Quantification	released	RNA-Seq	1	32.0 - 46.0	TCGA-BRCA	9d2e9841-5303-4e4c-b9f1-aa99834857be	released	f201e2e9-dfb0-4a53-bd68-56f4e87604d3_star__counts	https://github.com/NCI-GDC/gdc-rnaseq-cwl/blob/5d8c131bbff59fb0c969217fc1d44e6d1503cd1f/rnaseq-star-align/star2pass.rnaseq_harmonization.cwl	STAR - Counts	5d8c131bbff59fb0c969217fc1d44e6d1503cd1f	Solid Tissue Normal	NA	TCGA-BH-A0AU	TCGA-BH-A0AU-11A
467cc312-373e-4655-a07e-533ccb133b22	TSV	TCGA-E9-A1RD-01A-11R-A157-07	open	f4d60a0f-dc11-4005-8d59-7511ba4de8b1.rna_seq.augmented_star_gene_counts.tsv	adc086bc-142b-4c6a-8319-76c2868ed1bc	Transcriptome Profiling	gene_expression	Illumina	4256900	2021-12-13T21:59:11.793178-06:00	0f5661872af27897e62c16e52f6518e5	2024-07-30T09:51:30.801437-05:00	467cc312-373e-4655-a07e-533ccb133b22	Gene Expression Quantification	released	RNA-Seq	1	32.0 - 46.0	TCGA-BRCA	fc5cef6c-128e-4bff-895e-1470f0816e4b	released	f4d60a0f-dc11-4005-8d59-7511ba4de8b1_star__counts	https://github.com/NCI-GDC/gdc-rnaseq-cwl/blob/5d8c131bbff59fb0c969217fc1d44e6d1503cd1f/rnaseq-star-align/star2pass.rnaseq_harmonization.cwl	STAR - Counts	5d8c131bbff59fb0c969217fc1d44e6d1503cd1f	Primary Tumor	NA	TCGA-E9-A1RD	TCGA-E9-A1RD-01A
4376b78e-bfec-4142-8407-b967883d7b6b	TSV	TCGA-E9-A1RD-11A-33R-A157-07	open	eba8b055-6de2-48e7-bed8-40de705ad1d1.rna_seq.augmented_star_gene_counts.tsv	ac14c97a-1af0-42c5-b6ee-e2c9973b167b	Transcriptome Profiling	gene_expression	Illumina	4251315	2021-12-13T21:46:11.646347-06:00	ad8b805c8ddda100c9f123f459cdd211	2024-07-30T09:34:56.674886-05:00	4376b78e-bfec-4142-8407-b967883d7b6b	Gene Expression Quantification	released	RNA-Seq	1	32.0 - 46.0	TCGA-BRCA	3367044a-a774-4562-9ee2-943e1a0c947c	released	eba8b055-6de2-48e7-bed8-40de705ad1d1_star__counts	https://github.com/NCI-GDC/gdc-rnaseq-cwl/blob/5d8c131bbff59fb0c969217fc1d44e6d1503cd1f/rnaseq-star-align/star2pass.rnaseq_harmonization.cwl	STAR - Counts	5d8c131bbff59fb0c969217fc1d44e6d1503cd1f	Solid Tissue Normal	NA	TCGA-E9-A1RD	TCGA-E9-A1RD-11A
b3eb0ef4-66e8-48df-9acc-fd252dc2ac61	TSV	TCGA-E2-A573-01A-11R-A29R-07	open	f084874a-f9a8-4858-a858-d9b80871755b.rna_seq.augmented_star_gene_counts.tsv	9a10752a-1752-42c9-a49e-622ba6648073	Transcriptome Profiling	gene_expression	Illumina	4242344	2021-12-13T22:05:55.053640-06:00	35c64b0cad43916ef8bad00f95e73ba2	2024-07-30T09:45:28.076953-05:00	b3eb0ef4-66e8-48df-9acc-fd252dc2ac61	Gene Expression Quantification	released	RNA-Seq	1	32.0 - 46.0	TCGA-BRCA	f3ccce22-1514-4e6e-ad66-9f32160d4298	released	f084874a-f9a8-4858-a858-d9b80871755b_star__counts	https://github.com/NCI-GDC/gdc-rnaseq-cwl/blob/5d8c131bbff59fb0c969217fc1d44e6d1503cd1f/rnaseq-star-align/star2pass.rnaseq_harmonization.cwl	STAR - Counts	5d8c131bbff59fb0c969217fc1d44e6d1503cd1f	Primary Tumor	NA	TCGA-E2-A573	TCGA-E2-A573-01A
d14d5953-f379-4adb-9a1b-028f91b1a9e6	TSV	TCGA-A2-A4S3-01A-21R-A266-07	open	c63a27ff-1844-4b4f-9bc7-ac4d00dc0de8.rna_seq.augmented_star_gene_counts.tsv	41ea4238-73a7-44ab-805d-e96fc23ecd8e	Transcriptome Profiling	gene_expression	Illumina	4232616	2021-12-13T22:37:23.389977-06:00	63d95a6ce43a4ed768610970689903da	2024-07-30T09:45:14.397161-05:00	d14d5953-f379-4adb-9a1b-028f91b1a9e6	Gene Expression Quantification	released	RNA-Seq	1	32.0 - 46.0	TCGA-BRCA	58ee5dc4-c166-456d-9c90-9fb879ae0249	released	c63a27ff-1844-4b4f-9bc7-ac4d00dc0de8_star__counts	https://github.com/NCI-GDC/gdc-rnaseq-cwl/blob/5d8c131bbff59fb0c969217fc1d44e6d1503cd1f/rnaseq-star-align/star2pass.rnaseq_harmonization.cwl	STAR - Counts	5d8c131bbff59fb0c969217fc1d44e6d1503cd1f	Primary Tumor	NA	TCGA-A2-A4S3	TCGA-A2-A4S3-01A
e4e099ea-7207-48b8-a578-d5e6d83054b0	TSV	TCGA-A8-A0A7-01A-11R-A00Z-07	open	c7e61a1c-fad6-4fc1-ba1a-49189d4fc0f1.rna_seq.augmented_star_gene_counts.tsv	d8e8dbb5-21f8-4c91-bea5-b899887346b9	Transcriptome Profiling	gene_expression	Illumina	4241870	2021-12-13T22:09:58.274120-06:00	f4aa54814bcbd08b886937086deee166	2024-07-30T09:52:14.867686-05:00	e4e099ea-7207-48b8-a578-d5e6d83054b0	Gene Expression Quantification	released	RNA-Seq	1	32.0 - 46.0	TCGA-BRCA	9114a39e-ac67-4d02-965f-3cf4c9cb7657	released	c7e61a1c-fad6-4fc1-ba1a-49189d4fc0f1_star__counts	https://github.com/NCI-GDC/gdc-rnaseq-cwl/blob/5d8c131bbff59fb0c969217fc1d44e6d1503cd1f/rnaseq-star-align/star2pass.rnaseq_harmonization.cwl	STAR - Counts	5d8c131bbff59fb0c969217fc1d44e6d1503cd1f	Primary Tumor	NA	TCGA-A8-A0A7	TCGA-A8-A0A7-01A
5b318f75-dda6-4410-bfc0-2fd52030cae7	TSV	TCGA-E2-A14O-01A-31R-A115-07	open	86538c2f-7f41-4a9b-bea5-f6126772f322.rna_seq.augmented_star_gene_counts.tsv	d97c2078-cd42-48d4-80ce-72c885006f04	Transcriptome Profiling	gene_expression	Illumina	4231755	2021-12-13T22:25:26.319965-06:00	6faa8889430fd050f22f36674015466f	2024-07-30T09:38:43.436370-05:00	5b318f75-dda6-4410-bfc0-2fd52030cae7	Gene Expression Quantification	released	RNA-Seq	1	32.0 - 46.0	TCGA-BRCA	24c8147f-7057-4dae-8f6b-6452aed9a083	released	86538c2f-7f41-4a9b-bea5-f6126772f322_star__counts	https://github.com/NCI-GDC/gdc-rnaseq-cwl/blob/5d8c131bbff59fb0c969217fc1d44e6d1503cd1f/rnaseq-star-align/star2pass.rnaseq_harmonization.cwl	STAR - Counts	5d8c131bbff59fb0c969217fc1d44e6d1503cd1f	Primary Tumor	NA	TCGA-E2-A14O	TCGA-E2-A14O-01A
3208ca18-f70a-415e-8d10-5e9cb8a24b52	TSV	TCGA-AC-A6IW-01A-12R-A33J-07	open	0b59b278-d2f6-4aa6-bf6d-b8d743ae83af.rna_seq.augmented_star_gene_counts.tsv	b7ce1982-a18d-46e9-baac-e5462c9ea8a1	Transcriptome Profiling	gene_expression	Illumina	4247003	2021-12-13T22:35:28.486799-06:00	540d3204cb43d419a04d777f6f6a376b	2024-07-30T09:57:04.147117-05:00	3208ca18-f70a-415e-8d10-5e9cb8a24b52	Gene Expression Quantification	released	RNA-Seq	1	32.0 - 46.0	TCGA-BRCA	ba06d302-6053-4093-bf1e-8a2e34213f88	released	0b59b278-d2f6-4aa6-bf6d-b8d743ae83af_star__counts	https://github.com/NCI-GDC/gdc-rnaseq-cwl/blob/5d8c131bbff59fb0c969217fc1d44e6d1503cd1f/rnaseq-star-align/star2pass.rnaseq_harmonization.cwl	STAR - Counts	5d8c131bbff59fb0c969217fc1d44e6d1503cd1f	Primary Tumor	NA	TCGA-AC-A6IW	TCGA-AC-A6IW-01A
3974a62d-d399-42f3-b550-336e793b0cfe	TSV	TCGA-A2-A3XZ-01A-42R-A239-07	open	081b4937-85e7-44b3-9124-a612f4f2e0ca.rna_seq.augmented_star_gene_counts.tsv	d5860af2-8bef-4bd9-9228-86e531ef17d0	Transcriptome Profiling	gene_expression	Illumina	4250733	2021-12-13T22:20:12.329133-06:00	3cedaf381890a75b920538761f0dc2ca	2024-07-30T09:59:00.246462-05:00	3974a62d-d399-42f3-b550-336e793b0cfe	Gene Expression Quantification	released	RNA-Seq	1	32.0 - 46.0	TCGA-BRCA	601cce2e-7d38-4b1b-9332-a2837f196a03	released	081b4937-85e7-44b3-9124-a612f4f2e0ca_star__counts	https://github.com/NCI-GDC/gdc-rnaseq-cwl/blob/5d8c131bbff59fb0c969217fc1d44e6d1503cd1f/rnaseq-star-align/star2pass.rnaseq_harmonization.cwl	STAR - Counts	5d8c131bbff59fb0c969217fc1d44e6d1503cd1f	Primary Tumor	NA	TCGA-A2-A3XZ	TCGA-A2-A3XZ-01A
247f1d7d-fc33-4f35-aca7-60aa1c9631ad	TSV	TCGA-E9-A1N5-11A-41R-A14D-07	open	ba42632e-b94c-4620-adcf-a0585652860f.rna_seq.augmented_star_gene_counts.tsv	26346022-3f5f-4d1e-8014-67d9dcf9d0f3	Transcriptome Profiling	gene_expression	Illumina	4230073	2021-12-13T22:43:02.065847-06:00	d139f950bb2c7258ade5ea931edd9105	2024-07-30T10:07:43.309543-05:00	247f1d7d-fc33-4f35-aca7-60aa1c9631ad	Gene Expression Quantification	released	RNA-Seq	1	32.0 - 46.0	TCGA-BRCA	a7120899-7ecb-433b-9389-3eb9533b9770	released	ba42632e-b94c-4620-adcf-a0585652860f_star__counts	https://github.com/NCI-GDC/gdc-rnaseq-cwl/blob/5d8c131bbff59fb0c969217fc1d44e6d1503cd1f/rnaseq-star-align/star2pass.rnaseq_harmonization.cwl	STAR - Counts	5d8c131bbff59fb0c969217fc1d44e6d1503cd1f	Solid Tissue Normal	NA	TCGA-E9-A1N5	TCGA-E9-A1N5-11A
c7019746-2fcf-4b4b-b7e5-025413e1014f	TSV	TCGA-A2-A0EU-01A-22R-A056-07	open	c568f4a0-601e-4b45-b69e-cde40d94bb3d.rna_seq.augmented_star_gene_counts.tsv	62bd008d-a91d-45f1-bfbd-a571963ba168	Transcriptome Profiling	gene_expression	Illumina	4241705	2021-12-13T22:13:12.887875-06:00	e8f6651521691d4f43dd437a9278298c	2024-07-30T09:25:48.047453-05:00	c7019746-2fcf-4b4b-b7e5-025413e1014f	Gene Expression Quantification	released	RNA-Seq	1	32.0 - 46.0	TCGA-BRCA	2ae9fa8a-e4af-4f5a-8bbe-8f5e3a0e8854	released	c568f4a0-601e-4b45-b69e-cde40d94bb3d_star__counts	https://github.com/NCI-GDC/gdc-rnaseq-cwl/blob/5d8c131bbff59fb0c969217fc1d44e6d1503cd1f/rnaseq-star-align/star2pass.rnaseq_harmonization.cwl	STAR - Counts	5d8c131bbff59fb0c969217fc1d44e6d1503cd1f	Primary Tumor	NA	TCGA-A2-A0EU	TCGA-A2-A0EU-01A
dcac8f3c-d282-4ac9-9194-b1461966c795	TSV	TCGA-EW-A1P0-01A-11R-A144-07	open	a191b96c-cc06-4a58-990b-57ee27335d5c.rna_seq.augmented_star_gene_counts.tsv	dd99a617-09b0-4651-9315-e469091e8d8a	Transcriptome Profiling	gene_expression	Illumina	4234995	2021-12-13T22:20:17.026953-06:00	fad16892a392e093a9d7ed67c9289714	2024-07-30T09:35:20.250821-05:00	dcac8f3c-d282-4ac9-9194-b1461966c795	Gene Expression Quantification	released	RNA-Seq	1	32.0 - 46.0	TCGA-BRCA	e9242475-9590-4324-8ac0-c78217e93b5d	released	a191b96c-cc06-4a58-990b-57ee27335d5c_star__counts	https://github.com/NCI-GDC/gdc-rnaseq-cwl/blob/5d8c131bbff59fb0c969217fc1d44e6d1503cd1f/rnaseq-star-align/star2pass.rnaseq_harmonization.cwl	STAR - Counts	5d8c131bbff59fb0c969217fc1d44e6d1503cd1f	Primary Tumor	NA	TCGA-EW-A1P0	TCGA-EW-A1P0-01A
477f941f-1fb8-438f-802e-2e7fe6552fab	TSV	TCGA-E9-A295-01A-11R-A16F-07	open	5e36c4a2-fc6b-418f-80ab-dbd95b26a39e.rna_seq.augmented_star_gene_counts.tsv	e7032390-56e3-41fa-ac60-16bf3f9add29	Transcriptome Profiling	gene_expression	Illumina	4234882	2021-12-13T22:05:10.756902-06:00	759d854ea195e75919812cfcaf4fa545	2024-07-30T09:22:39.930897-05:00	477f941f-1fb8-438f-802e-2e7fe6552fab	Gene Expression Quantification	released	RNA-Seq	1	32.0 - 46.0	TCGA-BRCA	657b5c14-db03-40a4-aade-0c9a942d98e1	released	5e36c4a2-fc6b-418f-80ab-dbd95b26a39e_star__counts	https://github.com/NCI-GDC/gdc-rnaseq-cwl/blob/5d8c131bbff59fb0c969217fc1d44e6d1503cd1f/rnaseq-star-align/star2pass.rnaseq_harmonization.cwl	STAR - Counts	5d8c131bbff59fb0c969217fc1d44e6d1503cd1f	Primary Tumor	NA	TCGA-E9-A295	TCGA-E9-A295-01A
a572e59c-096f-4054-bbb4-90f2e2461d99	TSV	TCGA-S3-AA15-01A-11R-A41B-07	open	b87ce383-9333-420c-9184-62d9d1eadabc.rna_seq.augmented_star_gene_counts.tsv	f29b02ed-0bb3-4bd7-b04a-96a116f1d9a1	Transcriptome Profiling	gene_expression	Illumina	4230981	2021-12-13T21:44:29.414195-06:00	da3738eddb82eb38a8df763f803b84a3	2024-07-30T09:59:03.880948-05:00	a572e59c-096f-4054-bbb4-90f2e2461d99	Gene Expression Quantification	released	RNA-Seq	1	32.0 - 46.0	TCGA-BRCA	71c1c8ff-f50b-45c1-ac96-fa0b50e2a001	released	b87ce383-9333-420c-9184-62d9d1eadabc_star__counts	https://github.com/NCI-GDC/gdc-rnaseq-cwl/blob/5d8c131bbff59fb0c969217fc1d44e6d1503cd1f/rnaseq-star-align/star2pass.rnaseq_harmonization.cwl	STAR - Counts	5d8c131bbff59fb0c969217fc1d44e6d1503cd1f	Primary Tumor	NA	TCGA-S3-AA15	TCGA-S3-AA15-01A
800ca72f-4bd7-46d7-904b-bcda2fa3500c	TSV	TCGA-C8-A26W-01A-11R-A16F-07	open	c58a5583-7b04-4b67-9372-e161e18d7de1.rna_seq.augmented_star_gene_counts.tsv	16babb86-87b9-4faa-9469-f1bd9d79afba	Transcriptome Profiling	gene_expression	Illumina	4256989	2021-12-13T22:08:29.274913-06:00	b5dc20e532aea0ccd78a17051879c228	2024-07-30T09:26:49.221493-05:00	800ca72f-4bd7-46d7-904b-bcda2fa3500c	Gene Expression Quantification	released	RNA-Seq	1	32.0 - 46.0	TCGA-BRCA	e7a1f4f0-e04a-4f20-996c-cee283a8f182	released	c58a5583-7b04-4b67-9372-e161e18d7de1_star__counts	https://github.com/NCI-GDC/gdc-rnaseq-cwl/blob/5d8c131bbff59fb0c969217fc1d44e6d1503cd1f/rnaseq-star-align/star2pass.rnaseq_harmonization.cwl	STAR - Counts	5d8c131bbff59fb0c969217fc1d44e6d1503cd1f	Primary Tumor	NA	TCGA-C8-A26W	TCGA-C8-A26W-01A
a930c017-565f-49ad-893a-37cc394c269d	TSV	TCGA-BH-A1FR-11B-42R-A13Q-07	open	cc502455-f72f-491d-9486-a344e169dcfc.rna_seq.augmented_star_gene_counts.tsv	b7330ded-9ea8-4e53-9e38-f646d69d5615	Transcriptome Profiling	gene_expression	Illumina	4244144	2021-12-13T21:58:08.041945-06:00	d9fa1a48770bb07ca90a7aa71b2d28af	2024-07-30T09:33:52.664380-05:00	a930c017-565f-49ad-893a-37cc394c269d	Gene Expression Quantification	released	RNA-Seq	1	32.0 - 46.0	TCGA-BRCA	431cb098-bddd-4fbf-852a-783c1159d288	released	cc502455-f72f-491d-9486-a344e169dcfc_star__counts	https://github.com/NCI-GDC/gdc-rnaseq-cwl/blob/5d8c131bbff59fb0c969217fc1d44e6d1503cd1f/rnaseq-star-align/star2pass.rnaseq_harmonization.cwl	STAR - Counts	5d8c131bbff59fb0c969217fc1d44e6d1503cd1f	Solid Tissue Normal	NA	TCGA-BH-A1FR	TCGA-BH-A1FR-11B
16786247-5ff5-47e0-83e2-fee15779e522	TSV	TCGA-A8-A079-01A-21R-A00Z-07	open	cf86835f-2bd2-4b15-a9a9-66fe369a560d.rna_seq.augmented_star_gene_counts.tsv	adb1c76c-4436-4700-8ca2-c65c7e83fdba	Transcriptome Profiling	gene_expression	Illumina	4241351	2021-12-13T22:16:16.662031-06:00	af60c61e283fda0fb0d382bffacb4bd8	2024-07-30T09:56:55.694011-05:00	16786247-5ff5-47e0-83e2-fee15779e522	Gene Expression Quantification	released	RNA-Seq	1	32.0 - 46.0	TCGA-BRCA	ee680131-7798-4bef-9ca1-d3d125d6f728	released	cf86835f-2bd2-4b15-a9a9-66fe369a560d_star__counts	https://github.com/NCI-GDC/gdc-rnaseq-cwl/blob/5d8c131bbff59fb0c969217fc1d44e6d1503cd1f/rnaseq-star-align/star2pass.rnaseq_harmonization.cwl	STAR - Counts	5d8c131bbff59fb0c969217fc1d44e6d1503cd1f	Primary Tumor	NA	TCGA-A8-A079	TCGA-A8-A079-01A
641c4e5d-4880-4f5e-9d1e-702cab91a6b4	TSV	TCGA-B6-A40C-01A-11R-A239-07	open	32c15b29-da14-4eb5-8c86-39efc94319df.rna_seq.augmented_star_gene_counts.tsv	e744d4b4-2521-40d7-92ef-c8641d034294	Transcriptome Profiling	gene_expression	Illumina	4255350	2021-12-13T21:46:46.875786-06:00	503294b786b176d0c0deae6233d5583a	2024-07-30T09:24:56.105750-05:00	641c4e5d-4880-4f5e-9d1e-702cab91a6b4	Gene Expression Quantification	released	RNA-Seq	1	32.0 - 46.0	TCGA-BRCA	cf61deb0-9e0a-4ebf-8a50-78d5b5e4c397	released	32c15b29-da14-4eb5-8c86-39efc94319df_star__counts	https://github.com/NCI-GDC/gdc-rnaseq-cwl/blob/5d8c131bbff59fb0c969217fc1d44e6d1503cd1f/rnaseq-star-align/star2pass.rnaseq_harmonization.cwl	STAR - Counts	5d8c131bbff59fb0c969217fc1d44e6d1503cd1f	Primary Tumor	NA	TCGA-B6-A40C	TCGA-B6-A40C-01A
2ea0b718-c634-4692-9cf0-4f118adfafbd	TSV	TCGA-E9-A2JS-01A-11R-A180-07	open	39e27085-909a-436b-b8e9-624c16303208.rna_seq.augmented_star_gene_counts.tsv	74ef4a19-40b8-4c4f-83f0-32902f0e1a00	Transcriptome Profiling	gene_expression	Illumina	4246436	2021-12-13T22:14:14.387938-06:00	acb2e7c41539303717e9a8ef27c447c6	2024-07-30T09:18:50.760585-05:00	2ea0b718-c634-4692-9cf0-4f118adfafbd	Gene Expression Quantification	released	RNA-Seq	1	32.0 - 46.0	TCGA-BRCA	05fd03f2-500c-46ff-80df-69225e170973	released	39e27085-909a-436b-b8e9-624c16303208_star__counts	https://github.com/NCI-GDC/gdc-rnaseq-cwl/blob/5d8c131bbff59fb0c969217fc1d44e6d1503cd1f/rnaseq-star-align/star2pass.rnaseq_harmonization.cwl	STAR - Counts	5d8c131bbff59fb0c969217fc1d44e6d1503cd1f	Primary Tumor	NA	TCGA-E9-A2JS	TCGA-E9-A2JS-01A
f11c5295-697a-46f7-91fe-b760dc9f1029	TSV	TCGA-BH-A0BC-11A-22R-A089-07	open	e619b307-4391-48ab-9282-7f22b14f5afe.rna_seq.augmented_star_gene_counts.tsv	cdb2f9c4-907b-4f23-be6b-c74caa899327	Transcriptome Profiling	gene_expression	Illumina	4243588	2021-12-13T21:52:47.559922-06:00	1677395ae138303a0c01a698c6f8a6e6	2024-07-30T10:02:00.419958-05:00	f11c5295-697a-46f7-91fe-b760dc9f1029	Gene Expression Quantification	released	RNA-Seq	1	32.0 - 46.0	TCGA-BRCA	c037b18e-7d73-4738-b3fd-b446031abb01	released	e619b307-4391-48ab-9282-7f22b14f5afe_star__counts	https://github.com/NCI-GDC/gdc-rnaseq-cwl/blob/5d8c131bbff59fb0c969217fc1d44e6d1503cd1f/rnaseq-star-align/star2pass.rnaseq_harmonization.cwl	STAR - Counts	5d8c131bbff59fb0c969217fc1d44e6d1503cd1f	Solid Tissue Normal	NA	TCGA-BH-A0BC	TCGA-BH-A0BC-11A
5aba8f7f-c815-45e9-bee0-4dda9bfac07f	TSV	TCGA-A2-A0CW-01A-21R-A115-07	open	046c3754-b22c-4bce-93c7-29b9da173d33.rna_seq.augmented_star_gene_counts.tsv	ae6563ec-b7da-4268-8fe2-300325d45a0c	Transcriptome Profiling	gene_expression	Illumina	4248062	2021-12-13T22:12:55.799217-06:00	f000b3d34296a70e5ebeb2546b16b4f7	2024-07-30T09:49:11.804164-05:00	5aba8f7f-c815-45e9-bee0-4dda9bfac07f	Gene Expression Quantification	released	RNA-Seq	1	32.0 - 46.0	TCGA-BRCA	53229359-f531-4599-be21-c8468dff2dce	released	046c3754-b22c-4bce-93c7-29b9da173d33_star__counts	https://github.com/NCI-GDC/gdc-rnaseq-cwl/blob/5d8c131bbff59fb0c969217fc1d44e6d1503cd1f/rnaseq-star-align/star2pass.rnaseq_harmonization.cwl	STAR - Counts	5d8c131bbff59fb0c969217fc1d44e6d1503cd1f	Primary Tumor	NA	TCGA-A2-A0CW	TCGA-A2-A0CW-01A
577dde85-20c6-44c0-bf77-bda22a7f58c0	TSV	TCGA-A8-A09R-01A-11R-A00Z-07	open	dda806cc-67a1-406b-8957-ffdb5f9087c8.rna_seq.augmented_star_gene_counts.tsv	f49de3fd-92cf-432f-8419-fc36f6652acc	Transcriptome Profiling	gene_expression	Illumina	4251122	2021-12-13T22:40:57.901210-06:00	bcc26a94f40bdbd16dae6b8e5c70547e	2024-07-30T09:21:25.475306-05:00	577dde85-20c6-44c0-bf77-bda22a7f58c0	Gene Expression Quantification	released	RNA-Seq	1	32.0 - 46.0	TCGA-BRCA	f09eec3a-6a85-449a-91ef-f883ebaad739	released	dda806cc-67a1-406b-8957-ffdb5f9087c8_star__counts	https://github.com/NCI-GDC/gdc-rnaseq-cwl/blob/5d8c131bbff59fb0c969217fc1d44e6d1503cd1f/rnaseq-star-align/star2pass.rnaseq_harmonization.cwl	STAR - Counts	5d8c131bbff59fb0c969217fc1d44e6d1503cd1f	Primary Tumor	NA	TCGA-A8-A09R	TCGA-A8-A09R-01A
a4589532-53e0-4025-b8d3-e11e79e1fc9c	TSV	TCGA-AN-A0FV-01A-11R-A00Z-07	open	9de4575c-0d10-4548-8881-fd4a5a46a5ac.rna_seq.augmented_star_gene_counts.tsv	0a3cc730-24ed-485a-8326-9e5ceab2518f	Transcriptome Profiling	gene_expression	Illumina	4241609	2021-12-13T22:21:43.716019-06:00	6c6982350d72062476a5320e4c47a4ea	2024-07-30T10:01:54.224958-05:00	a4589532-53e0-4025-b8d3-e11e79e1fc9c	Gene Expression Quantification	released	RNA-Seq	1	32.0 - 46.0	TCGA-BRCA	38c8d45c-40c0-4eba-a41f-37a941ebe4d7	released	9de4575c-0d10-4548-8881-fd4a5a46a5ac_star__counts	https://github.com/NCI-GDC/gdc-rnaseq-cwl/blob/5d8c131bbff59fb0c969217fc1d44e6d1503cd1f/rnaseq-star-align/star2pass.rnaseq_harmonization.cwl	STAR - Counts	5d8c131bbff59fb0c969217fc1d44e6d1503cd1f	Primary Tumor	NA	TCGA-AN-A0FV	TCGA-AN-A0FV-01A
6d17023b-03fd-4e66-9c7e-72395f09e87f	TSV	TCGA-AC-A3YJ-01A-11R-A22U-07	open	4591685a-dc4c-4049-aced-8278c715c890.rna_seq.augmented_star_gene_counts.tsv	c55762d0-539a-4574-82b2-e100d6f8d4ae	Transcriptome Profiling	gene_expression	Illumina	4233479	2021-12-13T22:28:02.631575-06:00	39192b574517e34cf17e91f36475cb4a	2024-07-30T09:47:53.970465-05:00	6d17023b-03fd-4e66-9c7e-72395f09e87f	Gene Expression Quantification	released	RNA-Seq	1	32.0 - 46.0	TCGA-BRCA	372cba96-6c8f-4c27-9106-bc0e6cefd236	released	4591685a-dc4c-4049-aced-8278c715c890_star__counts	https://github.com/NCI-GDC/gdc-rnaseq-cwl/blob/5d8c131bbff59fb0c969217fc1d44e6d1503cd1f/rnaseq-star-align/star2pass.rnaseq_harmonization.cwl	STAR - Counts	5d8c131bbff59fb0c969217fc1d44e6d1503cd1f	Primary Tumor	NA	TCGA-AC-A3YJ	TCGA-AC-A3YJ-01A
39e5a93f-7474-44f8-974a-7ce44f909002	TSV	TCGA-C8-A26Z-01A-11R-A16F-07	open	e88a6a51-24b3-4b52-bd5a-f306f1c9e0d9.rna_seq.augmented_star_gene_counts.tsv	c925b941-df07-4d42-baad-9a9f5210a98b	Transcriptome Profiling	gene_expression	Illumina	4248157	2021-12-13T22:05:35.849014-06:00	6aab2c4346bb9a2e0478002f332c1165	2024-07-30T10:08:26.297897-05:00	39e5a93f-7474-44f8-974a-7ce44f909002	Gene Expression Quantification	released	RNA-Seq	1	32.0 - 46.0	TCGA-BRCA	b998401a-2505-41be-a869-a08b9b7842c5	released	e88a6a51-24b3-4b52-bd5a-f306f1c9e0d9_star__counts	https://github.com/NCI-GDC/gdc-rnaseq-cwl/blob/5d8c131bbff59fb0c969217fc1d44e6d1503cd1f/rnaseq-star-align/star2pass.rnaseq_harmonization.cwl	STAR - Counts	5d8c131bbff59fb0c969217fc1d44e6d1503cd1f	Primary Tumor	NA	TCGA-C8-A26Z	TCGA-C8-A26Z-01A
7e035247-3586-443f-a94c-0addbaf3b17f	TSV	TCGA-AR-A24R-01A-11R-A169-07	open	5bd46a5d-2390-421c-a7aa-90ba77fed60d.rna_seq.augmented_star_gene_counts.tsv	f779f447-3a96-4922-b925-f7a53da63c9e	Transcriptome Profiling	gene_expression	Illumina	4250738	2021-12-13T22:32:49.783965-06:00	89af7fb1c91b9555027784480d130477	2024-07-30T10:04:19.259700-05:00	7e035247-3586-443f-a94c-0addbaf3b17f	Gene Expression Quantification	released	RNA-Seq	1	32.0 - 46.0	TCGA-BRCA	b48baf73-8851-4b4d-bd64-a5b41ef53992	released	5bd46a5d-2390-421c-a7aa-90ba77fed60d_star__counts	https://github.com/NCI-GDC/gdc-rnaseq-cwl/blob/5d8c131bbff59fb0c969217fc1d44e6d1503cd1f/rnaseq-star-align/star2pass.rnaseq_harmonization.cwl	STAR - Counts	5d8c131bbff59fb0c969217fc1d44e6d1503cd1f	Primary Tumor	NA	TCGA-AR-A24R	TCGA-AR-A24R-01A
515f8866-8744-44d8-9e4b-0e734d0c201b	TSV	TCGA-LL-A7T0-01A-31R-A352-07	open	c5d73777-b7f3-4107-9efc-afde92f70469.rna_seq.augmented_star_gene_counts.tsv	02a3d96b-5f6d-4635-a3a3-03dd8007e10a	Transcriptome Profiling	gene_expression	Illumina	4235496	2021-12-13T21:55:44.815491-06:00	d93f2511d555d1d07fec2dd9375e61c2	2024-07-30T10:03:34.393414-05:00	515f8866-8744-44d8-9e4b-0e734d0c201b	Gene Expression Quantification	released	RNA-Seq	1	32.0 - 46.0	TCGA-BRCA	3f64bd45-54c1-4e49-9d15-7a581f9767b4	released	c5d73777-b7f3-4107-9efc-afde92f70469_star__counts	https://github.com/NCI-GDC/gdc-rnaseq-cwl/blob/5d8c131bbff59fb0c969217fc1d44e6d1503cd1f/rnaseq-star-align/star2pass.rnaseq_harmonization.cwl	STAR - Counts	5d8c131bbff59fb0c969217fc1d44e6d1503cd1f	Primary Tumor	NA	TCGA-LL-A7T0	TCGA-LL-A7T0-01A
86d6bd3f-d1a8-4b12-bd4f-009cd707ad8b	TSV	TCGA-E9-A1R7-01A-11R-A14M-07	open	7d30a479-6d2f-431e-b15c-26736994b2f5.rna_seq.augmented_star_gene_counts.tsv	69feec27-86e2-4abe-97e4-e86e3718c610	Transcriptome Profiling	gene_expression	Illumina	4238543	2021-12-13T21:55:28.482161-06:00	ea46cc653fe1f397fb7acac197ce5b41	2024-07-30T09:37:30.798828-05:00	86d6bd3f-d1a8-4b12-bd4f-009cd707ad8b	Gene Expression Quantification	released	RNA-Seq	1	32.0 - 46.0	TCGA-BRCA	f4c9739e-441b-4799-8c28-f36d1ba31a70	released	7d30a479-6d2f-431e-b15c-26736994b2f5_star__counts	https://github.com/NCI-GDC/gdc-rnaseq-cwl/blob/5d8c131bbff59fb0c969217fc1d44e6d1503cd1f/rnaseq-star-align/star2pass.rnaseq_harmonization.cwl	STAR - Counts	5d8c131bbff59fb0c969217fc1d44e6d1503cd1f	Primary Tumor	NA	TCGA-E9-A1R7	TCGA-E9-A1R7-01A
ea7281b8-a53c-453a-93e9-69549c5f0fe8	TSV	TCGA-GM-A3NY-01A-11R-A21T-07	open	3aedd29b-c089-4319-a7cb-61411a737e92.rna_seq.augmented_star_gene_counts.tsv	0d2ec201-c6d2-4177-896f-8dd782432915	Transcriptome Profiling	gene_expression	Illumina	4251353	2021-12-13T22:27:26.509329-06:00	5ee0b2c91abd803830c9ce86f5285189	2024-07-30T10:02:46.685709-05:00	ea7281b8-a53c-453a-93e9-69549c5f0fe8	Gene Expression Quantification	released	RNA-Seq	1	32.0 - 46.0	TCGA-BRCA	15cbec38-4139-41b4-8d61-5e7ae9b01790	released	3aedd29b-c089-4319-a7cb-61411a737e92_star__counts	https://github.com/NCI-GDC/gdc-rnaseq-cwl/blob/5d8c131bbff59fb0c969217fc1d44e6d1503cd1f/rnaseq-star-align/star2pass.rnaseq_harmonization.cwl	STAR - Counts	5d8c131bbff59fb0c969217fc1d44e6d1503cd1f	Primary Tumor	NA	TCGA-GM-A3NY	TCGA-GM-A3NY-01A
5039a492-4dc7-4191-9edd-187cb181da2d	TSV	TCGA-D8-A1JB-01A-11R-A13Q-07	open	0cf58c62-a75d-413b-8ce3-4d90f4688b04.rna_seq.augmented_star_gene_counts.tsv	8f2e825b-29c9-4b8e-93e4-9ac010c2386f	Transcriptome Profiling	gene_expression	Illumina	4243155	2021-12-13T22:30:35.458111-06:00	f48d8b448aadf0e611037a60f27be8ed	2024-07-30T09:57:59.522409-05:00	5039a492-4dc7-4191-9edd-187cb181da2d	Gene Expression Quantification	released	RNA-Seq	1	32.0 - 46.0	TCGA-BRCA	d7877228-7737-4690-914a-d8d12ba5b08b	released	0cf58c62-a75d-413b-8ce3-4d90f4688b04_star__counts	https://github.com/NCI-GDC/gdc-rnaseq-cwl/blob/5d8c131bbff59fb0c969217fc1d44e6d1503cd1f/rnaseq-star-align/star2pass.rnaseq_harmonization.cwl	STAR - Counts	5d8c131bbff59fb0c969217fc1d44e6d1503cd1f	Primary Tumor	NA	TCGA-D8-A1JB	TCGA-D8-A1JB-01A
461fda5d-d6e6-4354-b035-c302cc43b03f	TSV	TCGA-E9-A226-01A-21R-A157-07	open	30285113-d411-475a-a8ed-1fb66be72f28.rna_seq.augmented_star_gene_counts.tsv	dbf87563-f680-43e1-afe7-dd26dbc2857f	Transcriptome Profiling	gene_expression	Illumina	4243567	2021-12-13T22:02:11.497220-06:00	0b75d803bc4db03a6d066c4daf9fc6e1	2024-07-30T09:46:54.678786-05:00	461fda5d-d6e6-4354-b035-c302cc43b03f	Gene Expression Quantification	released	RNA-Seq	1	32.0 - 46.0	TCGA-BRCA	f7512bde-bac1-4bdd-812f-ce5cf57c8c21	released	30285113-d411-475a-a8ed-1fb66be72f28_star__counts	https://github.com/NCI-GDC/gdc-rnaseq-cwl/blob/5d8c131bbff59fb0c969217fc1d44e6d1503cd1f/rnaseq-star-align/star2pass.rnaseq_harmonization.cwl	STAR - Counts	5d8c131bbff59fb0c969217fc1d44e6d1503cd1f	Primary Tumor	NA	TCGA-E9-A226	TCGA-E9-A226-01A
683e004b-7992-4250-a94b-c355c45725d2	TSV	TCGA-BH-A0DL-01A-11R-A115-07	open	50108c12-718c-48fc-8f76-23ce0c13e2e6.rna_seq.augmented_star_gene_counts.tsv	2d7bf268-4b8e-4ab5-bba9-0071961883e1	Transcriptome Profiling	gene_expression	Illumina	4250540	2021-12-13T22:19:01.034155-06:00	e09cfb8101687f5716e3e359b7a358fb	2024-07-30T09:24:43.793404-05:00	683e004b-7992-4250-a94b-c355c45725d2	Gene Expression Quantification	released	RNA-Seq	1	32.0 - 46.0	TCGA-BRCA	6d19581d-cca3-4669-9954-29aaf38f2d20	released	50108c12-718c-48fc-8f76-23ce0c13e2e6_star__counts	https://github.com/NCI-GDC/gdc-rnaseq-cwl/blob/5d8c131bbff59fb0c969217fc1d44e6d1503cd1f/rnaseq-star-align/star2pass.rnaseq_harmonization.cwl	STAR - Counts	5d8c131bbff59fb0c969217fc1d44e6d1503cd1f	Primary Tumor	NA	TCGA-BH-A0DL	TCGA-BH-A0DL-01A
934aa789-6d42-4b2d-8a74-7d482d79ed8b	TSV	TCGA-A7-A5ZX-01A-12R-A29R-07	open	0c80ffec-6290-4b81-9dba-cb64d142b8a8.rna_seq.augmented_star_gene_counts.tsv	e0e5df39-4aad-4271-9219-ce0c549c2b67	Transcriptome Profiling	gene_expression	Illumina	4248675	2021-12-13T22:16:42.066948-06:00	b4391cd2bdbc7bca20a398198aef2260	2024-07-30T09:42:38.008750-05:00	934aa789-6d42-4b2d-8a74-7d482d79ed8b	Gene Expression Quantification	released	RNA-Seq	1	32.0 - 46.0	TCGA-BRCA	bb02c479-966c-4e55-8d2a-06aaafed1760	released	0c80ffec-6290-4b81-9dba-cb64d142b8a8_star__counts	https://github.com/NCI-GDC/gdc-rnaseq-cwl/blob/5d8c131bbff59fb0c969217fc1d44e6d1503cd1f/rnaseq-star-align/star2pass.rnaseq_harmonization.cwl	STAR - Counts	5d8c131bbff59fb0c969217fc1d44e6d1503cd1f	Primary Tumor	NA	TCGA-A7-A5ZX	TCGA-A7-A5ZX-01A
269215ae-9040-4ac6-9d3d-017c0cbb2811	TSV	TCGA-A2-A1G1-01A-21R-A13Q-07	open	eb805bd1-e1d5-47b1-8bbd-31f91fcee225.rna_seq.augmented_star_gene_counts.tsv	0fbe623f-11d0-4bbd-b6ec-e3b5320aa841	Transcriptome Profiling	gene_expression	Illumina	4250646	2021-12-13T21:44:54.096068-06:00	5926821985763ce5630847947899131e	2024-07-30T09:53:16.582216-05:00	269215ae-9040-4ac6-9d3d-017c0cbb2811	Gene Expression Quantification	released	RNA-Seq	1	32.0 - 46.0	TCGA-BRCA	a80ff09a-ac44-4fa4-8d04-de3c7b570b06	released	eb805bd1-e1d5-47b1-8bbd-31f91fcee225_star__counts	https://github.com/NCI-GDC/gdc-rnaseq-cwl/blob/5d8c131bbff59fb0c969217fc1d44e6d1503cd1f/rnaseq-star-align/star2pass.rnaseq_harmonization.cwl	STAR - Counts	5d8c131bbff59fb0c969217fc1d44e6d1503cd1f	Primary Tumor	NA	TCGA-A2-A1G1	TCGA-A2-A1G1-01A
5064b439-81da-4ef3-b2de-bbca8d3a07e7	TSV	TCGA-JL-A3YX-01A-11R-A22U-07	open	bcc561a3-5de8-4341-a5a6-13e19214b2b7.rna_seq.augmented_star_gene_counts.tsv	b635362b-1f08-4a26-8020-13cf4d8304e6	Transcriptome Profiling	gene_expression	Illumina	4250750	2021-12-13T22:04:06.250576-06:00	b71ff0037edfbca02a563999099f0cf9	2024-07-30T09:53:27.622123-05:00	5064b439-81da-4ef3-b2de-bbca8d3a07e7	Gene Expression Quantification	released	RNA-Seq	1	32.0 - 46.0	TCGA-BRCA	a7f84ec3-bf62-46b7-a2dd-1e64ffa84d56	released	bcc561a3-5de8-4341-a5a6-13e19214b2b7_star__counts	https://github.com/NCI-GDC/gdc-rnaseq-cwl/blob/5d8c131bbff59fb0c969217fc1d44e6d1503cd1f/rnaseq-star-align/star2pass.rnaseq_harmonization.cwl	STAR - Counts	5d8c131bbff59fb0c969217fc1d44e6d1503cd1f	Primary Tumor	NA	TCGA-JL-A3YX	TCGA-JL-A3YX-01A
ec2687cf-9496-4232-9a96-41b935d6ffb3	TSV	TCGA-OL-A66H-01A-11R-A29R-07	open	fb5f0118-87fb-409f-89d8-9bd9f06867b9.rna_seq.augmented_star_gene_counts.tsv	15047dd1-7623-4708-8477-04249dfde960	Transcriptome Profiling	gene_expression	Illumina	4238618	2021-12-13T22:31:15.511877-06:00	a54ea62a91c04349ed161a732ed3bf03	2024-07-30T09:51:43.323947-05:00	ec2687cf-9496-4232-9a96-41b935d6ffb3	Gene Expression Quantification	released	RNA-Seq	1	32.0 - 46.0	TCGA-BRCA	80a8d58c-5724-4950-accc-fdd196ac0a0c	released	fb5f0118-87fb-409f-89d8-9bd9f06867b9_star__counts	https://github.com/NCI-GDC/gdc-rnaseq-cwl/blob/5d8c131bbff59fb0c969217fc1d44e6d1503cd1f/rnaseq-star-align/star2pass.rnaseq_harmonization.cwl	STAR - Counts	5d8c131bbff59fb0c969217fc1d44e6d1503cd1f	Primary Tumor	NA	TCGA-OL-A66H	TCGA-OL-A66H-01A
19318058-604e-4c3b-a037-eab07708ff82	TSV	TCGA-D8-A3Z5-01A-41R-A24H-07	open	ede34eaa-699a-496a-a3d3-8ef57ddbdb43.rna_seq.augmented_star_gene_counts.tsv	bb4bf32b-84b6-46d1-880e-3c3551c0ca66	Transcriptome Profiling	gene_expression	Illumina	4253059	2021-12-13T22:41:07.358405-06:00	2917e90f2281bb03150135c7fb4457bd	2024-07-30T09:41:35.034740-05:00	19318058-604e-4c3b-a037-eab07708ff82	Gene Expression Quantification	released	RNA-Seq	1	32.0 - 46.0	TCGA-BRCA	7955812f-9b22-4b9c-9b6f-eae6572b21e1	released	ede34eaa-699a-496a-a3d3-8ef57ddbdb43_star__counts	https://github.com/NCI-GDC/gdc-rnaseq-cwl/blob/5d8c131bbff59fb0c969217fc1d44e6d1503cd1f/rnaseq-star-align/star2pass.rnaseq_harmonization.cwl	STAR - Counts	5d8c131bbff59fb0c969217fc1d44e6d1503cd1f	Primary Tumor	NA	TCGA-D8-A3Z5	TCGA-D8-A3Z5-01A
0fc096b2-7fb5-4dc6-ae94-aa7dae6f885f	TSV	TCGA-OL-A5RZ-01A-11R-A28M-07	open	33527fe8-7215-45bd-8520-b290995b839d.rna_seq.augmented_star_gene_counts.tsv	06251747-0c28-4d70-95c0-d091313cfc45	Transcriptome Profiling	gene_expression	Illumina	4229601	2021-12-13T22:35:51.828820-06:00	3db268e81d7ea6d3c474ee04c6a4055e	2024-07-30T09:31:22.396165-05:00	0fc096b2-7fb5-4dc6-ae94-aa7dae6f885f	Gene Expression Quantification	released	RNA-Seq	1	32.0 - 46.0	TCGA-BRCA	7eff3018-94d1-4b78-aecb-08b42b4a121e	released	33527fe8-7215-45bd-8520-b290995b839d_star__counts	https://github.com/NCI-GDC/gdc-rnaseq-cwl/blob/5d8c131bbff59fb0c969217fc1d44e6d1503cd1f/rnaseq-star-align/star2pass.rnaseq_harmonization.cwl	STAR - Counts	5d8c131bbff59fb0c969217fc1d44e6d1503cd1f	Primary Tumor	NA	TCGA-OL-A5RZ	TCGA-OL-A5RZ-01A
27aab1a6-96af-4dc1-b9ce-4690ead0d355	TSV	TCGA-A8-A075-01A-11R-A084-07	open	39eaa466-f50c-402e-b127-b6b016d0480d.rna_seq.augmented_star_gene_counts.tsv	1fde21df-61ba-4ead-9921-414aa45f4903	Transcriptome Profiling	gene_expression	Illumina	4241441	2021-12-13T22:20:56.390394-06:00	b7d32e042546f8febe2f7a276e9ee74d	2024-07-30T10:06:37.468473-05:00	27aab1a6-96af-4dc1-b9ce-4690ead0d355	Gene Expression Quantification	released	RNA-Seq	1	32.0 - 46.0	TCGA-BRCA	6403b02e-e250-48f5-83a9-74e0b3ef55e8	released	39eaa466-f50c-402e-b127-b6b016d0480d_star__counts	https://github.com/NCI-GDC/gdc-rnaseq-cwl/blob/5d8c131bbff59fb0c969217fc1d44e6d1503cd1f/rnaseq-star-align/star2pass.rnaseq_harmonization.cwl	STAR - Counts	5d8c131bbff59fb0c969217fc1d44e6d1503cd1f	Primary Tumor	NA	TCGA-A8-A075	TCGA-A8-A075-01A
c4ceaaf8-4803-45d7-9937-42d25db60148	TSV	TCGA-B6-A402-01A-11R-A239-07	open	9ae5c03c-326d-4492-9cc3-4ba17beb09ad.rna_seq.augmented_star_gene_counts.tsv	5426675b-53c2-44e2-92a7-631d802d1688	Transcriptome Profiling	gene_expression	Illumina	4246000	2021-12-13T22:15:59.335173-06:00	3b7d7212a489867b6d838171adbc109c	2024-07-30T09:43:13.821142-05:00	c4ceaaf8-4803-45d7-9937-42d25db60148	Gene Expression Quantification	released	RNA-Seq	1	32.0 - 46.0	TCGA-BRCA	22198b2a-74a5-4d34-967b-f6191ebaf49d	released	9ae5c03c-326d-4492-9cc3-4ba17beb09ad_star__counts	https://github.com/NCI-GDC/gdc-rnaseq-cwl/blob/5d8c131bbff59fb0c969217fc1d44e6d1503cd1f/rnaseq-star-align/star2pass.rnaseq_harmonization.cwl	STAR - Counts	5d8c131bbff59fb0c969217fc1d44e6d1503cd1f	Primary Tumor	NA	TCGA-B6-A402	TCGA-B6-A402-01A
a3e73f16-dc65-4c2e-9846-052b8fae144c	TSV	TCGA-BH-A1FM-01A-11R-A13Q-07	open	682169e0-f36b-430c-896f-c93668b4ce78.rna_seq.augmented_star_gene_counts.tsv	5d937313-4994-485d-ba38-64fa564dcfeb	Transcriptome Profiling	gene_expression	Illumina	4236235	2021-12-13T22:40:28.515923-06:00	d3bc2ac78026de712a00f4df2543c098	2024-07-30T09:36:34.386723-05:00	a3e73f16-dc65-4c2e-9846-052b8fae144c	Gene Expression Quantification	released	RNA-Seq	1	32.0 - 46.0	TCGA-BRCA	f9379817-1630-4c06-996f-76aaa614d551	released	682169e0-f36b-430c-896f-c93668b4ce78_star__counts	https://github.com/NCI-GDC/gdc-rnaseq-cwl/blob/5d8c131bbff59fb0c969217fc1d44e6d1503cd1f/rnaseq-star-align/star2pass.rnaseq_harmonization.cwl	STAR - Counts	5d8c131bbff59fb0c969217fc1d44e6d1503cd1f	Primary Tumor	NA	TCGA-BH-A1FM	TCGA-BH-A1FM-01A
cbfb8ffe-ae83-4a16-aaa6-f21ea893cb8d	TSV	TCGA-BH-A1EO-11A-31R-A137-07	open	b1f7e629-7a99-4b1f-85e4-bafb87724aea.rna_seq.augmented_star_gene_counts.tsv	316f0291-5586-445d-b536-b77f182ed782	Transcriptome Profiling	gene_expression	Illumina	4250450	2021-12-13T22:12:34.363769-06:00	14c0b4e026cb38d6cb9ca86e68900842	2024-07-30T09:44:15.585695-05:00	cbfb8ffe-ae83-4a16-aaa6-f21ea893cb8d	Gene Expression Quantification	released	RNA-Seq	1	32.0 - 46.0	TCGA-BRCA	5d77becd-dd9e-4b43-a380-1f2a5b1ce5b0	released	b1f7e629-7a99-4b1f-85e4-bafb87724aea_star__counts	https://github.com/NCI-GDC/gdc-rnaseq-cwl/blob/5d8c131bbff59fb0c969217fc1d44e6d1503cd1f/rnaseq-star-align/star2pass.rnaseq_harmonization.cwl	STAR - Counts	5d8c131bbff59fb0c969217fc1d44e6d1503cd1f	Solid Tissue Normal	NA	TCGA-BH-A1EO	TCGA-BH-A1EO-11A
5461f36b-c2a2-4a6a-8b17-444c143655fc	TSV	TCGA-BH-A0C3-01A-21R-A12P-07	open	df539d11-132f-4320-9365-14d529ae2186.rna_seq.augmented_star_gene_counts.tsv	2f6563fc-02c7-4142-94aa-c50246c0f3cd	Transcriptome Profiling	gene_expression	Illumina	4241823	2021-12-13T21:51:02.183701-06:00	9513d951b29532ef9f873530a400f995	2024-07-30T09:32:40.508788-05:00	5461f36b-c2a2-4a6a-8b17-444c143655fc	Gene Expression Quantification	released	RNA-Seq	1	32.0 - 46.0	TCGA-BRCA	2a1973f0-46e1-432a-b367-a66cf78dc5d0	released	df539d11-132f-4320-9365-14d529ae2186_star__counts	https://github.com/NCI-GDC/gdc-rnaseq-cwl/blob/5d8c131bbff59fb0c969217fc1d44e6d1503cd1f/rnaseq-star-align/star2pass.rnaseq_harmonization.cwl	STAR - Counts	5d8c131bbff59fb0c969217fc1d44e6d1503cd1f	Primary Tumor	NA	TCGA-BH-A0C3	TCGA-BH-A0C3-01A
309dcac2-7efa-467c-9dc7-222c130b0fec	TSV	TCGA-E2-A15M-01A-11R-A12D-07	open	d29744c4-3aa3-44b2-83fb-0e74ba697cd9.rna_seq.augmented_star_gene_counts.tsv	feb8c1a5-b3e8-4860-a2c5-59beea73dda8	Transcriptome Profiling	gene_expression	Illumina	4268333	2021-12-13T22:10:53.760533-06:00	245f500a8a8632e0ba846db331b4d839	2024-07-30T10:05:23.495712-05:00	309dcac2-7efa-467c-9dc7-222c130b0fec	Gene Expression Quantification	released	RNA-Seq	1	32.0 - 46.0	TCGA-BRCA	6a0309db-4961-4272-86af-4c9de71932fb	released	d29744c4-3aa3-44b2-83fb-0e74ba697cd9_star__counts	https://github.com/NCI-GDC/gdc-rnaseq-cwl/blob/5d8c131bbff59fb0c969217fc1d44e6d1503cd1f/rnaseq-star-align/star2pass.rnaseq_harmonization.cwl	STAR - Counts	5d8c131bbff59fb0c969217fc1d44e6d1503cd1f	Primary Tumor	NA	TCGA-E2-A15M	TCGA-E2-A15M-01A
6487c7e6-38ad-417c-8009-6c899fe74a64	TSV	TCGA-E2-A9RU-01A-11R-A41B-07	open	687d5cbd-0877-4e31-86d7-9fcb32a82f10.rna_seq.augmented_star_gene_counts.tsv	06551ccd-6a7e-4ce8-be36-082bc2960505	Transcriptome Profiling	gene_expression	Illumina	4217812	2021-12-13T22:01:14.805105-06:00	297aa3d4c5e9fcf590b8ccd8387cd598	2024-07-30T09:22:34.917407-05:00	6487c7e6-38ad-417c-8009-6c899fe74a64	Gene Expression Quantification	released	RNA-Seq	1	32.0 - 46.0	TCGA-BRCA	d097728f-80c3-4c56-9d26-6f8c0470e50d	released	687d5cbd-0877-4e31-86d7-9fcb32a82f10_star__counts	https://github.com/NCI-GDC/gdc-rnaseq-cwl/blob/5d8c131bbff59fb0c969217fc1d44e6d1503cd1f/rnaseq-star-align/star2pass.rnaseq_harmonization.cwl	STAR - Counts	5d8c131bbff59fb0c969217fc1d44e6d1503cd1f	Primary Tumor	NA	TCGA-E2-A9RU	TCGA-E2-A9RU-01A
a835cfe4-9359-4178-9c9a-44ecb4173e47	TSV	TCGA-EW-A1IW-01A-11R-A13Q-07	open	bd5e632d-9a7d-454f-838e-10b76665a4d3.rna_seq.augmented_star_gene_counts.tsv	15de02ed-8cda-45f4-9b59-91c45baac361	Transcriptome Profiling	gene_expression	Illumina	4256401	2021-12-13T22:04:02.708123-06:00	eda2a58201779b5e4e3a5c4343fe4688	2024-07-30T09:39:39.558156-05:00	a835cfe4-9359-4178-9c9a-44ecb4173e47	Gene Expression Quantification	released	RNA-Seq	1	32.0 - 46.0	TCGA-BRCA	9e744488-24bf-4de4-86ce-b01ffb4b7a43	released	bd5e632d-9a7d-454f-838e-10b76665a4d3_star__counts	https://github.com/NCI-GDC/gdc-rnaseq-cwl/blob/5d8c131bbff59fb0c969217fc1d44e6d1503cd1f/rnaseq-star-align/star2pass.rnaseq_harmonization.cwl	STAR - Counts	5d8c131bbff59fb0c969217fc1d44e6d1503cd1f	Primary Tumor	NA	TCGA-EW-A1IW	TCGA-EW-A1IW-01A
e4f80aa3-eace-4ab4-afff-69d952ed5442	TSV	TCGA-A2-A0EN-01A-13R-A084-07	open	ecf14d2a-e353-4674-9b3f-f0d11bcc9900.rna_seq.augmented_star_gene_counts.tsv	c1b43968-60f2-4f08-96fe-30ef9331a89c	Transcriptome Profiling	gene_expression	Illumina	4249372	2021-12-13T22:32:34.749132-06:00	e8b2f1d76463f452e0ddf46d6d12c013	2024-07-30T09:18:30.861999-05:00	e4f80aa3-eace-4ab4-afff-69d952ed5442	Gene Expression Quantification	released	RNA-Seq	1	32.0 - 46.0	TCGA-BRCA	f5207108-c7a5-4c8d-ad23-ed10202fdfbf	released	ecf14d2a-e353-4674-9b3f-f0d11bcc9900_star__counts	https://github.com/NCI-GDC/gdc-rnaseq-cwl/blob/5d8c131bbff59fb0c969217fc1d44e6d1503cd1f/rnaseq-star-align/star2pass.rnaseq_harmonization.cwl	STAR - Counts	5d8c131bbff59fb0c969217fc1d44e6d1503cd1f	Primary Tumor	NA	TCGA-A2-A0EN	TCGA-A2-A0EN-01A
ea01e210-0d45-4c23-8644-904771672188	TSV	TCGA-E2-A1L9-01A-11R-A13Q-07	open	23b6c182-bb01-403a-9844-560518d059ac.rna_seq.augmented_star_gene_counts.tsv	03cf23a5-9888-4f35-b5b3-262f2be75580	Transcriptome Profiling	gene_expression	Illumina	4255609	2021-12-13T21:46:01.812073-06:00	a0ff7988e7f28ae3f901af50258ea510	2024-07-30T09:24:20.513611-05:00	ea01e210-0d45-4c23-8644-904771672188	Gene Expression Quantification	released	RNA-Seq	1	32.0 - 46.0	TCGA-BRCA	1bc083ca-ef03-4d57-a706-c20038aba7be	released	23b6c182-bb01-403a-9844-560518d059ac_star__counts	https://github.com/NCI-GDC/gdc-rnaseq-cwl/blob/5d8c131bbff59fb0c969217fc1d44e6d1503cd1f/rnaseq-star-align/star2pass.rnaseq_harmonization.cwl	STAR - Counts	5d8c131bbff59fb0c969217fc1d44e6d1503cd1f	Primary Tumor	NA	TCGA-E2-A1L9	TCGA-E2-A1L9-01A
6129ca9a-5466-4cf5-be19-a4e3134659cb	TSV	TCGA-E9-A229-01A-31R-A157-07	open	db998871-01ff-4a39-ba06-fe3fb1183584.rna_seq.augmented_star_gene_counts.tsv	764f0785-f1bb-4fe8-8254-78ef5f2998a2	Transcriptome Profiling	gene_expression	Illumina	4257893	2021-12-13T22:25:54.732055-06:00	411a7a75638e47d82f98eb5f2ef08df3	2024-07-30T09:20:08.652713-05:00	6129ca9a-5466-4cf5-be19-a4e3134659cb	Gene Expression Quantification	released	RNA-Seq	1	32.0 - 46.0	TCGA-BRCA	5141e4ec-35d6-4bb6-ab63-1e7e90ee1b40	released	db998871-01ff-4a39-ba06-fe3fb1183584_star__counts	https://github.com/NCI-GDC/gdc-rnaseq-cwl/blob/5d8c131bbff59fb0c969217fc1d44e6d1503cd1f/rnaseq-star-align/star2pass.rnaseq_harmonization.cwl	STAR - Counts	5d8c131bbff59fb0c969217fc1d44e6d1503cd1f	Primary Tumor	NA	TCGA-E9-A229	TCGA-E9-A229-01A
6084a2ac-a342-4378-b4ba-a2d7e6af9124	TSV	TCGA-D8-A1Y0-01A-11R-A14M-07	open	ad930bd1-0026-4f83-92e2-23170c1965aa.rna_seq.augmented_star_gene_counts.tsv	633363b5-02c6-4a7a-abd1-65f1c18baea3	Transcriptome Profiling	gene_expression	Illumina	4261853	2021-12-13T22:15:46.811565-06:00	adc7ecaff2a7467941891c69a3992497	2024-07-30T09:44:20.788930-05:00	6084a2ac-a342-4378-b4ba-a2d7e6af9124	Gene Expression Quantification	released	RNA-Seq	1	32.0 - 46.0	TCGA-BRCA	3a5c9970-7882-4121-a1e2-b321dd920c00	released	ad930bd1-0026-4f83-92e2-23170c1965aa_star__counts	https://github.com/NCI-GDC/gdc-rnaseq-cwl/blob/5d8c131bbff59fb0c969217fc1d44e6d1503cd1f/rnaseq-star-align/star2pass.rnaseq_harmonization.cwl	STAR - Counts	5d8c131bbff59fb0c969217fc1d44e6d1503cd1f	Primary Tumor	NA	TCGA-D8-A1Y0	TCGA-D8-A1Y0-01A
7ae79f8e-a8fa-4030-b46a-458db80a36c1	TSV	TCGA-E2-A14T-01A-11R-A115-07	open	f6c907ac-5dc9-4bdc-b7c6-3bac9f9059d3.rna_seq.augmented_star_gene_counts.tsv	c1aedf14-9341-4366-976e-1ed0f64d3ca6	Transcriptome Profiling	gene_expression	Illumina	4252938	2021-12-13T22:04:15.230901-06:00	d80490fab84f50a37328634e39e1b619	2024-07-30T10:01:18.867074-05:00	7ae79f8e-a8fa-4030-b46a-458db80a36c1	Gene Expression Quantification	released	RNA-Seq	1	32.0 - 46.0	TCGA-BRCA	3a6b346b-306b-4bf6-9463-8863c432bd83	released	f6c907ac-5dc9-4bdc-b7c6-3bac9f9059d3_star__counts	https://github.com/NCI-GDC/gdc-rnaseq-cwl/blob/5d8c131bbff59fb0c969217fc1d44e6d1503cd1f/rnaseq-star-align/star2pass.rnaseq_harmonization.cwl	STAR - Counts	5d8c131bbff59fb0c969217fc1d44e6d1503cd1f	Primary Tumor	NA	TCGA-E2-A14T	TCGA-E2-A14T-01A
c28e4bbf-6ddc-42fd-9268-826edc17aee5	TSV	TCGA-E2-A1B6-01A-31R-A12P-07	open	cae39998-47d3-4a80-8acb-67d3a9518306.rna_seq.augmented_star_gene_counts.tsv	cc317e6f-9c8b-479e-b397-3b0fcc9ab572	Transcriptome Profiling	gene_expression	Illumina	4266924	2021-12-13T21:46:32.301725-06:00	1e428351f2a73c8d6ef98973d3a80c2b	2024-07-30T09:20:03.797318-05:00	c28e4bbf-6ddc-42fd-9268-826edc17aee5	Gene Expression Quantification	released	RNA-Seq	1	32.0 - 46.0	TCGA-BRCA	f6e41902-c1d1-4ae4-9f00-b8ef945c7835	released	cae39998-47d3-4a80-8acb-67d3a9518306_star__counts	https://github.com/NCI-GDC/gdc-rnaseq-cwl/blob/5d8c131bbff59fb0c969217fc1d44e6d1503cd1f/rnaseq-star-align/star2pass.rnaseq_harmonization.cwl	STAR - Counts	5d8c131bbff59fb0c969217fc1d44e6d1503cd1f	Primary Tumor	NA	TCGA-E2-A1B6	TCGA-E2-A1B6-01A
1dacccf9-58ae-490f-9f3f-31c82f93b3b8	TSV	TCGA-AN-A0FW-01A-11R-A034-07	open	b707621f-1f89-4058-be18-33020b9ebec3.rna_seq.augmented_star_gene_counts.tsv	cdb6d378-e8f0-46fc-bbc9-6d5bfbef5dbe	Transcriptome Profiling	gene_expression	Illumina	4244756	2021-12-13T22:34:02.185189-06:00	352d2d202aa647394d7a3a6182db11ef	2024-07-30T10:04:26.007935-05:00	1dacccf9-58ae-490f-9f3f-31c82f93b3b8	Gene Expression Quantification	released	RNA-Seq	1	32.0 - 46.0	TCGA-BRCA	c7511841-809d-4591-89b8-f05ec73f8bd2	released	b707621f-1f89-4058-be18-33020b9ebec3_star__counts	https://github.com/NCI-GDC/gdc-rnaseq-cwl/blob/5d8c131bbff59fb0c969217fc1d44e6d1503cd1f/rnaseq-star-align/star2pass.rnaseq_harmonization.cwl	STAR - Counts	5d8c131bbff59fb0c969217fc1d44e6d1503cd1f	Primary Tumor	NA	TCGA-AN-A0FW	TCGA-AN-A0FW-01A
cdd283b5-8dea-4736-859c-f1a2bbda57c2	TSV	TCGA-D8-A1X7-01A-11R-A14M-07	open	d24c2f4f-5623-4d8e-99e6-96b4fee2591c.rna_seq.augmented_star_gene_counts.tsv	b0bf370e-615c-467b-82a7-78fc7935e80e	Transcriptome Profiling	gene_expression	Illumina	4246893	2021-12-13T22:20:03.159734-06:00	ac9d18aa7c2ff9184325b5a47e527d67	2024-07-30T09:23:47.665535-05:00	cdd283b5-8dea-4736-859c-f1a2bbda57c2	Gene Expression Quantification	released	RNA-Seq	1	32.0 - 46.0	TCGA-BRCA	14134cc8-7925-4178-93e0-19005c2bcb22	released	d24c2f4f-5623-4d8e-99e6-96b4fee2591c_star__counts	https://github.com/NCI-GDC/gdc-rnaseq-cwl/blob/5d8c131bbff59fb0c969217fc1d44e6d1503cd1f/rnaseq-star-align/star2pass.rnaseq_harmonization.cwl	STAR - Counts	5d8c131bbff59fb0c969217fc1d44e6d1503cd1f	Primary Tumor	NA	TCGA-D8-A1X7	TCGA-D8-A1X7-01A
cbbbb1af-8bf4-4bb6-9258-33bf416190e7	TSV	TCGA-AO-A0J7-01A-11R-A034-07	open	89c5f174-7db7-426d-9530-41e08a8ef603.rna_seq.augmented_star_gene_counts.tsv	4e856c6d-f887-40d0-8ec8-8faffb32f246	Transcriptome Profiling	gene_expression	Illumina	4237854	2021-12-13T21:58:12.217538-06:00	84e9636372cd58fd1c043018afd0dc67	2024-07-30T09:31:03.145608-05:00	cbbbb1af-8bf4-4bb6-9258-33bf416190e7	Gene Expression Quantification	released	RNA-Seq	1	32.0 - 46.0	TCGA-BRCA	ce7adffa-ae3d-4872-b901-fef762d5d6c9	released	89c5f174-7db7-426d-9530-41e08a8ef603_star__counts	https://github.com/NCI-GDC/gdc-rnaseq-cwl/blob/5d8c131bbff59fb0c969217fc1d44e6d1503cd1f/rnaseq-star-align/star2pass.rnaseq_harmonization.cwl	STAR - Counts	5d8c131bbff59fb0c969217fc1d44e6d1503cd1f	Primary Tumor	NA	TCGA-AO-A0J7	TCGA-AO-A0J7-01A
5728b421-9832-417b-8963-b7b17decc58e	TSV	TCGA-AR-A1AP-01A-11R-A12P-07	open	ea1ff936-0327-419f-b104-008511b8af5d.rna_seq.augmented_star_gene_counts.tsv	2c6abf83-bf9d-4c39-9c8f-307f7cd2e9d4	Transcriptome Profiling	gene_expression	Illumina	4237343	2021-12-13T22:43:50.828468-06:00	889e900b4f9b77f90a4d8db7c3ada4e1	2024-07-30T09:53:17.745870-05:00	5728b421-9832-417b-8963-b7b17decc58e	Gene Expression Quantification	released	RNA-Seq	1	32.0 - 46.0	TCGA-BRCA	dc46be33-bcd0-4a55-b0ec-d570dd66d326	released	ea1ff936-0327-419f-b104-008511b8af5d_star__counts	https://github.com/NCI-GDC/gdc-rnaseq-cwl/blob/5d8c131bbff59fb0c969217fc1d44e6d1503cd1f/rnaseq-star-align/star2pass.rnaseq_harmonization.cwl	STAR - Counts	5d8c131bbff59fb0c969217fc1d44e6d1503cd1f	Primary Tumor	NA	TCGA-AR-A1AP	TCGA-AR-A1AP-01A
3728cb73-4a8a-4392-8140-f027ad876cf2	TSV	TCGA-D8-A1X9-01A-12R-A157-07	open	61325789-0b1e-473d-8b71-5ec13ec1dcb7.rna_seq.augmented_star_gene_counts.tsv	801c23e6-5259-4720-8ca4-9cc426bac4dc	Transcriptome Profiling	gene_expression	Illumina	4252762	2021-12-13T21:49:23.811074-06:00	b1e2befb0b0fcdddda4f02a93f5986c9	2024-07-30T09:50:02.494131-05:00	3728cb73-4a8a-4392-8140-f027ad876cf2	Gene Expression Quantification	released	RNA-Seq	1	32.0 - 46.0	TCGA-BRCA	1e8057c5-5208-480f-84f0-698ab39fc431	released	61325789-0b1e-473d-8b71-5ec13ec1dcb7_star__counts	https://github.com/NCI-GDC/gdc-rnaseq-cwl/blob/5d8c131bbff59fb0c969217fc1d44e6d1503cd1f/rnaseq-star-align/star2pass.rnaseq_harmonization.cwl	STAR - Counts	5d8c131bbff59fb0c969217fc1d44e6d1503cd1f	Primary Tumor	NA	TCGA-D8-A1X9	TCGA-D8-A1X9-01A
ec7b77d4-41a2-4892-be79-23cb24f986d3	TSV	TCGA-D8-A1XQ-01A-11R-A14M-07	open	7d736f2b-b73e-4fc1-8d3f-9f350f88171a.rna_seq.augmented_star_gene_counts.tsv	9e298cdd-501b-4b7c-bc13-43aa42bfa347	Transcriptome Profiling	gene_expression	Illumina	4247933	2021-12-13T21:45:36.784998-06:00	4e9062338df094d1c925deabe44e949d	2024-07-30T09:50:40.975402-05:00	ec7b77d4-41a2-4892-be79-23cb24f986d3	Gene Expression Quantification	released	RNA-Seq	1	32.0 - 46.0	TCGA-BRCA	68059d12-fb27-4ebd-9d9f-79bd38eb485c	released	7d736f2b-b73e-4fc1-8d3f-9f350f88171a_star__counts	https://github.com/NCI-GDC/gdc-rnaseq-cwl/blob/5d8c131bbff59fb0c969217fc1d44e6d1503cd1f/rnaseq-star-align/star2pass.rnaseq_harmonization.cwl	STAR - Counts	5d8c131bbff59fb0c969217fc1d44e6d1503cd1f	Primary Tumor	NA	TCGA-D8-A1XQ	TCGA-D8-A1XQ-01A
e94299a9-67bc-4c30-963c-1476fbb7d5ff	TSV	TCGA-AN-A0G0-01A-11R-A034-07	open	3cd924c3-5000-49de-a253-92d1cfa9a09a.rna_seq.augmented_star_gene_counts.tsv	cb8e0386-6951-4e91-a4e5-c1776b6a49bb	Transcriptome Profiling	gene_expression	Illumina	4242061	2021-12-13T22:01:27.748921-06:00	1bed71aa2ad88c31f900be70990f5898	2024-07-30T09:37:58.090939-05:00	e94299a9-67bc-4c30-963c-1476fbb7d5ff	Gene Expression Quantification	released	RNA-Seq	1	32.0 - 46.0	TCGA-BRCA	885bb324-f5d2-45cf-99fc-57740f697ac6	released	3cd924c3-5000-49de-a253-92d1cfa9a09a_star__counts	https://github.com/NCI-GDC/gdc-rnaseq-cwl/blob/5d8c131bbff59fb0c969217fc1d44e6d1503cd1f/rnaseq-star-align/star2pass.rnaseq_harmonization.cwl	STAR - Counts	5d8c131bbff59fb0c969217fc1d44e6d1503cd1f	Primary Tumor	NA	TCGA-AN-A0G0	TCGA-AN-A0G0-01A
1dd898ab-3b85-4932-b889-0eb0a494f2b6	TSV	TCGA-A2-A0CU-01A-12R-A034-07	open	e0e050cc-5e2a-41fc-8394-b4816a9dc8a2.rna_seq.augmented_star_gene_counts.tsv	95f3a1dc-5651-4ff8-965b-3d6820385cf0	Transcriptome Profiling	gene_expression	Illumina	4242201	2021-12-13T22:05:24.743515-06:00	2edc4071ee61ac47fd0ff24e61e353d4	2024-07-30T09:47:21.044026-05:00	1dd898ab-3b85-4932-b889-0eb0a494f2b6	Gene Expression Quantification	released	RNA-Seq	1	32.0 - 46.0	TCGA-BRCA	0a4376f3-7132-4bf1-86bf-df060886982c	released	e0e050cc-5e2a-41fc-8394-b4816a9dc8a2_star__counts	https://github.com/NCI-GDC/gdc-rnaseq-cwl/blob/5d8c131bbff59fb0c969217fc1d44e6d1503cd1f/rnaseq-star-align/star2pass.rnaseq_harmonization.cwl	STAR - Counts	5d8c131bbff59fb0c969217fc1d44e6d1503cd1f	Primary Tumor	NA	TCGA-A2-A0CU	TCGA-A2-A0CU-01A
121a48ed-798d-4102-bb8f-e736570e18d6	TSV	TCGA-A8-A0A1-01A-11R-A00Z-07	open	f988afae-48f8-4ecc-bb84-87924b454bf0.rna_seq.augmented_star_gene_counts.tsv	445af542-5259-4669-bed9-392f56338118	Transcriptome Profiling	gene_expression	Illumina	4233710	2021-12-13T21:59:22.143556-06:00	0573715f49c871bd7d5d2aee6ec9cb57	2024-07-30T10:00:35.407644-05:00	121a48ed-798d-4102-bb8f-e736570e18d6	Gene Expression Quantification	released	RNA-Seq	1	32.0 - 46.0	TCGA-BRCA	1fb32146-ffef-408a-be25-86da10126bb4	released	f988afae-48f8-4ecc-bb84-87924b454bf0_star__counts	https://github.com/NCI-GDC/gdc-rnaseq-cwl/blob/5d8c131bbff59fb0c969217fc1d44e6d1503cd1f/rnaseq-star-align/star2pass.rnaseq_harmonization.cwl	STAR - Counts	5d8c131bbff59fb0c969217fc1d44e6d1503cd1f	Primary Tumor	NA	TCGA-A8-A0A1	TCGA-A8-A0A1-01A
f6cb208f-cc43-4245-8392-dc5ada57bb9b	TSV	TCGA-A8-A08R-01A-11R-A034-07	open	ca8b34fa-ab70-42c1-8e81-8b28ba1a8f3a.rna_seq.augmented_star_gene_counts.tsv	50720480-2031-4a4b-9be7-9c01909352e4	Transcriptome Profiling	gene_expression	Illumina	4251309	2021-12-13T21:56:55.191647-06:00	79f8391d406a3f877e35b29947cbe680	2024-07-30T09:55:54.021367-05:00	f6cb208f-cc43-4245-8392-dc5ada57bb9b	Gene Expression Quantification	released	RNA-Seq	1	32.0 - 46.0	TCGA-BRCA	fd0dae77-4541-4134-b8c9-28d7a2b447c7	released	ca8b34fa-ab70-42c1-8e81-8b28ba1a8f3a_star__counts	https://github.com/NCI-GDC/gdc-rnaseq-cwl/blob/5d8c131bbff59fb0c969217fc1d44e6d1503cd1f/rnaseq-star-align/star2pass.rnaseq_harmonization.cwl	STAR - Counts	5d8c131bbff59fb0c969217fc1d44e6d1503cd1f	Primary Tumor	NA	TCGA-A8-A08R	TCGA-A8-A08R-01A
6f3bd40b-98b5-431b-a0b3-c7767b479d7d	TSV	TCGA-EW-A1OX-01A-11R-A144-07	open	053442de-6d8a-4811-b03c-be1c7a3f207c.rna_seq.augmented_star_gene_counts.tsv	46704d77-6c46-441a-b834-c26d8b5b1ae4	Transcriptome Profiling	gene_expression	Illumina	4229868	2021-12-13T22:39:58.874719-06:00	d8612679b5f9e7a018136cf4f9bb368b	2024-07-30T09:54:34.891029-05:00	6f3bd40b-98b5-431b-a0b3-c7767b479d7d	Gene Expression Quantification	released	RNA-Seq	1	32.0 - 46.0	TCGA-BRCA	4f6a02a7-715e-497f-b699-dec4e4940c15	released	053442de-6d8a-4811-b03c-be1c7a3f207c_star__counts	https://github.com/NCI-GDC/gdc-rnaseq-cwl/blob/5d8c131bbff59fb0c969217fc1d44e6d1503cd1f/rnaseq-star-align/star2pass.rnaseq_harmonization.cwl	STAR - Counts	5d8c131bbff59fb0c969217fc1d44e6d1503cd1f	Primary Tumor	NA	TCGA-EW-A1OX	TCGA-EW-A1OX-01A
74b16304-eb3f-4311-9b2e-dbf5eac89b44	TSV	TCGA-E9-A228-01A-31R-A157-07	open	96cd848e-50fc-4244-beec-8d18b1703fff.rna_seq.augmented_star_gene_counts.tsv	0a483063-fa22-45e2-878b-0b4e5ef66466	Transcriptome Profiling	gene_expression	Illumina	4251347	2021-12-13T22:22:35.309774-06:00	cbc918e5f4d4a1de1a82f240a9135abb	2024-07-30T09:36:58.810795-05:00	74b16304-eb3f-4311-9b2e-dbf5eac89b44	Gene Expression Quantification	released	RNA-Seq	1	32.0 - 46.0	TCGA-BRCA	5e352e11-9884-4fa7-8070-be686fdf11b8	released	96cd848e-50fc-4244-beec-8d18b1703fff_star__counts	https://github.com/NCI-GDC/gdc-rnaseq-cwl/blob/5d8c131bbff59fb0c969217fc1d44e6d1503cd1f/rnaseq-star-align/star2pass.rnaseq_harmonization.cwl	STAR - Counts	5d8c131bbff59fb0c969217fc1d44e6d1503cd1f	Primary Tumor	NA	TCGA-E9-A228	TCGA-E9-A228-01A
958813f4-8036-42f7-856d-7a69c4175adc	TSV	TCGA-E9-A1RH-11A-34R-A169-07	open	269c35f0-a4f7-4e30-a69f-f1f3b7b5dace.rna_seq.augmented_star_gene_counts.tsv	98ea3aa6-f1cc-4c09-bcdc-8e0af9cb0899	Transcriptome Profiling	gene_expression	Illumina	4237719	2021-12-13T21:57:30.184115-06:00	0035fb5b56a204c5c0606b98b277344b	2024-07-30T09:46:49.657097-05:00	958813f4-8036-42f7-856d-7a69c4175adc	Gene Expression Quantification	released	RNA-Seq	1	32.0 - 46.0	TCGA-BRCA	bba6c459-0652-4c97-88d0-b82195228c82	released	269c35f0-a4f7-4e30-a69f-f1f3b7b5dace_star__counts	https://github.com/NCI-GDC/gdc-rnaseq-cwl/blob/5d8c131bbff59fb0c969217fc1d44e6d1503cd1f/rnaseq-star-align/star2pass.rnaseq_harmonization.cwl	STAR - Counts	5d8c131bbff59fb0c969217fc1d44e6d1503cd1f	Solid Tissue Normal	NA	TCGA-E9-A1RH	TCGA-E9-A1RH-11A
0c279a15-1250-4923-bcde-96cc3fd32d42	TSV	TCGA-A8-A094-01A-11R-A00Z-07	open	b72689a1-2c14-49db-b489-f1627353a024.rna_seq.augmented_star_gene_counts.tsv	61a8678b-4909-4fd6-bdfc-5c63b7c40192	Transcriptome Profiling	gene_expression	Illumina	4225248	2021-12-13T21:54:07.912558-06:00	bc14210e6d81f961f1e8649597486a8d	2024-07-30T09:43:58.473056-05:00	0c279a15-1250-4923-bcde-96cc3fd32d42	Gene Expression Quantification	released	RNA-Seq	1	32.0 - 46.0	TCGA-BRCA	9bf59558-1552-4be1-9aa0-924594521902	released	b72689a1-2c14-49db-b489-f1627353a024_star__counts	https://github.com/NCI-GDC/gdc-rnaseq-cwl/blob/5d8c131bbff59fb0c969217fc1d44e6d1503cd1f/rnaseq-star-align/star2pass.rnaseq_harmonization.cwl	STAR - Counts	5d8c131bbff59fb0c969217fc1d44e6d1503cd1f	Primary Tumor	NA	TCGA-A8-A094	TCGA-A8-A094-01A
bdee019c-38ae-4686-84fe-2454ba4c70dc	TSV	TCGA-AR-A254-01A-21R-A169-07	open	504f8320-62f8-4205-926a-a54d042d0e98.rna_seq.augmented_star_gene_counts.tsv	07957fe5-f529-4e6a-ab3f-819598951d2c	Transcriptome Profiling	gene_expression	Illumina	4252975	2021-12-13T22:22:44.807137-06:00	b8122d2be5c5e3ef65d042168d6696de	2024-07-30T09:38:23.314932-05:00	bdee019c-38ae-4686-84fe-2454ba4c70dc	Gene Expression Quantification	released	RNA-Seq	1	32.0 - 46.0	TCGA-BRCA	37bb46db-b77f-43ee-8e2f-5f8164401c06	released	504f8320-62f8-4205-926a-a54d042d0e98_star__counts	https://github.com/NCI-GDC/gdc-rnaseq-cwl/blob/5d8c131bbff59fb0c969217fc1d44e6d1503cd1f/rnaseq-star-align/star2pass.rnaseq_harmonization.cwl	STAR - Counts	5d8c131bbff59fb0c969217fc1d44e6d1503cd1f	Primary Tumor	NA	TCGA-AR-A254	TCGA-AR-A254-01A
26702590-872f-4e36-a631-ee6cb3f61ec4	TSV	TCGA-D8-A27L-01A-11R-A16F-07	open	09cf8de3-bb0f-434d-8cb3-9f5eeb264b6b.rna_seq.augmented_star_gene_counts.tsv	316893ed-f8df-461e-b890-5bb0515cdb25	Transcriptome Profiling	gene_expression	Illumina	4264504	2021-12-13T22:08:02.883920-06:00	e67505d603a6b99a2db0b1979af8c159	2024-07-30T09:56:53.105397-05:00	26702590-872f-4e36-a631-ee6cb3f61ec4	Gene Expression Quantification	released	RNA-Seq	1	32.0 - 46.0	TCGA-BRCA	a269fb7c-bcc1-48dc-a2ca-85b63868ed67	released	09cf8de3-bb0f-434d-8cb3-9f5eeb264b6b_star__counts	https://github.com/NCI-GDC/gdc-rnaseq-cwl/blob/5d8c131bbff59fb0c969217fc1d44e6d1503cd1f/rnaseq-star-align/star2pass.rnaseq_harmonization.cwl	STAR - Counts	5d8c131bbff59fb0c969217fc1d44e6d1503cd1f	Primary Tumor	NA	TCGA-D8-A27L	TCGA-D8-A27L-01A
4c57cb4f-b4dc-4cfa-9af5-1447422c5b95	TSV	TCGA-E9-A1N9-01A-11R-A14D-07	open	171e095d-2236-43c8-9670-23608e6cc8ab.rna_seq.augmented_star_gene_counts.tsv	631b8845-afae-4315-9b4d-981eb9999e5a	Transcriptome Profiling	gene_expression	Illumina	4237013	2021-12-13T22:24:58.918242-06:00	d76f9be258dfba8ce49cee4b93aaec0f	2024-07-30T09:50:34.535590-05:00	4c57cb4f-b4dc-4cfa-9af5-1447422c5b95	Gene Expression Quantification	released	RNA-Seq	1	32.0 - 46.0	TCGA-BRCA	ec350929-7387-4cc0-8bfa-b44d36208422	released	171e095d-2236-43c8-9670-23608e6cc8ab_star__counts	https://github.com/NCI-GDC/gdc-rnaseq-cwl/blob/5d8c131bbff59fb0c969217fc1d44e6d1503cd1f/rnaseq-star-align/star2pass.rnaseq_harmonization.cwl	STAR - Counts	5d8c131bbff59fb0c969217fc1d44e6d1503cd1f	Primary Tumor	NA	TCGA-E9-A1N9	TCGA-E9-A1N9-01A
2a73a18d-eca4-475b-9c37-283feb92915f	TSV	TCGA-A8-A08A-01A-11R-A32Y-07	open	553e13f9-e00e-4b05-b934-c3837ad4d02d.rna_seq.augmented_star_gene_counts.tsv	465a0b1c-db70-40c8-afd3-6c444f0a754d	Transcriptome Profiling	gene_expression	Illumina	4241758	2021-12-13T22:06:28.268202-06:00	12c3b915189ae959dac7cff594081061	2024-07-30T10:06:42.275327-05:00	2a73a18d-eca4-475b-9c37-283feb92915f	Gene Expression Quantification	released	RNA-Seq	1	32.0 - 46.0	TCGA-BRCA	19cc00eb-6439-474a-b03e-95522c4c6298	released	553e13f9-e00e-4b05-b934-c3837ad4d02d_star__counts	https://github.com/NCI-GDC/gdc-rnaseq-cwl/blob/5d8c131bbff59fb0c969217fc1d44e6d1503cd1f/rnaseq-star-align/star2pass.rnaseq_harmonization.cwl	STAR - Counts	5d8c131bbff59fb0c969217fc1d44e6d1503cd1f	Primary Tumor	NA	TCGA-A8-A08A	TCGA-A8-A08A-01A
76d94448-4fd0-4476-af15-3c845d70851d	TSV	TCGA-E9-A249-01A-11R-A169-07	open	692ea666-b4ac-4e92-b712-96a67edaef56.rna_seq.augmented_star_gene_counts.tsv	56c03ff3-bfb2-4419-affe-154aebd1cb77	Transcriptome Profiling	gene_expression	Illumina	4251095	2021-12-13T21:49:05.684305-06:00	16ac528747ee685d4d29673632a653a7	2024-07-30T09:29:31.372932-05:00	76d94448-4fd0-4476-af15-3c845d70851d	Gene Expression Quantification	released	RNA-Seq	1	32.0 - 46.0	TCGA-BRCA	2172b0bd-3fef-49fc-b741-4d91f3f94727	released	692ea666-b4ac-4e92-b712-96a67edaef56_star__counts	https://github.com/NCI-GDC/gdc-rnaseq-cwl/blob/5d8c131bbff59fb0c969217fc1d44e6d1503cd1f/rnaseq-star-align/star2pass.rnaseq_harmonization.cwl	STAR - Counts	5d8c131bbff59fb0c969217fc1d44e6d1503cd1f	Primary Tumor	NA	TCGA-E9-A249	TCGA-E9-A249-01A
77cdf045-d52d-4cc1-b2f1-e2b0d106af0f	TSV	TCGA-AQ-A1H3-01A-31R-A13Q-07	open	51538db5-edf3-40bc-ae5e-dc9b552e8b53.rna_seq.augmented_star_gene_counts.tsv	85f972e8-d453-4ecd-b39a-3869a712d7e2	Transcriptome Profiling	gene_expression	Illumina	4254997	2021-12-13T22:01:39.559489-06:00	e7ef14eb002af5031597a908fee53e0b	2024-07-30T10:08:42.651614-05:00	77cdf045-d52d-4cc1-b2f1-e2b0d106af0f	Gene Expression Quantification	released	RNA-Seq	1	32.0 - 46.0	TCGA-BRCA	668064dc-7f40-447c-9fa3-9f1dbe995258	released	51538db5-edf3-40bc-ae5e-dc9b552e8b53_star__counts	https://github.com/NCI-GDC/gdc-rnaseq-cwl/blob/5d8c131bbff59fb0c969217fc1d44e6d1503cd1f/rnaseq-star-align/star2pass.rnaseq_harmonization.cwl	STAR - Counts	5d8c131bbff59fb0c969217fc1d44e6d1503cd1f	Primary Tumor	NA	TCGA-AQ-A1H3	TCGA-AQ-A1H3-01A
165fe176-2dea-489f-92d6-34b0c6848312	TSV	TCGA-BH-A0BA-11A-22R-A19E-07	open	16e1fcb7-863d-40c1-b2d6-365d519148f6.rna_seq.augmented_star_gene_counts.tsv	2f109ca2-c9b0-4e9f-b390-ff53545eb943	Transcriptome Profiling	gene_expression	Illumina	4243558	2021-12-13T22:32:37.241729-06:00	3bdc864b41972adadec334f5fb637ed1	2024-07-30T09:41:09.076266-05:00	165fe176-2dea-489f-92d6-34b0c6848312	Gene Expression Quantification	released	RNA-Seq	1	32.0 - 46.0	TCGA-BRCA	6ba96ed9-360b-4839-a085-5c980f742f7b	released	16e1fcb7-863d-40c1-b2d6-365d519148f6_star__counts	https://github.com/NCI-GDC/gdc-rnaseq-cwl/blob/5d8c131bbff59fb0c969217fc1d44e6d1503cd1f/rnaseq-star-align/star2pass.rnaseq_harmonization.cwl	STAR - Counts	5d8c131bbff59fb0c969217fc1d44e6d1503cd1f	Solid Tissue Normal	NA	TCGA-BH-A0BA	TCGA-BH-A0BA-11A
3e0cc1e4-0882-4e9b-9373-34bcbce097d7	TSV	TCGA-AO-A125-01A-11R-A10J-07	open	d9a1fa44-0877-423f-9beb-55f3fc936f7b.rna_seq.augmented_star_gene_counts.tsv	ee45449f-d563-4483-9d62-802431ab087f	Transcriptome Profiling	gene_expression	Illumina	4243103	2021-12-13T22:19:02.315943-06:00	3e74ce602a93a4ee166d3e68b30f6485	2024-07-30T09:49:54.038021-05:00	3e0cc1e4-0882-4e9b-9373-34bcbce097d7	Gene Expression Quantification	released	RNA-Seq	1	32.0 - 46.0	TCGA-BRCA	5d2bb4f0-dd32-416f-a806-5db951a063e2	released	d9a1fa44-0877-423f-9beb-55f3fc936f7b_star__counts	https://github.com/NCI-GDC/gdc-rnaseq-cwl/blob/5d8c131bbff59fb0c969217fc1d44e6d1503cd1f/rnaseq-star-align/star2pass.rnaseq_harmonization.cwl	STAR - Counts	5d8c131bbff59fb0c969217fc1d44e6d1503cd1f	Primary Tumor	NA	TCGA-AO-A125	TCGA-AO-A125-01A
56081713-6249-4a3f-8498-277e688d1ec9	TSV	TCGA-BH-A1FR-01A-11R-A13Q-07	open	db5f53f3-6438-4f23-9683-ee16244d98b9.rna_seq.augmented_star_gene_counts.tsv	70a6f6a5-e525-4e03-aacd-dd1289a40c5b	Transcriptome Profiling	gene_expression	Illumina	4235320	2021-12-13T22:22:50.168904-06:00	1043776be882618cf2b98f835d658bb4	2024-07-30T09:55:23.531327-05:00	56081713-6249-4a3f-8498-277e688d1ec9	Gene Expression Quantification	released	RNA-Seq	1	32.0 - 46.0	TCGA-BRCA	b61dd91e-d124-4a5e-9372-192dfa4fb882	released	db5f53f3-6438-4f23-9683-ee16244d98b9_star__counts	https://github.com/NCI-GDC/gdc-rnaseq-cwl/blob/5d8c131bbff59fb0c969217fc1d44e6d1503cd1f/rnaseq-star-align/star2pass.rnaseq_harmonization.cwl	STAR - Counts	5d8c131bbff59fb0c969217fc1d44e6d1503cd1f	Primary Tumor	NA	TCGA-BH-A1FR	TCGA-BH-A1FR-01A
893122aa-117b-49a4-a81c-1229dde4d78a	TSV	TCGA-BH-A42U-01A-12R-A24H-07	open	42cc31fb-3bc2-4d21-b821-2d05aca800e7.rna_seq.augmented_star_gene_counts.tsv	e49ac26d-55db-4599-821d-99580b03540d	Transcriptome Profiling	gene_expression	Illumina	4254297	2021-12-13T22:04:44.847418-06:00	eb00b726d03006522e9388c80dfc3647	2024-07-30T09:36:43.565369-05:00	893122aa-117b-49a4-a81c-1229dde4d78a	Gene Expression Quantification	released	RNA-Seq	1	32.0 - 46.0	TCGA-BRCA	8920af64-60ea-4d06-9169-ecb3474f3927	released	42cc31fb-3bc2-4d21-b821-2d05aca800e7_star__counts	https://github.com/NCI-GDC/gdc-rnaseq-cwl/blob/5d8c131bbff59fb0c969217fc1d44e6d1503cd1f/rnaseq-star-align/star2pass.rnaseq_harmonization.cwl	STAR - Counts	5d8c131bbff59fb0c969217fc1d44e6d1503cd1f	Primary Tumor	NA	TCGA-BH-A42U	TCGA-BH-A42U-01A
892928f7-8239-4d15-812b-046f9192d7de	TSV	TCGA-C8-A12O-01A-11R-A115-07	open	0d6fbefe-4e21-4762-a476-9c899d4a94b7.rna_seq.augmented_star_gene_counts.tsv	035e466a-3f5f-45b2-99fe-5297c8fb76df	Transcriptome Profiling	gene_expression	Illumina	4245106	2021-12-13T22:21:53.666177-06:00	14a4b85930a0c777f201c7016bf0f9d7	2024-07-30T09:20:16.167397-05:00	892928f7-8239-4d15-812b-046f9192d7de	Gene Expression Quantification	released	RNA-Seq	1	32.0 - 46.0	TCGA-BRCA	ea0b66e0-c73e-4001-8f77-af8aafd632cb	released	0d6fbefe-4e21-4762-a476-9c899d4a94b7_star__counts	https://github.com/NCI-GDC/gdc-rnaseq-cwl/blob/5d8c131bbff59fb0c969217fc1d44e6d1503cd1f/rnaseq-star-align/star2pass.rnaseq_harmonization.cwl	STAR - Counts	5d8c131bbff59fb0c969217fc1d44e6d1503cd1f	Primary Tumor	NA	TCGA-C8-A12O	TCGA-C8-A12O-01A
270356b5-f258-49b3-a850-16ea88ec6c76	TSV	TCGA-A7-A13H-01A-11R-A22K-07	open	5c0aa745-6bad-4f9c-901b-5f0a0277b12d.rna_seq.augmented_star_gene_counts.tsv	419e7118-7b3f-4678-8ae7-a705b7b69c13	Transcriptome Profiling	gene_expression	Illumina	4255432	2021-12-13T22:24:06.964566-06:00	9713fe7131b56cea6b199097669d4c3b	2024-07-30T09:30:47.021468-05:00	270356b5-f258-49b3-a850-16ea88ec6c76	Gene Expression Quantification	released	RNA-Seq	1	32.0 - 46.0	TCGA-BRCA	4135bd04-aa99-4c82-be58-254d4d5b390f	released	5c0aa745-6bad-4f9c-901b-5f0a0277b12d_star__counts	https://github.com/NCI-GDC/gdc-rnaseq-cwl/blob/5d8c131bbff59fb0c969217fc1d44e6d1503cd1f/rnaseq-star-align/star2pass.rnaseq_harmonization.cwl	STAR - Counts	5d8c131bbff59fb0c969217fc1d44e6d1503cd1f	Primary Tumor	NA	TCGA-A7-A13H	TCGA-A7-A13H-01A
5e863e9f-1449-4a38-ac00-cfd7c21ba6e2	TSV	TCGA-AC-A3W5-01A-11R-A22K-07	open	fe379cd5-d51b-44b3-9adf-49e2cc3b0bf5.rna_seq.augmented_star_gene_counts.tsv	e8da4b36-60be-453c-b2c7-6ac273039396	Transcriptome Profiling	gene_expression	Illumina	4244520	2021-12-13T22:01:06.748946-06:00	45f318c7a3c7477f37455da25d754983	2024-07-30T09:34:39.292195-05:00	5e863e9f-1449-4a38-ac00-cfd7c21ba6e2	Gene Expression Quantification	released	RNA-Seq	1	32.0 - 46.0	TCGA-BRCA	f17f4197-78a7-4764-8dc4-e62559b02b42	released	fe379cd5-d51b-44b3-9adf-49e2cc3b0bf5_star__counts	https://github.com/NCI-GDC/gdc-rnaseq-cwl/blob/5d8c131bbff59fb0c969217fc1d44e6d1503cd1f/rnaseq-star-align/star2pass.rnaseq_harmonization.cwl	STAR - Counts	5d8c131bbff59fb0c969217fc1d44e6d1503cd1f	Primary Tumor	NA	TCGA-AC-A3W5	TCGA-AC-A3W5-01A
24c5fcbb-019c-4636-813b-0b9d4d1d9501	TSV	TCGA-A2-A0EM-01A-11R-A034-07	open	ca823082-ede5-4bfd-8498-7e492f39bcd6.rna_seq.augmented_star_gene_counts.tsv	17f4aec3-f94e-4485-8c26-750a1121ab36	Transcriptome Profiling	gene_expression	Illumina	4238873	2021-12-13T22:43:23.921820-06:00	cdd0149b45ca6b3aa96ca09f39f2ff5f	2024-07-30T09:18:14.614492-05:00	24c5fcbb-019c-4636-813b-0b9d4d1d9501	Gene Expression Quantification	released	RNA-Seq	1	32.0 - 46.0	TCGA-BRCA	625c6bde-80f9-458e-828c-0554c65703a7	released	ca823082-ede5-4bfd-8498-7e492f39bcd6_star__counts	https://github.com/NCI-GDC/gdc-rnaseq-cwl/blob/5d8c131bbff59fb0c969217fc1d44e6d1503cd1f/rnaseq-star-align/star2pass.rnaseq_harmonization.cwl	STAR - Counts	5d8c131bbff59fb0c969217fc1d44e6d1503cd1f	Primary Tumor	NA	TCGA-A2-A0EM	TCGA-A2-A0EM-01A
4b8ef410-8612-4c64-839f-47770deba446	TSV	TCGA-A7-A4SD-01A-11R-A266-07	open	9e785594-f00c-4805-8901-66c73fe2588d.rna_seq.augmented_star_gene_counts.tsv	1c04ae13-48aa-4f76-9076-e1a53c66dfdd	Transcriptome Profiling	gene_expression	Illumina	4234909	2021-12-13T21:57:10.431039-06:00	4ad7534633ecd0eba1d29789cc76444f	2024-07-30T10:00:38.178741-05:00	4b8ef410-8612-4c64-839f-47770deba446	Gene Expression Quantification	released	RNA-Seq	1	32.0 - 46.0	TCGA-BRCA	d009667e-e0ef-42fa-bd39-94f15b232ddb	released	9e785594-f00c-4805-8901-66c73fe2588d_star__counts	https://github.com/NCI-GDC/gdc-rnaseq-cwl/blob/5d8c131bbff59fb0c969217fc1d44e6d1503cd1f/rnaseq-star-align/star2pass.rnaseq_harmonization.cwl	STAR - Counts	5d8c131bbff59fb0c969217fc1d44e6d1503cd1f	Primary Tumor	NA	TCGA-A7-A4SD	TCGA-A7-A4SD-01A
7cf427fc-2c7c-434b-84c5-9ea118da110f	TSV	TCGA-BH-A1ET-01A-11R-A137-07	open	75e67bb5-098c-4b48-8f5d-badc72dc4c47.rna_seq.augmented_star_gene_counts.tsv	74920d50-1f41-4153-bba4-2407e2ea3646	Transcriptome Profiling	gene_expression	Illumina	4260880	2021-12-13T21:48:36.029129-06:00	aba7b7733a9c7345c35a32119fbcedff	2024-07-30T09:34:15.018042-05:00	7cf427fc-2c7c-434b-84c5-9ea118da110f	Gene Expression Quantification	released	RNA-Seq	1	32.0 - 46.0	TCGA-BRCA	e346824b-0299-4155-85cc-5321e85ae9fc	released	75e67bb5-098c-4b48-8f5d-badc72dc4c47_star__counts	quay.io/ncigdc	STAR - Counts	470801dfbc085958058a5b50518e4f3a5e4721c3	Primary Tumor	NA	TCGA-BH-A1ET	TCGA-BH-A1ET-01A
9d535d7d-0fff-4134-be8f-daa6d687a48c	TSV	TCGA-OL-A5DA-01A-11R-A27Q-07	open	11d450a3-4578-4444-8ddf-613b5868b683.rna_seq.augmented_star_gene_counts.tsv	e588b8ac-6881-4b13-9116-01571dcba196	Transcriptome Profiling	gene_expression	Illumina	4242665	2021-12-13T22:26:05.266679-06:00	a1569f872d3689571945946868bb817e	2024-07-30T09:36:25.058890-05:00	9d535d7d-0fff-4134-be8f-daa6d687a48c	Gene Expression Quantification	released	RNA-Seq	1	32.0 - 46.0	TCGA-BRCA	c354b8b0-e0b0-4dc9-899c-de916871aa50	released	11d450a3-4578-4444-8ddf-613b5868b683_star__counts	https://github.com/NCI-GDC/gdc-rnaseq-cwl/blob/5d8c131bbff59fb0c969217fc1d44e6d1503cd1f/rnaseq-star-align/star2pass.rnaseq_harmonization.cwl	STAR - Counts	5d8c131bbff59fb0c969217fc1d44e6d1503cd1f	Primary Tumor	NA	TCGA-OL-A5DA	TCGA-OL-A5DA-01A
82d46633-2eea-4b43-81b6-addab4f069b4	TSV	TCGA-AN-A0FK-01A-11R-A034-07	open	7fa3f262-b786-4b89-b38f-505bff13c382.rna_seq.augmented_star_gene_counts.tsv	261aefa5-8ba3-4ae9-9074-a2ea69c9cd84	Transcriptome Profiling	gene_expression	Illumina	4234184	2021-12-13T21:52:26.517429-06:00	77b800374a711f33a1970fc5481c8d52	2024-07-30T09:32:15.885418-05:00	82d46633-2eea-4b43-81b6-addab4f069b4	Gene Expression Quantification	released	RNA-Seq	1	32.0 - 46.0	TCGA-BRCA	1e0f5eff-4264-46f3-9ab5-d4041a45d78e	released	7fa3f262-b786-4b89-b38f-505bff13c382_star__counts	https://github.com/NCI-GDC/gdc-rnaseq-cwl/blob/5d8c131bbff59fb0c969217fc1d44e6d1503cd1f/rnaseq-star-align/star2pass.rnaseq_harmonization.cwl	STAR - Counts	5d8c131bbff59fb0c969217fc1d44e6d1503cd1f	Primary Tumor	NA	TCGA-AN-A0FK	TCGA-AN-A0FK-01A
3841a099-bf19-4891-9b12-5db1d699e922	TSV	TCGA-AO-A126-01A-11R-A10J-07	open	c2628a29-fe4e-493b-a324-ed402ad54a26.rna_seq.augmented_star_gene_counts.tsv	f66f6915-73d5-4631-96de-d600517afc01	Transcriptome Profiling	gene_expression	Illumina	4240619	2021-12-13T22:00:30.120848-06:00	c1071c81a64de7e50987ae97584c5f38	2024-07-30T09:39:13.861226-05:00	3841a099-bf19-4891-9b12-5db1d699e922	Gene Expression Quantification	released	RNA-Seq	1	32.0 - 46.0	TCGA-BRCA	6a8ac57e-2463-45bd-9a76-813a74c8f533	released	c2628a29-fe4e-493b-a324-ed402ad54a26_star__counts	https://github.com/NCI-GDC/gdc-rnaseq-cwl/blob/5d8c131bbff59fb0c969217fc1d44e6d1503cd1f/rnaseq-star-align/star2pass.rnaseq_harmonization.cwl	STAR - Counts	5d8c131bbff59fb0c969217fc1d44e6d1503cd1f	Primary Tumor	NA	TCGA-AO-A126	TCGA-AO-A126-01A
519039a7-141e-4367-a6eb-e9307136daf3	TSV	TCGA-BH-A0HB-01A-11R-A056-07	open	4b9da1a6-923c-4bc8-922a-620ac43e6f9b.rna_seq.augmented_star_gene_counts.tsv	79caca76-0674-4040-8f7c-bf46cf8c180a	Transcriptome Profiling	gene_expression	Illumina	4231473	2021-12-13T22:27:38.324622-06:00	729e7af0119b527eeeacfbce749d4b51	2024-07-30T09:34:06.579403-05:00	519039a7-141e-4367-a6eb-e9307136daf3	Gene Expression Quantification	released	RNA-Seq	1	32.0 - 46.0	TCGA-BRCA	053f9234-a437-471b-a93e-acd0f060d6ae	released	4b9da1a6-923c-4bc8-922a-620ac43e6f9b_star__counts	https://github.com/NCI-GDC/gdc-rnaseq-cwl/blob/5d8c131bbff59fb0c969217fc1d44e6d1503cd1f/rnaseq-star-align/star2pass.rnaseq_harmonization.cwl	STAR - Counts	5d8c131bbff59fb0c969217fc1d44e6d1503cd1f	Primary Tumor	NA	TCGA-BH-A0HB	TCGA-BH-A0HB-01A
fcb1b40a-85c0-498c-881e-7161edcf39e6	TSV	TCGA-BH-A0DD-01A-31R-A12P-07	open	fd98106a-a2c6-4f23-86f5-66436c2501e5.rna_seq.augmented_star_gene_counts.tsv	fe769a47-a1a9-47f3-a37d-4da44bbe2c5a	Transcriptome Profiling	gene_expression	Illumina	4243662	2021-12-13T22:20:10.883584-06:00	6e4e99a683d5e4a8cacb99f886093b31	2024-07-30T08:51:40.144076-05:00	fcb1b40a-85c0-498c-881e-7161edcf39e6	Gene Expression Quantification	released	RNA-Seq	1	32.0 - 46.0	TCGA-BRCA	eee64f68-bb40-4873-a447-2fc1ad05dc3a	released	fd98106a-a2c6-4f23-86f5-66436c2501e5_star__counts	https://github.com/NCI-GDC/gdc-rnaseq-cwl/blob/5d8c131bbff59fb0c969217fc1d44e6d1503cd1f/rnaseq-star-align/star2pass.rnaseq_harmonization.cwl	STAR - Counts	5d8c131bbff59fb0c969217fc1d44e6d1503cd1f	Primary Tumor	NA	TCGA-BH-A0DD	TCGA-BH-A0DD-01A
235a9719-23a6-48b5-bbb1-248dbec23a35	TSV	TCGA-B6-A1KN-01A-11R-A13Q-07	open	689ba70a-9664-459e-aee5-fd16b3b993a8.rna_seq.augmented_star_gene_counts.tsv	540d7050-87cf-4b3b-824b-09b745e10870	Transcriptome Profiling	gene_expression	Illumina	4254207	2021-12-13T22:12:42.593951-06:00	badbf636bc79ab9becba0bca43568258	2024-07-30T09:55:50.524987-05:00	235a9719-23a6-48b5-bbb1-248dbec23a35	Gene Expression Quantification	released	RNA-Seq	1	32.0 - 46.0	TCGA-BRCA	91166710-63af-4216-895f-0e33dcb95aa5	released	689ba70a-9664-459e-aee5-fd16b3b993a8_star__counts	https://github.com/NCI-GDC/gdc-rnaseq-cwl/blob/5d8c131bbff59fb0c969217fc1d44e6d1503cd1f/rnaseq-star-align/star2pass.rnaseq_harmonization.cwl	STAR - Counts	5d8c131bbff59fb0c969217fc1d44e6d1503cd1f	Primary Tumor	NA	TCGA-B6-A1KN	TCGA-B6-A1KN-01A
b2fdef29-2c03-4aaf-bac8-2e1e5d07333b	TSV	TCGA-A7-A26H-01A-11R-A169-07	open	7acbca97-f38d-4da8-8d82-53a8eb0a43ef.rna_seq.augmented_star_gene_counts.tsv	eceee0a7-db58-4163-8c09-fcf8da3691a8	Transcriptome Profiling	gene_expression	Illumina	4259735	2021-12-13T22:24:46.825279-06:00	1e01ba0f5293026a3851fb3be2ab83e5	2024-07-30T10:04:14.461071-05:00	b2fdef29-2c03-4aaf-bac8-2e1e5d07333b	Gene Expression Quantification	released	RNA-Seq	1	32.0 - 46.0	TCGA-BRCA	dd80d2d7-6f16-4759-b68c-9385329f922c	released	7acbca97-f38d-4da8-8d82-53a8eb0a43ef_star__counts	https://github.com/NCI-GDC/gdc-rnaseq-cwl/blob/5d8c131bbff59fb0c969217fc1d44e6d1503cd1f/rnaseq-star-align/star2pass.rnaseq_harmonization.cwl	STAR - Counts	5d8c131bbff59fb0c969217fc1d44e6d1503cd1f	Primary Tumor	NA	TCGA-A7-A26H	TCGA-A7-A26H-01A
4bfe1281-919d-47ee-afc7-2b373b113674	TSV	TCGA-E2-A1IK-01A-11R-A144-07	open	a615ef14-a590-45b2-91c9-74a3cae19619.rna_seq.augmented_star_gene_counts.tsv	85c604d5-9aea-488b-9353-4cfacd7bcbc3	Transcriptome Profiling	gene_expression	Illumina	4227208	2021-12-13T22:15:09.893991-06:00	69d32a6b0b96593c31fba443d0fa2455	2024-07-30T09:53:10.287638-05:00	4bfe1281-919d-47ee-afc7-2b373b113674	Gene Expression Quantification	released	RNA-Seq	1	32.0 - 46.0	TCGA-BRCA	22eeaf6f-4eb6-4eb0-90a8-52f26b914b75	released	a615ef14-a590-45b2-91c9-74a3cae19619_star__counts	https://github.com/NCI-GDC/gdc-rnaseq-cwl/blob/5d8c131bbff59fb0c969217fc1d44e6d1503cd1f/rnaseq-star-align/star2pass.rnaseq_harmonization.cwl	STAR - Counts	5d8c131bbff59fb0c969217fc1d44e6d1503cd1f	Primary Tumor	NA	TCGA-E2-A1IK	TCGA-E2-A1IK-01A
e8d97ce6-190e-4189-a148-5a8d9f4215c3	TSV	TCGA-C8-A26Y-01A-11R-A16F-07	open	d244c9fe-f289-417a-af42-85591ef4fdc6.rna_seq.augmented_star_gene_counts.tsv	20ae45b4-fa45-4ebe-9701-3c2b48b9c4c9	Transcriptome Profiling	gene_expression	Illumina	4254733	2021-12-13T22:34:12.487942-06:00	b0061c25b8e11531dad5283e963cd1ca	2024-07-30T09:47:22.325869-05:00	e8d97ce6-190e-4189-a148-5a8d9f4215c3	Gene Expression Quantification	released	RNA-Seq	1	32.0 - 46.0	TCGA-BRCA	3ad7e142-318d-4714-958e-162edd7989d1	released	d244c9fe-f289-417a-af42-85591ef4fdc6_star__counts	https://github.com/NCI-GDC/gdc-rnaseq-cwl/blob/5d8c131bbff59fb0c969217fc1d44e6d1503cd1f/rnaseq-star-align/star2pass.rnaseq_harmonization.cwl	STAR - Counts	5d8c131bbff59fb0c969217fc1d44e6d1503cd1f	Primary Tumor	NA	TCGA-C8-A26Y	TCGA-C8-A26Y-01A
fad07753-c9c6-4eba-8f43-09740bff6d69	TSV	TCGA-D8-A1JI-01A-11R-A13Q-07	open	4e3fbf45-1a73-437b-8d85-29aa0c8ac6b0.rna_seq.augmented_star_gene_counts.tsv	0ea20458-cd5f-423f-92c1-8341ecaf860b	Transcriptome Profiling	gene_expression	Illumina	4237457	2021-12-13T22:25:31.940525-06:00	5e5fe7699c7ffcd79fbbdf2dc129ca63	2024-07-30T09:35:01.462837-05:00	fad07753-c9c6-4eba-8f43-09740bff6d69	Gene Expression Quantification	released	RNA-Seq	1	32.0 - 46.0	TCGA-BRCA	eccb5685-f7a4-43ce-9515-820e3f1e56a1	released	4e3fbf45-1a73-437b-8d85-29aa0c8ac6b0_star__counts	https://github.com/NCI-GDC/gdc-rnaseq-cwl/blob/5d8c131bbff59fb0c969217fc1d44e6d1503cd1f/rnaseq-star-align/star2pass.rnaseq_harmonization.cwl	STAR - Counts	5d8c131bbff59fb0c969217fc1d44e6d1503cd1f	Primary Tumor	NA	TCGA-D8-A1JI	TCGA-D8-A1JI-01A
0ca579b1-763e-4f6a-a071-c6514aaa2f11	TSV	TCGA-BH-A0GY-01A-11R-A056-07	open	c93e78f6-1c35-4139-a6b4-c29c229c8b68.rna_seq.augmented_star_gene_counts.tsv	de9e3339-f3ab-4ca8-aad6-be4d3836600a	Transcriptome Profiling	gene_expression	Illumina	4236576	2021-12-13T22:41:58.486033-06:00	6816116932986d6d9aff0515bdbed971	2024-07-30T09:44:42.178783-05:00	0ca579b1-763e-4f6a-a071-c6514aaa2f11	Gene Expression Quantification	released	RNA-Seq	1	32.0 - 46.0	TCGA-BRCA	c1e114c1-91f6-4443-9291-922a39f71092	released	c93e78f6-1c35-4139-a6b4-c29c229c8b68_star__counts	https://github.com/NCI-GDC/gdc-rnaseq-cwl/blob/5d8c131bbff59fb0c969217fc1d44e6d1503cd1f/rnaseq-star-align/star2pass.rnaseq_harmonization.cwl	STAR - Counts	5d8c131bbff59fb0c969217fc1d44e6d1503cd1f	Primary Tumor	NA	TCGA-BH-A0GY	TCGA-BH-A0GY-01A
e38111a3-54f9-4229-8803-fc74e0c12c55	TSV	TCGA-A1-A0SM-01A-11R-A084-07	open	d77c2ca5-196a-4426-84e4-0ffa4a3667ef.rna_seq.augmented_star_gene_counts.tsv	ee53fa23-16e8-4115-97f5-aaffe83cfeb6	Transcriptome Profiling	gene_expression	Illumina	4245152	2021-12-13T21:49:55.830004-06:00	0de10d3ea43407f7502a0d1ba22e05a4	2024-07-30T10:01:43.634636-05:00	e38111a3-54f9-4229-8803-fc74e0c12c55	Gene Expression Quantification	released	RNA-Seq	1	32.0 - 46.0	TCGA-BRCA	1c20f4b6-35d1-47e1-a01b-e774554f1cb8	released	d77c2ca5-196a-4426-84e4-0ffa4a3667ef_star__counts	https://github.com/NCI-GDC/gdc-rnaseq-cwl/blob/5d8c131bbff59fb0c969217fc1d44e6d1503cd1f/rnaseq-star-align/star2pass.rnaseq_harmonization.cwl	STAR - Counts	5d8c131bbff59fb0c969217fc1d44e6d1503cd1f	Primary Tumor	NA	TCGA-A1-A0SM	TCGA-A1-A0SM-01A
0682b5b9-8529-4152-b6f9-1a13180eedee	TSV	TCGA-D8-A3Z6-01A-11R-A239-07	open	d5066dc8-74bb-415a-84aa-9f74b61faa20.rna_seq.augmented_star_gene_counts.tsv	f123e0b6-4cff-4c80-9b01-b2a7d73934ff	Transcriptome Profiling	gene_expression	Illumina	4248081	2021-12-13T21:45:58.333763-06:00	ccd83c23e5bf9b02d92a83681d3d1204	2024-07-30T09:56:42.346080-05:00	0682b5b9-8529-4152-b6f9-1a13180eedee	Gene Expression Quantification	released	RNA-Seq	1	32.0 - 46.0	TCGA-BRCA	5aa82a1b-b5ca-497d-a96c-bef388b96264	released	d5066dc8-74bb-415a-84aa-9f74b61faa20_star__counts	https://github.com/NCI-GDC/gdc-rnaseq-cwl/blob/5d8c131bbff59fb0c969217fc1d44e6d1503cd1f/rnaseq-star-align/star2pass.rnaseq_harmonization.cwl	STAR - Counts	5d8c131bbff59fb0c969217fc1d44e6d1503cd1f	Primary Tumor	NA	TCGA-D8-A3Z6	TCGA-D8-A3Z6-01A
3173d46f-7344-41e4-bd4c-027fe5b5ec06	TSV	TCGA-BH-A0DE-01A-11R-A115-07	open	876216c7-72a1-4b1e-bd2b-fcb125ca91ae.rna_seq.augmented_star_gene_counts.tsv	9246c71d-5e8b-4dc3-a87d-1fad841ad222	Transcriptome Profiling	gene_expression	Illumina	4243729	2021-12-13T22:25:46.660396-06:00	bfd0fe0c2be47325b564adfc2e6022c4	2024-07-30T10:07:02.480287-05:00	3173d46f-7344-41e4-bd4c-027fe5b5ec06	Gene Expression Quantification	released	RNA-Seq	1	32.0 - 46.0	TCGA-BRCA	1562ab3e-58da-49e1-83cf-75fbd98bc119	released	876216c7-72a1-4b1e-bd2b-fcb125ca91ae_star__counts	https://github.com/NCI-GDC/gdc-rnaseq-cwl/blob/5d8c131bbff59fb0c969217fc1d44e6d1503cd1f/rnaseq-star-align/star2pass.rnaseq_harmonization.cwl	STAR - Counts	5d8c131bbff59fb0c969217fc1d44e6d1503cd1f	Primary Tumor	NA	TCGA-BH-A0DE	TCGA-BH-A0DE-01A
8256e097-4476-4906-a5c5-c9da288a363a	TSV	TCGA-B6-A0RP-01A-21R-A084-07	open	1a112735-ff30-4c94-953f-444ccad2afe2.rna_seq.augmented_star_gene_counts.tsv	f432a479-2ef2-4c82-8c08-f87fc422cc32	Transcriptome Profiling	gene_expression	Illumina	4251168	2021-12-13T22:36:06.654661-06:00	207573464e83e59b46a1943654e96e82	2024-07-30T09:33:39.055627-05:00	8256e097-4476-4906-a5c5-c9da288a363a	Gene Expression Quantification	released	RNA-Seq	1	32.0 - 46.0	TCGA-BRCA	37ec3c66-a1e0-4fca-8224-0ce20a0b8b33	released	1a112735-ff30-4c94-953f-444ccad2afe2_star__counts	https://github.com/NCI-GDC/gdc-rnaseq-cwl/blob/5d8c131bbff59fb0c969217fc1d44e6d1503cd1f/rnaseq-star-align/star2pass.rnaseq_harmonization.cwl	STAR - Counts	5d8c131bbff59fb0c969217fc1d44e6d1503cd1f	Primary Tumor	NA	TCGA-B6-A0RP	TCGA-B6-A0RP-01A
0a7dc8b9-4196-41d3-ada1-a50cb36bfd2b	TSV	TCGA-WT-AB44-01A-11R-A41B-07	open	3c9c665e-9327-45f0-b412-224e8948deb2.rna_seq.augmented_star_gene_counts.tsv	453b8a21-63a7-4d57-be3f-b47075d7112f	Transcriptome Profiling	gene_expression	Illumina	4215648	2021-12-13T22:03:55.969722-06:00	5779c48c20b3437d035b22ac1b7e14b0	2024-07-30T09:47:58.873285-05:00	0a7dc8b9-4196-41d3-ada1-a50cb36bfd2b	Gene Expression Quantification	released	RNA-Seq	1	32.0 - 46.0	TCGA-BRCA	3994e631-9618-4051-8ebd-e6605233c060	released	3c9c665e-9327-45f0-b412-224e8948deb2_star__counts	https://github.com/NCI-GDC/gdc-rnaseq-cwl/blob/5d8c131bbff59fb0c969217fc1d44e6d1503cd1f/rnaseq-star-align/star2pass.rnaseq_harmonization.cwl	STAR - Counts	5d8c131bbff59fb0c969217fc1d44e6d1503cd1f	Primary Tumor	NA	TCGA-WT-AB44	TCGA-WT-AB44-01A
e58f3dde-82f6-4a5d-9909-8f5659a26915	TSV	TCGA-BH-A8G0-01A-11R-A352-07	open	9bf53a64-2c24-4cf7-8419-f57b1936aa8c.rna_seq.augmented_star_gene_counts.tsv	0cfa73fc-2382-40bb-b03c-1ea79bcd84de	Transcriptome Profiling	gene_expression	Illumina	4244837	2021-12-13T22:42:54.945841-06:00	9d68f0147528eb1f3375aa9056713864	2024-07-30T10:00:06.170243-05:00	e58f3dde-82f6-4a5d-9909-8f5659a26915	Gene Expression Quantification	released	RNA-Seq	1	32.0 - 46.0	TCGA-BRCA	62146ab0-134a-48a3-aa2d-de0d7d5ebba6	released	9bf53a64-2c24-4cf7-8419-f57b1936aa8c_star__counts	https://github.com/NCI-GDC/gdc-rnaseq-cwl/blob/5d8c131bbff59fb0c969217fc1d44e6d1503cd1f/rnaseq-star-align/star2pass.rnaseq_harmonization.cwl	STAR - Counts	5d8c131bbff59fb0c969217fc1d44e6d1503cd1f	Primary Tumor	NA	TCGA-BH-A8G0	TCGA-BH-A8G0-01A
6bd03014-d3b8-4cac-929b-af970321ae1f	TSV	TCGA-A2-A0T7-01A-21R-A084-07	open	8923da54-2f7c-4315-9fc2-a1d6502df55b.rna_seq.augmented_star_gene_counts.tsv	6d93977a-d5e6-43f8-ab9c-e4bc852c4981	Transcriptome Profiling	gene_expression	Illumina	4254304	2021-12-13T21:49:35.811789-06:00	77da35089b0637b99d0c6e65add16e6d	2024-07-30T09:46:06.681737-05:00	6bd03014-d3b8-4cac-929b-af970321ae1f	Gene Expression Quantification	released	RNA-Seq	1	32.0 - 46.0	TCGA-BRCA	e5f741e5-ea7c-4702-b8eb-5e6d058e9034	released	8923da54-2f7c-4315-9fc2-a1d6502df55b_star__counts	https://github.com/NCI-GDC/gdc-rnaseq-cwl/blob/5d8c131bbff59fb0c969217fc1d44e6d1503cd1f/rnaseq-star-align/star2pass.rnaseq_harmonization.cwl	STAR - Counts	5d8c131bbff59fb0c969217fc1d44e6d1503cd1f	Primary Tumor	NA	TCGA-A2-A0T7	TCGA-A2-A0T7-01A
bdf5a2b7-f9cb-4668-9687-1db0541bdfe4	TSV	TCGA-BH-A8FY-01A-11R-A36F-07	open	47750d31-987c-48bc-b5a2-4872eecb0ed0.rna_seq.augmented_star_gene_counts.tsv	0f3d086b-aa57-4f08-9b56-bc71810d45f8	Transcriptome Profiling	gene_expression	Illumina	4229748	2021-12-13T22:43:34.312078-06:00	f9d9bdb8257c6c88b6ba6d06d2210f0b	2024-07-30T09:39:46.942248-05:00	bdf5a2b7-f9cb-4668-9687-1db0541bdfe4	Gene Expression Quantification	released	RNA-Seq	1	32.0 - 46.0	TCGA-BRCA	fa53f807-994a-410c-9733-20158901c0c6	released	47750d31-987c-48bc-b5a2-4872eecb0ed0_star__counts	https://github.com/NCI-GDC/gdc-rnaseq-cwl/blob/5d8c131bbff59fb0c969217fc1d44e6d1503cd1f/rnaseq-star-align/star2pass.rnaseq_harmonization.cwl	STAR - Counts	5d8c131bbff59fb0c969217fc1d44e6d1503cd1f	Primary Tumor	NA	TCGA-BH-A8FY	TCGA-BH-A8FY-01A
82255740-abaa-47b3-9def-89b0673d1cfb	TSV	TCGA-AR-A0TQ-01A-11R-A084-07	open	4387a2a8-5011-44c4-8027-61d5ab3792a0.rna_seq.augmented_star_gene_counts.tsv	bd4e2fd6-0cf3-4ad9-a593-ae091f50fc21	Transcriptome Profiling	gene_expression	Illumina	4250811	2021-12-13T21:59:25.190328-06:00	b2c19c37398f8728128318cc6f59fd83	2024-07-30T09:35:13.797203-05:00	82255740-abaa-47b3-9def-89b0673d1cfb	Gene Expression Quantification	released	RNA-Seq	1	32.0 - 46.0	TCGA-BRCA	6bf0e966-010d-4ed6-a3f1-c5dae11aab60	released	4387a2a8-5011-44c4-8027-61d5ab3792a0_star__counts	https://github.com/NCI-GDC/gdc-rnaseq-cwl/blob/5d8c131bbff59fb0c969217fc1d44e6d1503cd1f/rnaseq-star-align/star2pass.rnaseq_harmonization.cwl	STAR - Counts	5d8c131bbff59fb0c969217fc1d44e6d1503cd1f	Primary Tumor	NA	TCGA-AR-A0TQ	TCGA-AR-A0TQ-01A
50260fba-c435-480a-9bb8-f2839ba499a4	TSV	TCGA-A7-A13E-11A-61R-A12P-07	open	1d390e7f-bbbb-45b5-9466-d199f19106b2.rna_seq.augmented_star_gene_counts.tsv	eb770c70-3246-4447-a3dc-3c6b8273a3e6	Transcriptome Profiling	gene_expression	Illumina	4235352	2021-12-13T22:32:42.063883-06:00	0a64750cfc68841be35cdbe416adf7f8	2024-07-30T10:05:17.160382-05:00	50260fba-c435-480a-9bb8-f2839ba499a4	Gene Expression Quantification	released	RNA-Seq	1	32.0 - 46.0	TCGA-BRCA	cc373113-6546-48ea-b2d4-4991796da351	released	1d390e7f-bbbb-45b5-9466-d199f19106b2_star__counts	https://github.com/NCI-GDC/gdc-rnaseq-cwl/blob/5d8c131bbff59fb0c969217fc1d44e6d1503cd1f/rnaseq-star-align/star2pass.rnaseq_harmonization.cwl	STAR - Counts	5d8c131bbff59fb0c969217fc1d44e6d1503cd1f	Solid Tissue Normal	NA	TCGA-A7-A13E	TCGA-A7-A13E-11A
cd9fd232-1d69-4ef0-911d-28130243994f	TSV	TCGA-AO-A0JM-01A-21R-A056-07	open	33debcbe-cd9a-422d-8214-68606f68ac5a.rna_seq.augmented_star_gene_counts.tsv	f2d06f62-1f11-4eb3-947d-a6103e1587c6	Transcriptome Profiling	gene_expression	Illumina	4225922	2021-12-13T22:01:21.038451-06:00	88a00a0ceed5fa0ca61668bd130a55ee	2024-07-30T09:22:23.680526-05:00	cd9fd232-1d69-4ef0-911d-28130243994f	Gene Expression Quantification	released	RNA-Seq	1	32.0 - 46.0	TCGA-BRCA	84c8fc43-50be-4731-80b0-306001cbd2bd	released	33debcbe-cd9a-422d-8214-68606f68ac5a_star__counts	https://github.com/NCI-GDC/gdc-rnaseq-cwl/blob/5d8c131bbff59fb0c969217fc1d44e6d1503cd1f/rnaseq-star-align/star2pass.rnaseq_harmonization.cwl	STAR - Counts	5d8c131bbff59fb0c969217fc1d44e6d1503cd1f	Primary Tumor	NA	TCGA-AO-A0JM	TCGA-AO-A0JM-01A
4e261db3-6727-49bc-8a2e-77a7a30b4fa7	TSV	TCGA-AC-A3QP-01A-11R-A22U-07	open	3a264c56-869b-4572-89d5-12894386a0de.rna_seq.augmented_star_gene_counts.tsv	308c68c3-e9c1-40a4-b29e-420d5d293b6f	Transcriptome Profiling	gene_expression	Illumina	4243123	2021-12-13T22:30:04.741191-06:00	ea2ecd06445ac7e05cc6e8e9dbcbaf1e	2024-07-30T09:29:46.175594-05:00	4e261db3-6727-49bc-8a2e-77a7a30b4fa7	Gene Expression Quantification	released	RNA-Seq	1	32.0 - 46.0	TCGA-BRCA	61c054d6-87d1-4c09-8d52-f8dfd4cd65cd	released	3a264c56-869b-4572-89d5-12894386a0de_star__counts	https://github.com/NCI-GDC/gdc-rnaseq-cwl/blob/5d8c131bbff59fb0c969217fc1d44e6d1503cd1f/rnaseq-star-align/star2pass.rnaseq_harmonization.cwl	STAR - Counts	5d8c131bbff59fb0c969217fc1d44e6d1503cd1f	Primary Tumor	NA	TCGA-AC-A3QP	TCGA-AC-A3QP-01A
31180222-da6e-4106-9b49-09be93d68138	TSV	TCGA-C8-A273-01A-11R-A16F-07	open	7289e7d5-65af-4d53-a4de-2691991d90d6.rna_seq.augmented_star_gene_counts.tsv	34b71aa7-233f-44a9-a442-0cf7803d8f41	Transcriptome Profiling	gene_expression	Illumina	4245219	2021-12-13T22:00:24.454738-06:00	2931bd7bc9dc967d508b0e68a39b7f62	2024-07-30T09:26:59.955078-05:00	31180222-da6e-4106-9b49-09be93d68138	Gene Expression Quantification	released	RNA-Seq	1	32.0 - 46.0	TCGA-BRCA	190d6b49-f939-457e-ada4-0cff576bbad3	released	7289e7d5-65af-4d53-a4de-2691991d90d6_star__counts	https://github.com/NCI-GDC/gdc-rnaseq-cwl/blob/5d8c131bbff59fb0c969217fc1d44e6d1503cd1f/rnaseq-star-align/star2pass.rnaseq_harmonization.cwl	STAR - Counts	5d8c131bbff59fb0c969217fc1d44e6d1503cd1f	Primary Tumor	NA	TCGA-C8-A273	TCGA-C8-A273-01A
a39defa6-87ec-4855-ab78-44f6b46152e1	TSV	TCGA-D8-A1XF-01A-11R-A14D-07	open	bf2a1913-2806-4b97-bcc6-e7038b900e15.rna_seq.augmented_star_gene_counts.tsv	825a29cd-2405-4167-94d0-f78bc0ff3063	Transcriptome Profiling	gene_expression	Illumina	4237891	2021-12-13T22:06:20.068023-06:00	03bea7e118b830719e5ed588d7beccc6	2024-07-30T10:01:30.144867-05:00	a39defa6-87ec-4855-ab78-44f6b46152e1	Gene Expression Quantification	released	RNA-Seq	1	32.0 - 46.0	TCGA-BRCA	8c33d83e-7c3a-48c9-8867-49eca435d751	released	bf2a1913-2806-4b97-bcc6-e7038b900e15_star__counts	https://github.com/NCI-GDC/gdc-rnaseq-cwl/blob/5d8c131bbff59fb0c969217fc1d44e6d1503cd1f/rnaseq-star-align/star2pass.rnaseq_harmonization.cwl	STAR - Counts	5d8c131bbff59fb0c969217fc1d44e6d1503cd1f	Primary Tumor	NA	TCGA-D8-A1XF	TCGA-D8-A1XF-01A
c2c7669c-0eea-48a8-add8-bd5ea3f9808f	TSV	TCGA-A8-A07P-01A-11R-A00Z-07	open	5dc7afc5-90d0-4286-a6f9-c2548f930e35.rna_seq.augmented_star_gene_counts.tsv	f396b79f-50e6-45d2-b568-f61e6a0fc613	Transcriptome Profiling	gene_expression	Illumina	4239348	2021-12-13T22:21:59.138662-06:00	b544c8d81d046220e74c935c74fe33c6	2024-07-30T09:56:44.679936-05:00	c2c7669c-0eea-48a8-add8-bd5ea3f9808f	Gene Expression Quantification	released	RNA-Seq	1	32.0 - 46.0	TCGA-BRCA	ad37b69d-1c68-4899-b10d-7ff3032f125e	released	5dc7afc5-90d0-4286-a6f9-c2548f930e35_star__counts	https://github.com/NCI-GDC/gdc-rnaseq-cwl/blob/5d8c131bbff59fb0c969217fc1d44e6d1503cd1f/rnaseq-star-align/star2pass.rnaseq_harmonization.cwl	STAR - Counts	5d8c131bbff59fb0c969217fc1d44e6d1503cd1f	Primary Tumor	NA	TCGA-A8-A07P	TCGA-A8-A07P-01A
e94ef671-995d-452b-bcbe-993e5b437a68	TSV	TCGA-AO-A0JG-01A-31R-A084-07	open	b29eda98-8a40-4c9f-ab41-7d6eded84d50.rna_seq.augmented_star_gene_counts.tsv	36443021-f22b-4684-a09b-2098c8bac0d5	Transcriptome Profiling	gene_expression	Illumina	4250093	2021-12-13T22:16:04.494882-06:00	0dd6ca0311af3841ac2d23f48ff7968f	2024-07-30T09:37:47.965527-05:00	e94ef671-995d-452b-bcbe-993e5b437a68	Gene Expression Quantification	released	RNA-Seq	1	32.0 - 46.0	TCGA-BRCA	cebbeffb-82c9-4a53-81ed-676b2dd06f88	released	b29eda98-8a40-4c9f-ab41-7d6eded84d50_star__counts	https://github.com/NCI-GDC/gdc-rnaseq-cwl/blob/5d8c131bbff59fb0c969217fc1d44e6d1503cd1f/rnaseq-star-align/star2pass.rnaseq_harmonization.cwl	STAR - Counts	5d8c131bbff59fb0c969217fc1d44e6d1503cd1f	Primary Tumor	NA	TCGA-AO-A0JG	TCGA-AO-A0JG-01A
416defdf-a4f7-4305-97ff-d3b3ebce672f	TSV	TCGA-AR-A251-01A-12R-A169-07	open	0dacd83e-7fab-4064-a25c-c1de66be5305.rna_seq.augmented_star_gene_counts.tsv	64ec5d3f-5d87-412a-bea8-12bd5503cb30	Transcriptome Profiling	gene_expression	Illumina	4271956	2021-12-13T21:45:51.561962-06:00	a8405509cfb54b25319fe935cc51021e	2024-07-30T09:55:56.355249-05:00	416defdf-a4f7-4305-97ff-d3b3ebce672f	Gene Expression Quantification	released	RNA-Seq	1	32.0 - 46.0	TCGA-BRCA	93aff532-197b-4e94-9620-43beea95e7d4	released	0dacd83e-7fab-4064-a25c-c1de66be5305_star__counts	https://github.com/NCI-GDC/gdc-rnaseq-cwl/blob/5d8c131bbff59fb0c969217fc1d44e6d1503cd1f/rnaseq-star-align/star2pass.rnaseq_harmonization.cwl	STAR - Counts	5d8c131bbff59fb0c969217fc1d44e6d1503cd1f	Primary Tumor	NA	TCGA-AR-A251	TCGA-AR-A251-01A
bf26a3fb-39a8-4eff-b801-a7dd915e73f5	TSV	TCGA-AO-A12G-01A-11R-A10J-07	open	01ae5613-1c58-4d02-8fd3-47d35d71c22d.rna_seq.augmented_star_gene_counts.tsv	a0a57c7a-9c6a-4842-a61c-eb2ab838e286	Transcriptome Profiling	gene_expression	Illumina	4233729	2021-12-13T22:34:07.153881-06:00	2ce655325db949c2399cb172a8e09a90	2024-07-30T09:40:09.781997-05:00	bf26a3fb-39a8-4eff-b801-a7dd915e73f5	Gene Expression Quantification	released	RNA-Seq	1	32.0 - 46.0	TCGA-BRCA	53a99023-4da2-44c8-b709-e6b5778303f4	released	01ae5613-1c58-4d02-8fd3-47d35d71c22d_star__counts	https://github.com/NCI-GDC/gdc-rnaseq-cwl/blob/5d8c131bbff59fb0c969217fc1d44e6d1503cd1f/rnaseq-star-align/star2pass.rnaseq_harmonization.cwl	STAR - Counts	5d8c131bbff59fb0c969217fc1d44e6d1503cd1f	Primary Tumor	NA	TCGA-AO-A12G	TCGA-AO-A12G-01A
f35ae5c7-6e88-410d-b86f-c5bdae11a5f4	TSV	TCGA-C8-A275-01A-21R-A16F-07	open	222dd9b5-4187-45b9-8cb1-fd16ba14425b.rna_seq.augmented_star_gene_counts.tsv	5291f08a-6a1b-41aa-aa8d-7419a865c27f	Transcriptome Profiling	gene_expression	Illumina	4247830	2021-12-13T22:28:13.821756-06:00	b02ae0928156a6d24256b65153d9b7f8	2024-07-30T09:34:37.944175-05:00	f35ae5c7-6e88-410d-b86f-c5bdae11a5f4	Gene Expression Quantification	released	RNA-Seq	1	32.0 - 46.0	TCGA-BRCA	fcf6e346-9e9c-4c76-be7c-5b413b002011	released	222dd9b5-4187-45b9-8cb1-fd16ba14425b_star__counts	https://github.com/NCI-GDC/gdc-rnaseq-cwl/blob/5d8c131bbff59fb0c969217fc1d44e6d1503cd1f/rnaseq-star-align/star2pass.rnaseq_harmonization.cwl	STAR - Counts	5d8c131bbff59fb0c969217fc1d44e6d1503cd1f	Primary Tumor	NA	TCGA-C8-A275	TCGA-C8-A275-01A
73aeda8d-ef07-4d3d-a0fc-643943dd046a	TSV	TCGA-BH-A0DH-01A-11R-A084-07	open	e97a2bf2-c5bd-4dbf-9940-450a8a99e9df.rna_seq.augmented_star_gene_counts.tsv	99df5740-97c5-4826-89ac-b44218072c32	Transcriptome Profiling	gene_expression	Illumina	4237805	2021-12-13T22:02:38.405563-06:00	ca1a4d3862621d92c68488cce0894cad	2024-07-30T09:36:16.006040-05:00	73aeda8d-ef07-4d3d-a0fc-643943dd046a	Gene Expression Quantification	released	RNA-Seq	1	32.0 - 46.0	TCGA-BRCA	a38bff31-2c44-4af7-bfaf-5407532beb77	released	e97a2bf2-c5bd-4dbf-9940-450a8a99e9df_star__counts	https://github.com/NCI-GDC/gdc-rnaseq-cwl/blob/5d8c131bbff59fb0c969217fc1d44e6d1503cd1f/rnaseq-star-align/star2pass.rnaseq_harmonization.cwl	STAR - Counts	5d8c131bbff59fb0c969217fc1d44e6d1503cd1f	Primary Tumor	NA	TCGA-BH-A0DH	TCGA-BH-A0DH-01A
36a42825-dbc2-4dff-828c-e5008207d254	TSV	TCGA-BH-A0HI-01A-11R-A084-07	open	66116a4d-210d-45f8-8dba-3f8c79566ecc.rna_seq.augmented_star_gene_counts.tsv	515c3f66-4792-46ac-b92d-5d284b2b1a7b	Transcriptome Profiling	gene_expression	Illumina	4239358	2021-12-13T22:27:57.588801-06:00	beff02c743a1fa3f13c674e45cbe0613	2024-07-30T09:57:22.014801-05:00	36a42825-dbc2-4dff-828c-e5008207d254	Gene Expression Quantification	released	RNA-Seq	1	32.0 - 46.0	TCGA-BRCA	58fbfebe-064a-4fbe-b3cf-9fa635aa0015	released	66116a4d-210d-45f8-8dba-3f8c79566ecc_star__counts	https://github.com/NCI-GDC/gdc-rnaseq-cwl/blob/5d8c131bbff59fb0c969217fc1d44e6d1503cd1f/rnaseq-star-align/star2pass.rnaseq_harmonization.cwl	STAR - Counts	5d8c131bbff59fb0c969217fc1d44e6d1503cd1f	Primary Tumor	NA	TCGA-BH-A0HI	TCGA-BH-A0HI-01A
0094f9d0-45ec-4aad-bca0-71c60bdd7113	TSV	TCGA-E9-A1R3-01A-31R-A14M-07	open	cafc9e36-c5f0-45df-ad03-16210ff0d870.rna_seq.augmented_star_gene_counts.tsv	3e9042cb-14f4-48db-b3df-6bc6858f6dfb	Transcriptome Profiling	gene_expression	Illumina	4256688	2021-12-13T21:57:47.923707-06:00	677b7158f3cd31cb41b2dbb0a7da13c9	2024-07-30T10:07:29.798158-05:00	0094f9d0-45ec-4aad-bca0-71c60bdd7113	Gene Expression Quantification	released	RNA-Seq	1	32.0 - 46.0	TCGA-BRCA	ff7ee414-a832-4723-a4df-55172b1fb23f	released	cafc9e36-c5f0-45df-ad03-16210ff0d870_star__counts	https://github.com/NCI-GDC/gdc-rnaseq-cwl/blob/5d8c131bbff59fb0c969217fc1d44e6d1503cd1f/rnaseq-star-align/star2pass.rnaseq_harmonization.cwl	STAR - Counts	5d8c131bbff59fb0c969217fc1d44e6d1503cd1f	Primary Tumor	NA	TCGA-E9-A1R3	TCGA-E9-A1R3-01A
e2b3728b-9827-4a13-b52c-caabd58f902e	TSV	TCGA-B6-A401-01A-11R-A239-07	open	b4b81763-61bc-469b-a048-eba733193262.rna_seq.augmented_star_gene_counts.tsv	395ca9ab-cfe6-4d76-99f9-1231cf8f603d	Transcriptome Profiling	gene_expression	Illumina	4255364	2021-12-13T21:56:57.604097-06:00	387a0251f69e5413090225d8198b598c	2024-07-30T10:01:20.208800-05:00	e2b3728b-9827-4a13-b52c-caabd58f902e	Gene Expression Quantification	released	RNA-Seq	1	32.0 - 46.0	TCGA-BRCA	fb3127d0-9aec-4d68-b836-86d4a36adc52	released	b4b81763-61bc-469b-a048-eba733193262_star__counts	https://github.com/NCI-GDC/gdc-rnaseq-cwl/blob/5d8c131bbff59fb0c969217fc1d44e6d1503cd1f/rnaseq-star-align/star2pass.rnaseq_harmonization.cwl	STAR - Counts	5d8c131bbff59fb0c969217fc1d44e6d1503cd1f	Primary Tumor	NA	TCGA-B6-A401	TCGA-B6-A401-01A
82fea6e8-7c6a-4575-bfcd-c164094538e6	TSV	TCGA-E9-A22D-01A-11R-A157-07	open	29ce926f-d72e-4064-8a7f-359d86cb9d11.rna_seq.augmented_star_gene_counts.tsv	0abcd3b7-18a2-4774-a834-beed937cfc32	Transcriptome Profiling	gene_expression	Illumina	4252678	2021-12-13T22:11:54.041075-06:00	402b7ab68b82eb47008bf8ef885bf8bd	2024-07-30T09:27:24.938448-05:00	82fea6e8-7c6a-4575-bfcd-c164094538e6	Gene Expression Quantification	released	RNA-Seq	1	32.0 - 46.0	TCGA-BRCA	a0c572c6-0808-4c19-8866-a99e1f44256b	released	29ce926f-d72e-4064-8a7f-359d86cb9d11_star__counts	https://github.com/NCI-GDC/gdc-rnaseq-cwl/blob/5d8c131bbff59fb0c969217fc1d44e6d1503cd1f/rnaseq-star-align/star2pass.rnaseq_harmonization.cwl	STAR - Counts	5d8c131bbff59fb0c969217fc1d44e6d1503cd1f	Primary Tumor	NA	TCGA-E9-A22D	TCGA-E9-A22D-01A
d1237195-a00b-4c52-86b3-4627c42eb14c	TSV	TCGA-A8-A07O-01A-11R-A00Z-07	open	b7c49a13-6b0f-411a-940e-b35c17818aaa.rna_seq.augmented_star_gene_counts.tsv	b1f6e64a-8763-4f18-bd05-23af6694ae0a	Transcriptome Profiling	gene_expression	Illumina	4244788	2021-12-13T22:11:08.223268-06:00	1f3748d7f5a668e0e052035860bc9297	2024-07-30T09:46:53.355230-05:00	d1237195-a00b-4c52-86b3-4627c42eb14c	Gene Expression Quantification	released	RNA-Seq	1	32.0 - 46.0	TCGA-BRCA	0102bd3a-7312-461e-abe4-f78a03fda97f	released	b7c49a13-6b0f-411a-940e-b35c17818aaa_star__counts	https://github.com/NCI-GDC/gdc-rnaseq-cwl/blob/5d8c131bbff59fb0c969217fc1d44e6d1503cd1f/rnaseq-star-align/star2pass.rnaseq_harmonization.cwl	STAR - Counts	5d8c131bbff59fb0c969217fc1d44e6d1503cd1f	Primary Tumor	NA	TCGA-A8-A07O	TCGA-A8-A07O-01A
dad6be14-a519-478d-9f53-122417453a0e	TSV	TCGA-MS-A51U-01A-31R-A266-07	open	5d96c14c-7c43-40a1-ba9a-b482a0ad00ee.rna_seq.augmented_star_gene_counts.tsv	b686e2be-fc52-43e6-8235-8a61868167a5	Transcriptome Profiling	gene_expression	Illumina	4240238	2021-12-13T22:26:22.525338-06:00	3409a321eb5472bb5abe6c3596ea0b6c	2024-07-30T09:27:18.777319-05:00	dad6be14-a519-478d-9f53-122417453a0e	Gene Expression Quantification	released	RNA-Seq	1	32.0 - 46.0	TCGA-BRCA	d21bef93-207d-4868-8ea3-adca3737be60	released	5d96c14c-7c43-40a1-ba9a-b482a0ad00ee_star__counts	https://github.com/NCI-GDC/gdc-rnaseq-cwl/blob/5d8c131bbff59fb0c969217fc1d44e6d1503cd1f/rnaseq-star-align/star2pass.rnaseq_harmonization.cwl	STAR - Counts	5d8c131bbff59fb0c969217fc1d44e6d1503cd1f	Primary Tumor	NA	TCGA-MS-A51U	TCGA-MS-A51U-01A
21836f98-cc95-46d3-8f40-6c9625f940ba	TSV	TCGA-LL-A6FQ-01A-11R-A31O-07	open	b6df0d7c-1c41-4b7d-8685-ce6fba4e7ab3.rna_seq.augmented_star_gene_counts.tsv	15a6dcc7-e65e-474f-a561-1794d26823e4	Transcriptome Profiling	gene_expression	Illumina	4228706	2021-12-13T21:47:38.198076-06:00	fc906144d7aabf338da29eb930f785be	2024-07-30T09:20:45.827117-05:00	21836f98-cc95-46d3-8f40-6c9625f940ba	Gene Expression Quantification	released	RNA-Seq	1	32.0 - 46.0	TCGA-BRCA	998d34ed-464a-4f48-92c2-8333ee5b7635	released	b6df0d7c-1c41-4b7d-8685-ce6fba4e7ab3_star__counts	https://github.com/NCI-GDC/gdc-rnaseq-cwl/blob/5d8c131bbff59fb0c969217fc1d44e6d1503cd1f/rnaseq-star-align/star2pass.rnaseq_harmonization.cwl	STAR - Counts	5d8c131bbff59fb0c969217fc1d44e6d1503cd1f	Primary Tumor	NA	TCGA-LL-A6FQ	TCGA-LL-A6FQ-01A
1d8697f1-4e89-4987-b26b-a29d791f19ca	TSV	TCGA-LL-A8F5-01A-11R-A36F-07	open	7d2b6ff4-8f35-41cf-b078-3e78d0b81800.rna_seq.augmented_star_gene_counts.tsv	5d692a85-a253-4a32-8aae-c9a61f69dcf4	Transcriptome Profiling	gene_expression	Illumina	4232606	2021-12-13T21:52:39.234441-06:00	fd3a1e9594e49324f9499fac9e31fcdf	2024-07-30T10:06:20.261442-05:00	1d8697f1-4e89-4987-b26b-a29d791f19ca	Gene Expression Quantification	released	RNA-Seq	1	32.0 - 46.0	TCGA-BRCA	f4ac0df4-98d1-46fe-bce8-ee411a24c087	released	7d2b6ff4-8f35-41cf-b078-3e78d0b81800_star__counts	https://github.com/NCI-GDC/gdc-rnaseq-cwl/blob/5d8c131bbff59fb0c969217fc1d44e6d1503cd1f/rnaseq-star-align/star2pass.rnaseq_harmonization.cwl	STAR - Counts	5d8c131bbff59fb0c969217fc1d44e6d1503cd1f	Primary Tumor	NA	TCGA-LL-A8F5	TCGA-LL-A8F5-01A
3253f315-5ea3-44fc-899f-f9e8f5b6fa96	TSV	TCGA-LL-A50Y-01A-11R-A266-07	open	01f6286b-8422-4f16-bec3-871c86396790.rna_seq.augmented_star_gene_counts.tsv	76c34011-b6da-4813-b3e4-0e22238ed1be	Transcriptome Profiling	gene_expression	Illumina	4229284	2021-12-13T21:46:08.643592-06:00	47ce58e09da2a59df3358137c045d0aa	2024-07-30T09:43:24.741045-05:00	3253f315-5ea3-44fc-899f-f9e8f5b6fa96	Gene Expression Quantification	released	RNA-Seq	1	32.0 - 46.0	TCGA-BRCA	ec7d8eaa-42f3-45cd-891e-8fa9ecaf5349	released	01f6286b-8422-4f16-bec3-871c86396790_star__counts	https://github.com/NCI-GDC/gdc-rnaseq-cwl/blob/5d8c131bbff59fb0c969217fc1d44e6d1503cd1f/rnaseq-star-align/star2pass.rnaseq_harmonization.cwl	STAR - Counts	5d8c131bbff59fb0c969217fc1d44e6d1503cd1f	Primary Tumor	NA	TCGA-LL-A50Y	TCGA-LL-A50Y-01A
55f42211-4119-40a3-b5e4-329e913ef910	TSV	TCGA-A2-A0YK-01A-22R-A109-07	open	9f5a0552-a0a1-4aa7-a32d-7a1951889cdd.rna_seq.augmented_star_gene_counts.tsv	f66bec5a-5364-4250-83f1-e6bf7b52ff9a	Transcriptome Profiling	gene_expression	Illumina	4252591	2021-12-13T22:34:27.475587-06:00	9265bbb3cc2685e8262ad2cc8a20d81b	2024-07-30T09:51:41.936452-05:00	55f42211-4119-40a3-b5e4-329e913ef910	Gene Expression Quantification	released	RNA-Seq	1	32.0 - 46.0	TCGA-BRCA	4080b6b4-62c5-4978-9305-02ae639f8fd8	released	9f5a0552-a0a1-4aa7-a32d-7a1951889cdd_star__counts	https://github.com/NCI-GDC/gdc-rnaseq-cwl/blob/5d8c131bbff59fb0c969217fc1d44e6d1503cd1f/rnaseq-star-align/star2pass.rnaseq_harmonization.cwl	STAR - Counts	5d8c131bbff59fb0c969217fc1d44e6d1503cd1f	Primary Tumor	NA	TCGA-A2-A0YK	TCGA-A2-A0YK-01A
de397789-9ff5-4cb0-be88-957477820714	TSV	TCGA-OL-A66J-01A-11R-A29R-07	open	e26295fd-369b-4cf0-98f3-939293cbe6e4.rna_seq.augmented_star_gene_counts.tsv	ec7db268-5b70-4895-998a-3c54ad2c06d9	Transcriptome Profiling	gene_expression	Illumina	4240105	2021-12-13T22:35:48.407813-06:00	fd69dd33a057395e81ff6bfa94236f52	2024-07-30T09:50:58.334627-05:00	de397789-9ff5-4cb0-be88-957477820714	Gene Expression Quantification	released	RNA-Seq	1	32.0 - 46.0	TCGA-BRCA	5acb6e3d-c4cf-4743-bba3-6e9257b8e8f5	released	e26295fd-369b-4cf0-98f3-939293cbe6e4_star__counts	https://github.com/NCI-GDC/gdc-rnaseq-cwl/blob/5d8c131bbff59fb0c969217fc1d44e6d1503cd1f/rnaseq-star-align/star2pass.rnaseq_harmonization.cwl	STAR - Counts	5d8c131bbff59fb0c969217fc1d44e6d1503cd1f	Primary Tumor	NA	TCGA-OL-A66J	TCGA-OL-A66J-01A
c7db3ef0-0440-4fcf-a18b-c70b3f88e327	TSV	TCGA-A8-A092-01A-11R-A00Z-07	open	fc801acd-4b1f-46e7-bc1e-47752fb08779.rna_seq.augmented_star_gene_counts.tsv	24668cef-cdca-437e-ae45-fe3851204c5d	Transcriptome Profiling	gene_expression	Illumina	4247125	2021-12-13T22:40:31.689462-06:00	faa9024b8f05713be3354580a33d283e	2024-07-30T10:07:44.474948-05:00	c7db3ef0-0440-4fcf-a18b-c70b3f88e327	Gene Expression Quantification	released	RNA-Seq	1	32.0 - 46.0	TCGA-BRCA	ec373fb2-b06d-4a7b-aadd-a72e95555c4c	released	fc801acd-4b1f-46e7-bc1e-47752fb08779_star__counts	https://github.com/NCI-GDC/gdc-rnaseq-cwl/blob/5d8c131bbff59fb0c969217fc1d44e6d1503cd1f/rnaseq-star-align/star2pass.rnaseq_harmonization.cwl	STAR - Counts	5d8c131bbff59fb0c969217fc1d44e6d1503cd1f	Primary Tumor	NA	TCGA-A8-A092	TCGA-A8-A092-01A
18340589-696e-4f56-80c2-dc7d7428c471	TSV	TCGA-HN-A2OB-01A-21R-A27Q-07	open	2b00c53b-e257-4305-a0cc-3dfa9ac10d12.rna_seq.augmented_star_gene_counts.tsv	feb04404-a524-4031-9d87-6301d913da96	Transcriptome Profiling	gene_expression	Illumina	4241884	2021-12-13T22:40:02.118471-06:00	d940f2bbeb1ded36de5b743719e3a33e	2024-07-30T10:04:57.748871-05:00	18340589-696e-4f56-80c2-dc7d7428c471	Gene Expression Quantification	released	RNA-Seq	1	32.0 - 46.0	TCGA-BRCA	64a9cb4b-81e5-4a73-a8ab-a0be207af9b1	released	2b00c53b-e257-4305-a0cc-3dfa9ac10d12_star__counts	https://github.com/NCI-GDC/gdc-rnaseq-cwl/blob/5d8c131bbff59fb0c969217fc1d44e6d1503cd1f/rnaseq-star-align/star2pass.rnaseq_harmonization.cwl	STAR - Counts	5d8c131bbff59fb0c969217fc1d44e6d1503cd1f	Primary Tumor	NA	TCGA-HN-A2OB	TCGA-HN-A2OB-01A
46933fec-1800-4da5-814c-30cce4ae2fb5	TSV	TCGA-AC-A5XU-01A-11R-A28M-07	open	afd15ee9-ef38-4d14-b1c1-7f4267fe6a04.rna_seq.augmented_star_gene_counts.tsv	ed42483e-5921-4d43-81c0-e5c58e513d14	Transcriptome Profiling	gene_expression	Illumina	4243311	2021-12-13T22:41:04.061132-06:00	7ae7824aaef02fa2c5902b6b08862a3c	2024-07-30T09:51:11.981710-05:00	46933fec-1800-4da5-814c-30cce4ae2fb5	Gene Expression Quantification	released	RNA-Seq	1	32.0 - 46.0	TCGA-BRCA	2dfc0927-a701-454f-ad3c-276f53660caf	released	afd15ee9-ef38-4d14-b1c1-7f4267fe6a04_star__counts	https://github.com/NCI-GDC/gdc-rnaseq-cwl/blob/5d8c131bbff59fb0c969217fc1d44e6d1503cd1f/rnaseq-star-align/star2pass.rnaseq_harmonization.cwl	STAR - Counts	5d8c131bbff59fb0c969217fc1d44e6d1503cd1f	Primary Tumor	NA	TCGA-AC-A5XU	TCGA-AC-A5XU-01A
f7e414a0-c2ca-40c7-a7a0-282d80247fa0	TSV	TCGA-AR-A2LH-01A-31R-A18M-07	open	ee27259c-1aa7-4f5a-a4e6-0b49be4ad051.rna_seq.augmented_star_gene_counts.tsv	79071349-73ad-4448-9165-17373bf66f60	Transcriptome Profiling	gene_expression	Illumina	4234096	2021-12-13T22:20:19.996841-06:00	e560de64d09e7febb64b84577933c208	2024-07-30T09:36:47.065024-05:00	f7e414a0-c2ca-40c7-a7a0-282d80247fa0	Gene Expression Quantification	released	RNA-Seq	1	32.0 - 46.0	TCGA-BRCA	87378b2b-be2e-445a-9895-74e5b6f4f98a	released	ee27259c-1aa7-4f5a-a4e6-0b49be4ad051_star__counts	https://github.com/NCI-GDC/gdc-rnaseq-cwl/blob/5d8c131bbff59fb0c969217fc1d44e6d1503cd1f/rnaseq-star-align/star2pass.rnaseq_harmonization.cwl	STAR - Counts	5d8c131bbff59fb0c969217fc1d44e6d1503cd1f	Primary Tumor	NA	TCGA-AR-A2LH	TCGA-AR-A2LH-01A
4a2ad226-ed26-4f81-af7d-9d8b6db7cdd4	TSV	TCGA-OL-A6VO-01A-12R-A33J-07	open	f9683515-b944-4c7b-b41d-ea105bd37a5a.rna_seq.augmented_star_gene_counts.tsv	299f26a5-509d-4f87-b44f-e4043c0f8aa3	Transcriptome Profiling	gene_expression	Illumina	4244841	2021-12-13T22:00:25.935522-06:00	5c8f1426ea7a18aa58f848a5f5a41cc6	2024-07-30T09:21:10.363937-05:00	4a2ad226-ed26-4f81-af7d-9d8b6db7cdd4	Gene Expression Quantification	released	RNA-Seq	1	32.0 - 46.0	TCGA-BRCA	676373e1-9c64-45b4-8a09-2fab817681b0	released	f9683515-b944-4c7b-b41d-ea105bd37a5a_star__counts	https://github.com/NCI-GDC/gdc-rnaseq-cwl/blob/5d8c131bbff59fb0c969217fc1d44e6d1503cd1f/rnaseq-star-align/star2pass.rnaseq_harmonization.cwl	STAR - Counts	5d8c131bbff59fb0c969217fc1d44e6d1503cd1f	Primary Tumor	NA	TCGA-OL-A6VO	TCGA-OL-A6VO-01A
8c884351-1c8b-47ff-8bef-1a4f25f645fb	TSV	TCGA-BH-A0AU-01A-11R-A12P-07	open	d5a1a331-cd5b-448f-adf6-ea393565ef26.rna_seq.augmented_star_gene_counts.tsv	3e37e4bb-9fad-48b3-8767-96e9efa94536	Transcriptome Profiling	gene_expression	Illumina	4239226	2021-12-13T22:01:52.664487-06:00	07f413d24f4481f0b52b25bb6bbdf739	2024-07-30T09:53:44.662624-05:00	8c884351-1c8b-47ff-8bef-1a4f25f645fb	Gene Expression Quantification	released	RNA-Seq	1	32.0 - 46.0	TCGA-BRCA	96145dc6-f39b-4580-9c15-312d0ddd58cb	released	d5a1a331-cd5b-448f-adf6-ea393565ef26_star__counts	https://github.com/NCI-GDC/gdc-rnaseq-cwl/blob/5d8c131bbff59fb0c969217fc1d44e6d1503cd1f/rnaseq-star-align/star2pass.rnaseq_harmonization.cwl	STAR - Counts	5d8c131bbff59fb0c969217fc1d44e6d1503cd1f	Primary Tumor	NA	TCGA-BH-A0AU	TCGA-BH-A0AU-01A
5d720a05-3673-45be-9163-08e0fc332f80	TSV	TCGA-AO-A0J3-01A-11R-A034-07	open	853013f2-fee7-4489-a2a2-fa36112a1c73.rna_seq.augmented_star_gene_counts.tsv	2d582a91-ed1d-4676-9972-2d4ca1840c18	Transcriptome Profiling	gene_expression	Illumina	4248945	2021-12-13T22:10:48.181653-06:00	71beec806f66a1321fe540f40fa7956e	2024-07-30T09:44:49.821707-05:00	5d720a05-3673-45be-9163-08e0fc332f80	Gene Expression Quantification	released	RNA-Seq	1	32.0 - 46.0	TCGA-BRCA	a1bb5b18-7d5b-452d-8a91-00f4241735f2	released	853013f2-fee7-4489-a2a2-fa36112a1c73_star__counts	https://github.com/NCI-GDC/gdc-rnaseq-cwl/blob/5d8c131bbff59fb0c969217fc1d44e6d1503cd1f/rnaseq-star-align/star2pass.rnaseq_harmonization.cwl	STAR - Counts	5d8c131bbff59fb0c969217fc1d44e6d1503cd1f	Primary Tumor	NA	TCGA-AO-A0J3	TCGA-AO-A0J3-01A
2377e521-919f-4f6f-b426-ddc993775597	TSV	TCGA-AR-A1AU-01A-11R-A12P-07	open	23f366c0-41f3-4159-86f0-5fa3d0059761.rna_seq.augmented_star_gene_counts.tsv	028daa2e-63a7-4102-bc2b-be969f438f2c	Transcriptome Profiling	gene_expression	Illumina	4246291	2021-12-13T21:48:32.167014-06:00	7be09ca94dc13945707501d4fb5f3633	2024-07-30T09:49:16.746021-05:00	2377e521-919f-4f6f-b426-ddc993775597	Gene Expression Quantification	released	RNA-Seq	1	32.0 - 46.0	TCGA-BRCA	1e2183b1-1050-4c48-af06-819c3c697c52	released	23f366c0-41f3-4159-86f0-5fa3d0059761_star__counts	https://github.com/NCI-GDC/gdc-rnaseq-cwl/blob/5d8c131bbff59fb0c969217fc1d44e6d1503cd1f/rnaseq-star-align/star2pass.rnaseq_harmonization.cwl	STAR - Counts	5d8c131bbff59fb0c969217fc1d44e6d1503cd1f	Primary Tumor	NA	TCGA-AR-A1AU	TCGA-AR-A1AU-01A
131d96e3-0799-4956-a752-dc244a05c493	TSV	TCGA-GM-A4E0-01A-12R-A266-07	open	8ddd5f98-9ebc-488d-830c-817ebd796939.rna_seq.augmented_star_gene_counts.tsv	e9f69473-1208-4ad2-a2c8-827a3b4d54d6	Transcriptome Profiling	gene_expression	Illumina	4227316	2021-12-13T22:05:26.118468-06:00	7ae0826ccb3769b5f7e1f73e802c9e6e	2024-07-30T09:25:15.971188-05:00	131d96e3-0799-4956-a752-dc244a05c493	Gene Expression Quantification	released	RNA-Seq	1	32.0 - 46.0	TCGA-BRCA	96cc872a-d591-48b8-a871-6b3696cb6fa9	released	8ddd5f98-9ebc-488d-830c-817ebd796939_star__counts	https://github.com/NCI-GDC/gdc-rnaseq-cwl/blob/5d8c131bbff59fb0c969217fc1d44e6d1503cd1f/rnaseq-star-align/star2pass.rnaseq_harmonization.cwl	STAR - Counts	5d8c131bbff59fb0c969217fc1d44e6d1503cd1f	Primary Tumor	NA	TCGA-GM-A4E0	TCGA-GM-A4E0-01A
0d140db1-dc0d-431d-b389-846d05bbb827	TSV	TCGA-E9-A1RH-01A-21R-A169-07	open	d0ee5ff7-a49a-4633-93a6-40c9e29fb0b7.rna_seq.augmented_star_gene_counts.tsv	79976f76-a364-40c3-8e75-9281d41a3259	Transcriptome Profiling	gene_expression	Illumina	4243387	2021-12-13T22:30:58.414992-06:00	26025025d0192577ed275c5b45044abc	2024-07-30T09:20:43.436767-05:00	0d140db1-dc0d-431d-b389-846d05bbb827	Gene Expression Quantification	released	RNA-Seq	1	32.0 - 46.0	TCGA-BRCA	eb87ce9e-8662-45f5-813e-b3cc914ca5a1	released	d0ee5ff7-a49a-4633-93a6-40c9e29fb0b7_star__counts	https://github.com/NCI-GDC/gdc-rnaseq-cwl/blob/5d8c131bbff59fb0c969217fc1d44e6d1503cd1f/rnaseq-star-align/star2pass.rnaseq_harmonization.cwl	STAR - Counts	5d8c131bbff59fb0c969217fc1d44e6d1503cd1f	Primary Tumor	NA	TCGA-E9-A1RH	TCGA-E9-A1RH-01A
8ebe0bf6-11fa-418d-918c-5c73f0e7e9ac	TSV	TCGA-BH-A1EV-11A-24R-A137-07	open	466a4121-0583-47ee-9d54-1f1c2d47e381.rna_seq.augmented_star_gene_counts.tsv	434f5adc-3806-4b98-a2c9-c64530f3bc09	Transcriptome Profiling	gene_expression	Illumina	4265890	2021-12-13T22:00:17.587849-06:00	35a81c74d92ac7e70710345489e2b27b	2024-07-30T09:31:34.960188-05:00	8ebe0bf6-11fa-418d-918c-5c73f0e7e9ac	Gene Expression Quantification	released	RNA-Seq	1	32.0 - 46.0	TCGA-BRCA	e18849b1-5d0f-428a-ab02-1f64aca6fbc3	released	466a4121-0583-47ee-9d54-1f1c2d47e381_star__counts	https://github.com/NCI-GDC/gdc-rnaseq-cwl/blob/5d8c131bbff59fb0c969217fc1d44e6d1503cd1f/rnaseq-star-align/star2pass.rnaseq_harmonization.cwl	STAR - Counts	5d8c131bbff59fb0c969217fc1d44e6d1503cd1f	Solid Tissue Normal	NA	TCGA-BH-A1EV	TCGA-BH-A1EV-11A
e18e1661-70dd-4b36-ae6c-c0265fbe01bb	TSV	TCGA-C8-A12N-01A-11R-A115-07	open	7647345c-1654-490f-9a18-b43005225bce.rna_seq.augmented_star_gene_counts.tsv	217d37e5-5da6-4627-a128-9784090aafb0	Transcriptome Profiling	gene_expression	Illumina	4243962	2021-12-13T22:15:04.288177-06:00	f682046129399e7ef7eda5e5a58234ff	2024-07-30T09:28:22.709864-05:00	e18e1661-70dd-4b36-ae6c-c0265fbe01bb	Gene Expression Quantification	released	RNA-Seq	1	32.0 - 46.0	TCGA-BRCA	0fc55208-b333-442c-9b53-8c84018d2ff2	released	7647345c-1654-490f-9a18-b43005225bce_star__counts	https://github.com/NCI-GDC/gdc-rnaseq-cwl/blob/5d8c131bbff59fb0c969217fc1d44e6d1503cd1f/rnaseq-star-align/star2pass.rnaseq_harmonization.cwl	STAR - Counts	5d8c131bbff59fb0c969217fc1d44e6d1503cd1f	Primary Tumor	NA	TCGA-C8-A12N	TCGA-C8-A12N-01A
318c3a49-64bc-4704-8739-d4cf31cef51f	TSV	TCGA-C8-A12U-01A-11R-A115-07	open	1d18e4b7-83a5-4c40-94ef-f77c1ba2fdbb.rna_seq.augmented_star_gene_counts.tsv	e8f8ae2a-54f1-4981-8a10-b617cba8658e	Transcriptome Profiling	gene_expression	Illumina	4234821	2021-12-13T22:32:18.549612-06:00	1433d999b6d9ac049d92fe56bad8df2b	2024-07-30T09:48:43.188959-05:00	318c3a49-64bc-4704-8739-d4cf31cef51f	Gene Expression Quantification	released	RNA-Seq	1	32.0 - 46.0	TCGA-BRCA	ca44fb2c-ee79-486e-a742-24fc1d1618cb	released	1d18e4b7-83a5-4c40-94ef-f77c1ba2fdbb_star__counts	https://github.com/NCI-GDC/gdc-rnaseq-cwl/blob/5d8c131bbff59fb0c969217fc1d44e6d1503cd1f/rnaseq-star-align/star2pass.rnaseq_harmonization.cwl	STAR - Counts	5d8c131bbff59fb0c969217fc1d44e6d1503cd1f	Primary Tumor	NA	TCGA-C8-A12U	TCGA-C8-A12U-01A
eb914a22-6e3f-4296-89d4-a960902fba2b	TSV	TCGA-AQ-A04J-01A-02R-A034-07	open	cd23ba96-cc18-428d-ae3d-67a7a2dd3c91.rna_seq.augmented_star_gene_counts.tsv	538c1006-b0a7-4402-9165-14c82002ef78	Transcriptome Profiling	gene_expression	Illumina	4256635	2021-12-13T22:26:37.364206-06:00	7432b4b1d8355d6d726f517eeff6c17f	2024-07-30T09:53:23.971838-05:00	eb914a22-6e3f-4296-89d4-a960902fba2b	Gene Expression Quantification	released	RNA-Seq	1	32.0 - 46.0	TCGA-BRCA	d6544110-2333-4d9c-bf30-4501394cd993	released	cd23ba96-cc18-428d-ae3d-67a7a2dd3c91_star__counts	https://github.com/NCI-GDC/gdc-rnaseq-cwl/blob/5d8c131bbff59fb0c969217fc1d44e6d1503cd1f/rnaseq-star-align/star2pass.rnaseq_harmonization.cwl	STAR - Counts	5d8c131bbff59fb0c969217fc1d44e6d1503cd1f	Primary Tumor	NA	TCGA-AQ-A04J	TCGA-AQ-A04J-01A
908283cf-b948-4474-906e-bd07195d0805	TSV	TCGA-AR-A2LQ-01A-22R-A18M-07	open	412b96f4-4463-49ab-aee6-78b3859e7b70.rna_seq.augmented_star_gene_counts.tsv	5092c8d2-0e0d-418a-9da7-6996ab1477ae	Transcriptome Profiling	gene_expression	Illumina	4239046	2021-12-13T21:53:26.070673-06:00	9a0f4716d4f2fa3f65008d608eadcec9	2024-07-30T09:25:31.687074-05:00	908283cf-b948-4474-906e-bd07195d0805	Gene Expression Quantification	released	RNA-Seq	1	32.0 - 46.0	TCGA-BRCA	b70bfbe0-4b22-44d9-b590-b76a4806feaf	released	412b96f4-4463-49ab-aee6-78b3859e7b70_star__counts	https://github.com/NCI-GDC/gdc-rnaseq-cwl/blob/5d8c131bbff59fb0c969217fc1d44e6d1503cd1f/rnaseq-star-align/star2pass.rnaseq_harmonization.cwl	STAR - Counts	5d8c131bbff59fb0c969217fc1d44e6d1503cd1f	Primary Tumor	NA	TCGA-AR-A2LQ	TCGA-AR-A2LQ-01A
2e7a0005-4efb-4121-91d9-c2ca2cb5201d	TSV	TCGA-E2-A10B-01A-11R-A10J-07	open	f9a27067-7485-4c9f-986b-878aa6cd132c.rna_seq.augmented_star_gene_counts.tsv	7b393c05-64fc-4e77-869f-d2e318af4bf3	Transcriptome Profiling	gene_expression	Illumina	4251670	2021-12-13T22:08:23.314172-06:00	b62132ae97594d809bd776fc84ddc2ca	2024-07-30T09:52:52.805921-05:00	2e7a0005-4efb-4121-91d9-c2ca2cb5201d	Gene Expression Quantification	released	RNA-Seq	1	32.0 - 46.0	TCGA-BRCA	de7f5733-3a63-4b3c-8cb3-770ae3bf2aab	released	f9a27067-7485-4c9f-986b-878aa6cd132c_star__counts	https://github.com/NCI-GDC/gdc-rnaseq-cwl/blob/5d8c131bbff59fb0c969217fc1d44e6d1503cd1f/rnaseq-star-align/star2pass.rnaseq_harmonization.cwl	STAR - Counts	5d8c131bbff59fb0c969217fc1d44e6d1503cd1f	Primary Tumor	NA	TCGA-E2-A10B	TCGA-E2-A10B-01A
51948358-b1bb-46d7-a25c-8d3fe81557f0	TSV	TCGA-C8-A12Z-01A-11R-A115-07	open	2cfbc50e-e38d-41ad-8809-a3ed9685ddf1.rna_seq.augmented_star_gene_counts.tsv	b8036631-9ec7-4209-b52a-33503c4a6133	Transcriptome Profiling	gene_expression	Illumina	4228641	2021-12-13T22:32:09.644640-06:00	fa1ca16e617cee9f9ed1c8ebb324bc0f	2024-07-30T09:50:25.113214-05:00	51948358-b1bb-46d7-a25c-8d3fe81557f0	Gene Expression Quantification	released	RNA-Seq	1	32.0 - 46.0	TCGA-BRCA	701a3f5c-cb66-4220-9f84-a5823e514d33	released	2cfbc50e-e38d-41ad-8809-a3ed9685ddf1_star__counts	https://github.com/NCI-GDC/gdc-rnaseq-cwl/blob/5d8c131bbff59fb0c969217fc1d44e6d1503cd1f/rnaseq-star-align/star2pass.rnaseq_harmonization.cwl	STAR - Counts	5d8c131bbff59fb0c969217fc1d44e6d1503cd1f	Primary Tumor	NA	TCGA-C8-A12Z	TCGA-C8-A12Z-01A
115d8b96-f3ac-4e6f-a975-60b71b32531a	TSV	TCGA-E2-A2P6-01A-11R-A19W-07	open	b6a8beee-f393-4d3b-943e-1c44fad65526.rna_seq.augmented_star_gene_counts.tsv	38ae85c4-b38a-4320-bbd9-aad0f4bbc0ef	Transcriptome Profiling	gene_expression	Illumina	4251751	2021-12-13T21:49:12.386397-06:00	e03e2f66a96ba9506f28874d4b127c9e	2024-07-30T09:28:06.704901-05:00	115d8b96-f3ac-4e6f-a975-60b71b32531a	Gene Expression Quantification	released	RNA-Seq	1	32.0 - 46.0	TCGA-BRCA	01a20035-cf6c-46c5-8a47-a4b3b224e1cd	released	b6a8beee-f393-4d3b-943e-1c44fad65526_star__counts	https://github.com/NCI-GDC/gdc-rnaseq-cwl/blob/5d8c131bbff59fb0c969217fc1d44e6d1503cd1f/rnaseq-star-align/star2pass.rnaseq_harmonization.cwl	STAR - Counts	5d8c131bbff59fb0c969217fc1d44e6d1503cd1f	Primary Tumor	NA	TCGA-E2-A2P6	TCGA-E2-A2P6-01A
1deadf31-dc7d-4361-8041-ab0a27edebb3	TSV	TCGA-BH-A0HY-01A-11R-A056-07	open	01661d94-fc16-4456-95cf-a5fa4e1e196c.rna_seq.augmented_star_gene_counts.tsv	0e22f2b2-feb9-474d-8473-f5f6f68b93ae	Transcriptome Profiling	gene_expression	Illumina	4236680	2021-12-13T21:46:37.867304-06:00	7fd93d1fb4464d22adee35594caab567	2024-07-30T09:47:18.007262-05:00	1deadf31-dc7d-4361-8041-ab0a27edebb3	Gene Expression Quantification	released	RNA-Seq	1	32.0 - 46.0	TCGA-BRCA	13cb95c7-1aef-44bc-b5a2-6ced38d9a265	released	01661d94-fc16-4456-95cf-a5fa4e1e196c_star__counts	https://github.com/NCI-GDC/gdc-rnaseq-cwl/blob/5d8c131bbff59fb0c969217fc1d44e6d1503cd1f/rnaseq-star-align/star2pass.rnaseq_harmonization.cwl	STAR - Counts	5d8c131bbff59fb0c969217fc1d44e6d1503cd1f	Primary Tumor	NA	TCGA-BH-A0HY	TCGA-BH-A0HY-01A
6d0f2c52-47f8-4032-8468-38dcc578ed6a	TSV	TCGA-S3-A6ZF-01A-32R-A32P-07	open	e4559121-091f-41f2-9559-2abb1bbfd229.rna_seq.augmented_star_gene_counts.tsv	25bb241c-d2b0-4b1e-84bd-f208d6230770	Transcriptome Profiling	gene_expression	Illumina	4249152	2021-12-13T22:29:08.169677-06:00	418350a11820312a22abfa095a20a5ec	2024-07-30T10:03:38.149872-05:00	6d0f2c52-47f8-4032-8468-38dcc578ed6a	Gene Expression Quantification	released	RNA-Seq	1	32.0 - 46.0	TCGA-BRCA	6c77e2fa-68ce-431a-8386-810ca3266d19	released	e4559121-091f-41f2-9559-2abb1bbfd229_star__counts	https://github.com/NCI-GDC/gdc-rnaseq-cwl/blob/5d8c131bbff59fb0c969217fc1d44e6d1503cd1f/rnaseq-star-align/star2pass.rnaseq_harmonization.cwl	STAR - Counts	5d8c131bbff59fb0c969217fc1d44e6d1503cd1f	Primary Tumor	NA	TCGA-S3-A6ZF	TCGA-S3-A6ZF-01A
ffeede9a-d9a9-4836-8c56-39f12a5fde0e	TSV	TCGA-A8-A086-01A-11R-A00Z-07	open	74179e5e-2d3c-417e-8844-6740ea9fb2e5.rna_seq.augmented_star_gene_counts.tsv	ba85f766-af3d-4281-a4d5-c2625e7eea72	Transcriptome Profiling	gene_expression	Illumina	4249460	2021-12-13T22:11:43.164559-06:00	a148bf14a0ea84c4d2b28a422c5769b7	2024-07-30T10:09:25.754230-05:00	ffeede9a-d9a9-4836-8c56-39f12a5fde0e	Gene Expression Quantification	released	RNA-Seq	1	32.0 - 46.0	TCGA-BRCA	d7827ac5-a58d-4a71-a756-7c47deaa8eaa	released	74179e5e-2d3c-417e-8844-6740ea9fb2e5_star__counts	https://github.com/NCI-GDC/gdc-rnaseq-cwl/blob/5d8c131bbff59fb0c969217fc1d44e6d1503cd1f/rnaseq-star-align/star2pass.rnaseq_harmonization.cwl	STAR - Counts	5d8c131bbff59fb0c969217fc1d44e6d1503cd1f	Primary Tumor	NA	TCGA-A8-A086	TCGA-A8-A086-01A
80563e43-422f-458b-a543-6b1dad9171e5	TSV	TCGA-AN-A041-01A-11R-A034-07	open	e619e3c8-f6eb-4b0a-bf17-005ccbe269bb.rna_seq.augmented_star_gene_counts.tsv	25161cbe-d239-4ef6-b0cd-ff30397754c4	Transcriptome Profiling	gene_expression	Illumina	4244434	2021-12-13T21:59:10.210643-06:00	08d692f5cf82e5f854d9db052cd15fff	2024-07-30T09:54:38.517243-05:00	80563e43-422f-458b-a543-6b1dad9171e5	Gene Expression Quantification	released	RNA-Seq	1	32.0 - 46.0	TCGA-BRCA	aa14b8f0-f831-46f2-a32e-8db0697a3d44	released	e619e3c8-f6eb-4b0a-bf17-005ccbe269bb_star__counts	https://github.com/NCI-GDC/gdc-rnaseq-cwl/blob/5d8c131bbff59fb0c969217fc1d44e6d1503cd1f/rnaseq-star-align/star2pass.rnaseq_harmonization.cwl	STAR - Counts	5d8c131bbff59fb0c969217fc1d44e6d1503cd1f	Primary Tumor	NA	TCGA-AN-A041	TCGA-AN-A041-01A
d2a12641-a25f-4aab-99a4-433cf664ae73	TSV	TCGA-A2-A0D0-01A-11R-A00Z-07	open	934807ee-e303-43b7-938a-1721c6c31584.rna_seq.augmented_star_gene_counts.tsv	63b2246f-3f30-497e-baa0-e02227e70c2c	Transcriptome Profiling	gene_expression	Illumina	4231194	2021-12-13T22:06:08.901258-06:00	41d3a23344a68c93b51f4d8874638b7b	2024-07-30T09:31:53.473672-05:00	d2a12641-a25f-4aab-99a4-433cf664ae73	Gene Expression Quantification	released	RNA-Seq	1	32.0 - 46.0	TCGA-BRCA	b3110dbb-27c2-49be-8abe-9c9f1b1cf02d	released	934807ee-e303-43b7-938a-1721c6c31584_star__counts	https://github.com/NCI-GDC/gdc-rnaseq-cwl/blob/5d8c131bbff59fb0c969217fc1d44e6d1503cd1f/rnaseq-star-align/star2pass.rnaseq_harmonization.cwl	STAR - Counts	5d8c131bbff59fb0c969217fc1d44e6d1503cd1f	Primary Tumor	NA	TCGA-A2-A0D0	TCGA-A2-A0D0-01A
895b7107-2c08-4106-b119-6fbb597392da	TSV	TCGA-AQ-A04H-01B-11R-A10J-07	open	be813beb-9b35-4063-9d61-9f49a7fd7706.rna_seq.augmented_star_gene_counts.tsv	3ae2e7c3-b804-4236-896b-9008c0840708	Transcriptome Profiling	gene_expression	Illumina	4244647	2021-12-13T22:08:35.490375-06:00	537b7f3a4a4711993bda5cfc653c81a8	2024-07-30T09:48:12.185984-05:00	895b7107-2c08-4106-b119-6fbb597392da	Gene Expression Quantification	released	RNA-Seq	1	32.0 - 46.0	TCGA-BRCA	bbf1e348-7e98-43bb-9bb9-c276839ba116	released	be813beb-9b35-4063-9d61-9f49a7fd7706_star__counts	https://github.com/NCI-GDC/gdc-rnaseq-cwl/blob/5d8c131bbff59fb0c969217fc1d44e6d1503cd1f/rnaseq-star-align/star2pass.rnaseq_harmonization.cwl	STAR - Counts	5d8c131bbff59fb0c969217fc1d44e6d1503cd1f	Primary Tumor	NA	TCGA-AQ-A04H	TCGA-AQ-A04H-01B
4ef93d93-a6c6-4137-944c-6092e4ff7ae9	TSV	TCGA-A1-A0SF-01A-11R-A144-07	open	8c147a31-a1be-4464-9606-12b14fbdf8d3.rna_seq.augmented_star_gene_counts.tsv	ad4ab313-e2f3-4a14-bf56-b7654deeca46	Transcriptome Profiling	gene_expression	Illumina	4241055	2021-12-13T21:51:10.322891-06:00	dd51b4c1e9ea28be1d22e5c1e72cb7ca	2024-07-30T10:05:22.273660-05:00	4ef93d93-a6c6-4137-944c-6092e4ff7ae9	Gene Expression Quantification	released	RNA-Seq	1	32.0 - 46.0	TCGA-BRCA	8b6daa36-4206-4b1c-9e6a-5f9230a0aba8	released	8c147a31-a1be-4464-9606-12b14fbdf8d3_star__counts	https://github.com/NCI-GDC/gdc-rnaseq-cwl/blob/5d8c131bbff59fb0c969217fc1d44e6d1503cd1f/rnaseq-star-align/star2pass.rnaseq_harmonization.cwl	STAR - Counts	5d8c131bbff59fb0c969217fc1d44e6d1503cd1f	Primary Tumor	NA	TCGA-A1-A0SF	TCGA-A1-A0SF-01A
dcf2138e-b0f7-4b2e-b535-d463819f1b24	TSV	TCGA-A2-A4S1-01A-21R-A266-07	open	1d9d65b8-5af4-40e6-a01f-236f45cfecb4.rna_seq.augmented_star_gene_counts.tsv	cb87b868-b022-47f3-acdc-5eddfa4ef796	Transcriptome Profiling	gene_expression	Illumina	4214268	2021-12-13T21:53:19.254711-06:00	70ba082eee454b4cab2fcc6dd30154af	2024-07-30T09:57:48.775233-05:00	dcf2138e-b0f7-4b2e-b535-d463819f1b24	Gene Expression Quantification	released	RNA-Seq	1	32.0 - 46.0	TCGA-BRCA	e09126f6-61db-4cab-83f4-74de285df005	released	1d9d65b8-5af4-40e6-a01f-236f45cfecb4_star__counts	https://github.com/NCI-GDC/gdc-rnaseq-cwl/blob/5d8c131bbff59fb0c969217fc1d44e6d1503cd1f/rnaseq-star-align/star2pass.rnaseq_harmonization.cwl	STAR - Counts	5d8c131bbff59fb0c969217fc1d44e6d1503cd1f	Primary Tumor	NA	TCGA-A2-A4S1	TCGA-A2-A4S1-01A
0ed77a2e-a2c9-4557-8ba3-2c8bade9b792	TSV	TCGA-A2-A04U-01A-11R-A115-07	open	5842a066-d158-474e-a4db-034f5797d865.rna_seq.augmented_star_gene_counts.tsv	f54886f4-2ae3-4e7a-97c2-ec2af99cf2a3	Transcriptome Profiling	gene_expression	Illumina	4228051	2021-12-13T22:29:16.383250-06:00	2e711c88d20f77ee4f2f2a19f42d4ef1	2024-07-30T10:00:43.148576-05:00	0ed77a2e-a2c9-4557-8ba3-2c8bade9b792	Gene Expression Quantification	released	RNA-Seq	1	32.0 - 46.0	TCGA-BRCA	24a96793-e343-40f7-b5b4-9c530101980f	released	5842a066-d158-474e-a4db-034f5797d865_star__counts	https://github.com/NCI-GDC/gdc-rnaseq-cwl/blob/5d8c131bbff59fb0c969217fc1d44e6d1503cd1f/rnaseq-star-align/star2pass.rnaseq_harmonization.cwl	STAR - Counts	5d8c131bbff59fb0c969217fc1d44e6d1503cd1f	Primary Tumor	NA	TCGA-A2-A04U	TCGA-A2-A04U-01A
8b885bee-44ab-40ce-bc3e-18ef36fa35ae	TSV	TCGA-EW-A1PA-01A-11R-A144-07	open	1406cfa1-39b8-4ab6-a960-ed6f38bc0f0d.rna_seq.augmented_star_gene_counts.tsv	47359143-bd78-460b-b0fc-5d3e7d65e1cf	Transcriptome Profiling	gene_expression	Illumina	4241934	2021-12-13T22:26:50.333302-06:00	db006733bd8d6aad6c2049d8136fe3ab	2024-07-30T10:00:12.814437-05:00	8b885bee-44ab-40ce-bc3e-18ef36fa35ae	Gene Expression Quantification	released	RNA-Seq	1	32.0 - 46.0	TCGA-BRCA	19f2737d-9565-4432-a919-46dfd605fd0e	released	1406cfa1-39b8-4ab6-a960-ed6f38bc0f0d_star__counts	https://github.com/NCI-GDC/gdc-rnaseq-cwl/blob/5d8c131bbff59fb0c969217fc1d44e6d1503cd1f/rnaseq-star-align/star2pass.rnaseq_harmonization.cwl	STAR - Counts	5d8c131bbff59fb0c969217fc1d44e6d1503cd1f	Primary Tumor	NA	TCGA-EW-A1PA	TCGA-EW-A1PA-01A
8603da6b-3bb9-4fff-b409-c5af2afd53b3	TSV	TCGA-A8-A08T-01A-21R-A00Z-07	open	3d31d7a9-76b8-41f4-a037-0dfe6a4ecb0c.rna_seq.augmented_star_gene_counts.tsv	c2268ab8-cc0a-43ca-ae37-7e868123e072	Transcriptome Profiling	gene_expression	Illumina	4248499	2021-12-13T22:09:34.116315-06:00	7d8f562957e01aa81ea217575c415dd1	2024-07-30T09:59:01.423339-05:00	8603da6b-3bb9-4fff-b409-c5af2afd53b3	Gene Expression Quantification	released	RNA-Seq	1	32.0 - 46.0	TCGA-BRCA	29f72abd-4290-4955-b9e5-670ac42f660d	released	3d31d7a9-76b8-41f4-a037-0dfe6a4ecb0c_star__counts	https://github.com/NCI-GDC/gdc-rnaseq-cwl/blob/5d8c131bbff59fb0c969217fc1d44e6d1503cd1f/rnaseq-star-align/star2pass.rnaseq_harmonization.cwl	STAR - Counts	5d8c131bbff59fb0c969217fc1d44e6d1503cd1f	Primary Tumor	NA	TCGA-A8-A08T	TCGA-A8-A08T-01A
38854c85-fc09-4a51-93a7-257762517583	TSV	TCGA-BH-A1ET-11B-23R-A137-07	open	c058aa43-349b-4f45-8217-6b193bf7c610.rna_seq.augmented_star_gene_counts.tsv	92c79468-ccc7-48c7-bab7-a733b794b716	Transcriptome Profiling	gene_expression	Illumina	4266598	2021-12-13T21:48:54.159206-06:00	cc99fe14ee5020192b1776c5b919b84d	2024-07-30T09:54:26.736154-05:00	38854c85-fc09-4a51-93a7-257762517583	Gene Expression Quantification	released	RNA-Seq	1	32.0 - 46.0	TCGA-BRCA	80bb04d2-82ce-4561-b5c6-10c25ea1f820	released	c058aa43-349b-4f45-8217-6b193bf7c610_star__counts	https://github.com/NCI-GDC/gdc-rnaseq-cwl/blob/5d8c131bbff59fb0c969217fc1d44e6d1503cd1f/rnaseq-star-align/star2pass.rnaseq_harmonization.cwl	STAR - Counts	5d8c131bbff59fb0c969217fc1d44e6d1503cd1f	Solid Tissue Normal	NA	TCGA-BH-A1ET	TCGA-BH-A1ET-11B
84e36620-ae1e-4221-84c9-3a6f1d11606d	TSV	TCGA-E2-A154-01A-11R-A115-07	open	13fc37db-3160-4e82-bd63-52fc295e0e19.rna_seq.augmented_star_gene_counts.tsv	5cbac6ff-e708-43b9-aebe-bc987dc1a036	Transcriptome Profiling	gene_expression	Illumina	4233734	2021-12-13T22:11:38.171886-06:00	dc379b3c5f371faa3f5e38c1dc6947d5	2024-07-30T09:48:39.620062-05:00	84e36620-ae1e-4221-84c9-3a6f1d11606d	Gene Expression Quantification	released	RNA-Seq	1	32.0 - 46.0	TCGA-BRCA	cb513747-3056-443c-9066-67e0039340b8	released	13fc37db-3160-4e82-bd63-52fc295e0e19_star__counts	https://github.com/NCI-GDC/gdc-rnaseq-cwl/blob/5d8c131bbff59fb0c969217fc1d44e6d1503cd1f/rnaseq-star-align/star2pass.rnaseq_harmonization.cwl	STAR - Counts	5d8c131bbff59fb0c969217fc1d44e6d1503cd1f	Primary Tumor	NA	TCGA-E2-A154	TCGA-E2-A154-01A
295d363f-0366-4102-a35c-86e4a4fe7d84	TSV	TCGA-E9-A227-01A-11R-A157-07	open	db360c44-bf72-41f4-8ca4-01c9973fce95.rna_seq.augmented_star_gene_counts.tsv	b426e8be-1699-4fd4-8101-22defa81c4de	Transcriptome Profiling	gene_expression	Illumina	4248816	2021-12-13T21:51:27.175695-06:00	a2757592fe471ffacb639b0ef479a8d5	2024-07-30T09:36:38.075124-05:00	295d363f-0366-4102-a35c-86e4a4fe7d84	Gene Expression Quantification	released	RNA-Seq	1	32.0 - 46.0	TCGA-BRCA	71477ebb-26ca-4033-996a-ffc3f18ddcdf	released	db360c44-bf72-41f4-8ca4-01c9973fce95_star__counts	https://github.com/NCI-GDC/gdc-rnaseq-cwl/blob/5d8c131bbff59fb0c969217fc1d44e6d1503cd1f/rnaseq-star-align/star2pass.rnaseq_harmonization.cwl	STAR - Counts	5d8c131bbff59fb0c969217fc1d44e6d1503cd1f	Primary Tumor	NA	TCGA-E9-A227	TCGA-E9-A227-01A
a1a6d1dd-a1c6-4c5c-b54d-42de80680bc3	TSV	TCGA-5L-AAT0-01A-12R-A41B-07	open	dc857517-6b3d-4008-85a4-a2b35efb1e7a.rna_seq.augmented_star_gene_counts.tsv	af65fa37-7bd1-4cd6-b7cd-39f115786d24	Transcriptome Profiling	gene_expression	Illumina	4232153	2021-12-13T21:52:56.617473-06:00	a05e5bb7a8d0e00e1ad35ed3adb5096f	2024-07-30T10:04:24.462768-05:00	a1a6d1dd-a1c6-4c5c-b54d-42de80680bc3	Gene Expression Quantification	released	RNA-Seq	1	32.0 - 46.0	TCGA-BRCA	60efe5cf-5466-4f90-8d69-46f2e2b5486d	released	dc857517-6b3d-4008-85a4-a2b35efb1e7a_star__counts	https://github.com/NCI-GDC/gdc-rnaseq-cwl/blob/5d8c131bbff59fb0c969217fc1d44e6d1503cd1f/rnaseq-star-align/star2pass.rnaseq_harmonization.cwl	STAR - Counts	5d8c131bbff59fb0c969217fc1d44e6d1503cd1f	Primary Tumor	NA	TCGA-5L-AAT0	TCGA-5L-AAT0-01A
456bc30b-59f8-4427-b798-5b113ca635a0	TSV	TCGA-BH-A18J-11A-31R-A12D-07	open	653ddf67-d2ac-4fc7-8e95-b4a078e27806.rna_seq.augmented_star_gene_counts.tsv	daeace81-c01c-42b8-bd53-7c320ff2ca6d	Transcriptome Profiling	gene_expression	Illumina	4242870	2021-12-13T22:14:53.583724-06:00	83584bcd645ae56b666fafb2cd8c2deb	2024-07-30T09:39:56.842475-05:00	456bc30b-59f8-4427-b798-5b113ca635a0	Gene Expression Quantification	released	RNA-Seq	1	32.0 - 46.0	TCGA-BRCA	0da1416a-10ad-4dd7-95c5-246e20ed4f7d	released	653ddf67-d2ac-4fc7-8e95-b4a078e27806_star__counts	https://github.com/NCI-GDC/gdc-rnaseq-cwl/blob/5d8c131bbff59fb0c969217fc1d44e6d1503cd1f/rnaseq-star-align/star2pass.rnaseq_harmonization.cwl	STAR - Counts	5d8c131bbff59fb0c969217fc1d44e6d1503cd1f	Solid Tissue Normal	NA	TCGA-BH-A18J	TCGA-BH-A18J-11A
561bb38a-f9b8-4a0a-b03b-fbe70859869a	TSV	TCGA-BH-A18J-01A-11R-A12D-07	open	cab9ff29-e575-45e2-a411-1bfdc2e2610c.rna_seq.augmented_star_gene_counts.tsv	bfec4696-4b1a-4fbd-9dc4-0ab2d1b0d4b1	Transcriptome Profiling	gene_expression	Illumina	4241658	2021-12-13T22:22:46.018599-06:00	d61000ee398e7cd3cb03fe42227c7154	2024-07-30T09:56:26.977605-05:00	561bb38a-f9b8-4a0a-b03b-fbe70859869a	Gene Expression Quantification	released	RNA-Seq	1	32.0 - 46.0	TCGA-BRCA	4814dc4e-0eb8-4880-b538-754a7edb3cce	released	cab9ff29-e575-45e2-a411-1bfdc2e2610c_star__counts	https://github.com/NCI-GDC/gdc-rnaseq-cwl/blob/5d8c131bbff59fb0c969217fc1d44e6d1503cd1f/rnaseq-star-align/star2pass.rnaseq_harmonization.cwl	STAR - Counts	5d8c131bbff59fb0c969217fc1d44e6d1503cd1f	Primary Tumor	NA	TCGA-BH-A18J	TCGA-BH-A18J-01A
0f1bec43-6235-4390-a148-e7038126c0c8	TSV	TCGA-BH-A0E2-01A-11R-A056-07	open	040e40de-4c19-423f-98dc-151e2633d085.rna_seq.augmented_star_gene_counts.tsv	17f532ae-0f9e-4132-bcd8-94866d8603d8	Transcriptome Profiling	gene_expression	Illumina	4240975	2021-12-13T22:10:03.022882-06:00	472397d706d76e80acac67a1a5aae80b	2024-07-30T09:49:10.575196-05:00	0f1bec43-6235-4390-a148-e7038126c0c8	Gene Expression Quantification	released	RNA-Seq	1	32.0 - 46.0	TCGA-BRCA	257087b9-3c55-4f0d-949e-648570a94ef3	released	040e40de-4c19-423f-98dc-151e2633d085_star__counts	https://github.com/NCI-GDC/gdc-rnaseq-cwl/blob/5d8c131bbff59fb0c969217fc1d44e6d1503cd1f/rnaseq-star-align/star2pass.rnaseq_harmonization.cwl	STAR - Counts	5d8c131bbff59fb0c969217fc1d44e6d1503cd1f	Primary Tumor	NA	TCGA-BH-A0E2	TCGA-BH-A0E2-01A
7af23ba7-e5bf-41b9-b91f-5709321dadb7	TSV	TCGA-AR-A24U-01A-11R-A169-07	open	073939c1-c857-4340-8a5f-a7b87d2349c3.rna_seq.augmented_star_gene_counts.tsv	edae3400-4efe-4317-9b2d-6b97db1e74a5	Transcriptome Profiling	gene_expression	Illumina	4245444	2021-12-13T21:56:58.853521-06:00	61a7769a4281952680536289b6690c46	2024-07-30T09:59:34.608127-05:00	7af23ba7-e5bf-41b9-b91f-5709321dadb7	Gene Expression Quantification	released	RNA-Seq	1	32.0 - 46.0	TCGA-BRCA	2a5a50c1-eb65-4c3d-99e0-45c1f8849b6e	released	073939c1-c857-4340-8a5f-a7b87d2349c3_star__counts	https://github.com/NCI-GDC/gdc-rnaseq-cwl/blob/5d8c131bbff59fb0c969217fc1d44e6d1503cd1f/rnaseq-star-align/star2pass.rnaseq_harmonization.cwl	STAR - Counts	5d8c131bbff59fb0c969217fc1d44e6d1503cd1f	Primary Tumor	NA	TCGA-AR-A24U	TCGA-AR-A24U-01A
fae4edd8-db77-4937-94c4-3b16d39fb8c9	TSV	TCGA-GM-A2D9-01A-11R-A18M-07	open	aa3cbc51-b74d-44b1-9043-cb2b9855a72b.rna_seq.augmented_star_gene_counts.tsv	484933a8-4599-4ad9-b46f-f5e3debc1070	Transcriptome Profiling	gene_expression	Illumina	4224511	2021-12-13T21:53:10.649090-06:00	9c73b45ade85c09e2b0a5896c60d7374	2024-07-30T09:35:00.301730-05:00	fae4edd8-db77-4937-94c4-3b16d39fb8c9	Gene Expression Quantification	released	RNA-Seq	1	32.0 - 46.0	TCGA-BRCA	85a8790e-0fe2-4ef7-b5af-99edf72d60a0	released	aa3cbc51-b74d-44b1-9043-cb2b9855a72b_star__counts	https://github.com/NCI-GDC/gdc-rnaseq-cwl/blob/5d8c131bbff59fb0c969217fc1d44e6d1503cd1f/rnaseq-star-align/star2pass.rnaseq_harmonization.cwl	STAR - Counts	5d8c131bbff59fb0c969217fc1d44e6d1503cd1f	Primary Tumor	NA	TCGA-GM-A2D9	TCGA-GM-A2D9-01A
f377c267-d5eb-4542-bd0d-e87f957f3154	TSV	TCGA-D8-A1JE-01A-11R-A13Q-07	open	eed349c6-a5ed-4543-ae8d-67b394b26c7a.rna_seq.augmented_star_gene_counts.tsv	020a8d1b-2e68-40ce-8726-0753e628fbca	Transcriptome Profiling	gene_expression	Illumina	4246442	2021-12-13T21:48:05.276831-06:00	8b3d6cbd47bf866e4568834f7b875157	2024-07-30T09:27:19.984228-05:00	f377c267-d5eb-4542-bd0d-e87f957f3154	Gene Expression Quantification	released	RNA-Seq	1	32.0 - 46.0	TCGA-BRCA	58cad271-82d6-4e1f-9566-6267d611052f	released	eed349c6-a5ed-4543-ae8d-67b394b26c7a_star__counts	https://github.com/NCI-GDC/gdc-rnaseq-cwl/blob/5d8c131bbff59fb0c969217fc1d44e6d1503cd1f/rnaseq-star-align/star2pass.rnaseq_harmonization.cwl	STAR - Counts	5d8c131bbff59fb0c969217fc1d44e6d1503cd1f	Primary Tumor	NA	TCGA-D8-A1JE	TCGA-D8-A1JE-01A
79f97f73-b650-49cf-8654-53038a6c0de7	TSV	TCGA-AO-A03L-01A-41R-A056-07	open	be880db8-920f-4bd8-9f67-34e3ddd61f2c.rna_seq.augmented_star_gene_counts.tsv	5cb4455f-838f-428b-8d1d-0be4cdf1efa4	Transcriptome Profiling	gene_expression	Illumina	4244110	2021-12-13T22:33:20.513866-06:00	c80e57b25fb12e2abc12c3c2c2e39f55	2024-07-30T10:08:36.446068-05:00	79f97f73-b650-49cf-8654-53038a6c0de7	Gene Expression Quantification	released	RNA-Seq	1	32.0 - 46.0	TCGA-BRCA	d91ac23f-5db3-46b9-ac90-8552db13b23a	released	be880db8-920f-4bd8-9f67-34e3ddd61f2c_star__counts	https://github.com/NCI-GDC/gdc-rnaseq-cwl/blob/5d8c131bbff59fb0c969217fc1d44e6d1503cd1f/rnaseq-star-align/star2pass.rnaseq_harmonization.cwl	STAR - Counts	5d8c131bbff59fb0c969217fc1d44e6d1503cd1f	Primary Tumor	NA	TCGA-AO-A03L	TCGA-AO-A03L-01A
cf0ca663-a857-4aea-ab72-b0d4373b2456	TSV	TCGA-BH-A0DQ-11A-12R-A089-07	open	4abd29b3-0a83-41d3-a741-bcc5b6d2f98a.rna_seq.augmented_star_gene_counts.tsv	093c8ac5-1ad5-452c-b641-b3b3cf44c594	Transcriptome Profiling	gene_expression	Illumina	4262152	2021-12-13T21:56:47.505937-06:00	e86c0c61f1182b6a7966b2a18901a131	2024-07-30T10:03:16.689616-05:00	cf0ca663-a857-4aea-ab72-b0d4373b2456	Gene Expression Quantification	released	RNA-Seq	1	32.0 - 46.0	TCGA-BRCA	a228d5f2-ae32-48c9-a750-6affde2ebd04	released	4abd29b3-0a83-41d3-a741-bcc5b6d2f98a_star__counts	https://github.com/NCI-GDC/gdc-rnaseq-cwl/blob/5d8c131bbff59fb0c969217fc1d44e6d1503cd1f/rnaseq-star-align/star2pass.rnaseq_harmonization.cwl	STAR - Counts	5d8c131bbff59fb0c969217fc1d44e6d1503cd1f	Solid Tissue Normal	NA	TCGA-BH-A0DQ	TCGA-BH-A0DQ-11A
c642f518-6ba5-4c90-9f0c-0bad0ed80199	TSV	TCGA-BH-A0DQ-01A-11R-A084-07	open	ea16db3d-eb2a-44b3-bf22-258e583dbcf4.rna_seq.augmented_star_gene_counts.tsv	37804b30-d8d6-45c6-a459-cd3c81c24484	Transcriptome Profiling	gene_expression	Illumina	4241370	2021-12-13T21:56:50.026218-06:00	71ecce6a17aef3116e9c9f6e594f80be	2024-07-30T09:36:59.934333-05:00	c642f518-6ba5-4c90-9f0c-0bad0ed80199	Gene Expression Quantification	released	RNA-Seq	1	32.0 - 46.0	TCGA-BRCA	edb43b84-a4d7-44ed-aaba-53d168d0d4f7	released	ea16db3d-eb2a-44b3-bf22-258e583dbcf4_star__counts	https://github.com/NCI-GDC/gdc-rnaseq-cwl/blob/5d8c131bbff59fb0c969217fc1d44e6d1503cd1f/rnaseq-star-align/star2pass.rnaseq_harmonization.cwl	STAR - Counts	5d8c131bbff59fb0c969217fc1d44e6d1503cd1f	Primary Tumor	NA	TCGA-BH-A0DQ	TCGA-BH-A0DQ-01A
f9fe6c47-0955-432f-b402-a6dc2665e04d	TSV	TCGA-C8-A1HJ-01A-11R-A13Q-07	open	d33cdca5-78ec-4d34-be08-51efd97e8bfb.rna_seq.augmented_star_gene_counts.tsv	489d1a10-4a5d-487d-9e44-43a9637db041	Transcriptome Profiling	gene_expression	Illumina	4247097	2021-12-13T21:52:05.279682-06:00	9ad1026c6c1629897369affa4f38ac94	2024-07-30T08:51:38.897372-05:00	f9fe6c47-0955-432f-b402-a6dc2665e04d	Gene Expression Quantification	released	RNA-Seq	1	32.0 - 46.0	TCGA-BRCA	70eb8c4a-0b09-45f2-8211-ef6048187d38	released	d33cdca5-78ec-4d34-be08-51efd97e8bfb_star__counts	https://github.com/NCI-GDC/gdc-rnaseq-cwl/blob/5d8c131bbff59fb0c969217fc1d44e6d1503cd1f/rnaseq-star-align/star2pass.rnaseq_harmonization.cwl	STAR - Counts	5d8c131bbff59fb0c969217fc1d44e6d1503cd1f	Primary Tumor	NA	TCGA-C8-A1HJ	TCGA-C8-A1HJ-01A
54dcd665-8138-4cab-8622-224d7066d466	TSV	TCGA-C8-A1HL-01A-11R-A137-07	open	783adea2-f11b-46ca-9cdc-f06823db5afc.rna_seq.augmented_star_gene_counts.tsv	735def8a-22c7-4441-bdca-6cb7edfcc13c	Transcriptome Profiling	gene_expression	Illumina	4227947	2021-12-13T22:15:16.651093-06:00	44e9c407116b94fcc14305dc0f00c2bf	2024-07-30T09:35:45.652691-05:00	54dcd665-8138-4cab-8622-224d7066d466	Gene Expression Quantification	released	RNA-Seq	1	32.0 - 46.0	TCGA-BRCA	bbc67eaf-f86e-4dff-8346-2a8a26b8d71c	released	783adea2-f11b-46ca-9cdc-f06823db5afc_star__counts	https://github.com/NCI-GDC/gdc-rnaseq-cwl/blob/5d8c131bbff59fb0c969217fc1d44e6d1503cd1f/rnaseq-star-align/star2pass.rnaseq_harmonization.cwl	STAR - Counts	5d8c131bbff59fb0c969217fc1d44e6d1503cd1f	Primary Tumor	NA	TCGA-C8-A1HL	TCGA-C8-A1HL-01A
466bf078-4844-457e-8f59-7b0ca28024d8	TSV	TCGA-BH-A5IZ-01A-11R-A27Q-07	open	ec60e081-f075-4c72-b1e7-62e1f1429fc1.rna_seq.augmented_star_gene_counts.tsv	fd16f589-98a5-4030-bc36-2c495f8c1334	Transcriptome Profiling	gene_expression	Illumina	4234823	2021-12-13T22:33:28.760861-06:00	8b9d2b58f89cefbbb3a9236a1548357e	2024-07-30T09:51:35.894702-05:00	466bf078-4844-457e-8f59-7b0ca28024d8	Gene Expression Quantification	released	RNA-Seq	1	32.0 - 46.0	TCGA-BRCA	61305838-c04e-4d02-be6c-07b9d7a6cdfc	released	ec60e081-f075-4c72-b1e7-62e1f1429fc1_star__counts	https://github.com/NCI-GDC/gdc-rnaseq-cwl/blob/5d8c131bbff59fb0c969217fc1d44e6d1503cd1f/rnaseq-star-align/star2pass.rnaseq_harmonization.cwl	STAR - Counts	5d8c131bbff59fb0c969217fc1d44e6d1503cd1f	Primary Tumor	NA	TCGA-BH-A5IZ	TCGA-BH-A5IZ-01A
22dad91c-889d-4d40-b9b8-c9facd752dc9	TSV	TCGA-A2-A3XU-01A-12R-A22U-07	open	8319b13e-475e-440f-855a-bdba3036db73.rna_seq.augmented_star_gene_counts.tsv	8e2df0a5-6758-4ef3-87b3-29a3b73b61a8	Transcriptome Profiling	gene_expression	Illumina	4231239	2021-12-13T22:08:52.795552-06:00	c086a60ea336554988cc0b563a992715	2024-07-30T10:03:39.345272-05:00	22dad91c-889d-4d40-b9b8-c9facd752dc9	Gene Expression Quantification	released	RNA-Seq	1	32.0 - 46.0	TCGA-BRCA	9f872b5d-afb7-4e8d-b0a6-de0a2cfe1039	released	8319b13e-475e-440f-855a-bdba3036db73_star__counts	https://github.com/NCI-GDC/gdc-rnaseq-cwl/blob/5d8c131bbff59fb0c969217fc1d44e6d1503cd1f/rnaseq-star-align/star2pass.rnaseq_harmonization.cwl	STAR - Counts	5d8c131bbff59fb0c969217fc1d44e6d1503cd1f	Primary Tumor	NA	TCGA-A2-A3XU	TCGA-A2-A3XU-01A
c6882939-729e-4360-b850-9f7a84df2d7e	TSV	TCGA-E9-A54X-01A-11R-A266-07	open	62298f43-7f8b-430e-9a23-0ee0ffbc1162.rna_seq.augmented_star_gene_counts.tsv	5e6b5e56-4d19-4cb3-9e20-49fe733c1ef2	Transcriptome Profiling	gene_expression	Illumina	4227619	2021-12-13T22:36:04.041869-06:00	87728d2d66bf0b327930a94b865047ca	2024-07-30T09:57:42.568430-05:00	c6882939-729e-4360-b850-9f7a84df2d7e	Gene Expression Quantification	released	RNA-Seq	1	32.0 - 46.0	TCGA-BRCA	5e5d261c-bc17-4b9d-8a16-6750cc6af0c2	released	62298f43-7f8b-430e-9a23-0ee0ffbc1162_star__counts	https://github.com/NCI-GDC/gdc-rnaseq-cwl/blob/5d8c131bbff59fb0c969217fc1d44e6d1503cd1f/rnaseq-star-align/star2pass.rnaseq_harmonization.cwl	STAR - Counts	5d8c131bbff59fb0c969217fc1d44e6d1503cd1f	Primary Tumor	NA	TCGA-E9-A54X	TCGA-E9-A54X-01A
40ad8a2a-abd2-4701-b984-4afa4c27c260	TSV	TCGA-AN-A0XT-01A-11R-A109-07	open	9d2a209e-f610-4bde-8265-ef7e7e7ac0c4.rna_seq.augmented_star_gene_counts.tsv	6b2e1824-c269-4e82-a08d-1e53034e11fb	Transcriptome Profiling	gene_expression	Illumina	4238612	2021-12-13T22:10:18.424882-06:00	2e1903f64807fa5cd0ffe55c35becc87	2024-07-30T09:44:56.185601-05:00	40ad8a2a-abd2-4701-b984-4afa4c27c260	Gene Expression Quantification	released	RNA-Seq	1	32.0 - 46.0	TCGA-BRCA	43f4e4f0-7422-44f5-9ea6-f2a49f73cd58	released	9d2a209e-f610-4bde-8265-ef7e7e7ac0c4_star__counts	https://github.com/NCI-GDC/gdc-rnaseq-cwl/blob/5d8c131bbff59fb0c969217fc1d44e6d1503cd1f/rnaseq-star-align/star2pass.rnaseq_harmonization.cwl	STAR - Counts	5d8c131bbff59fb0c969217fc1d44e6d1503cd1f	Primary Tumor	NA	TCGA-AN-A0XT	TCGA-AN-A0XT-01A
28c03f8f-7f7a-4a53-a840-db0f4052ed26	TSV	TCGA-LL-A73Z-01A-11R-A32P-07	open	2d4c2aed-34ae-4232-9b42-29b1a821f791.rna_seq.augmented_star_gene_counts.tsv	f86f1689-9a4a-4511-bddb-9554fdd3a3cd	Transcriptome Profiling	gene_expression	Illumina	4241246	2021-12-13T22:15:01.554383-06:00	a2f282bede097da9a4a2e07e87d01952	2024-07-30T09:50:36.914182-05:00	28c03f8f-7f7a-4a53-a840-db0f4052ed26	Gene Expression Quantification	released	RNA-Seq	1	32.0 - 46.0	TCGA-BRCA	1aeb9e06-09da-48b1-ac49-50a4f6582de4	released	2d4c2aed-34ae-4232-9b42-29b1a821f791_star__counts	https://github.com/NCI-GDC/gdc-rnaseq-cwl/blob/5d8c131bbff59fb0c969217fc1d44e6d1503cd1f/rnaseq-star-align/star2pass.rnaseq_harmonization.cwl	STAR - Counts	5d8c131bbff59fb0c969217fc1d44e6d1503cd1f	Primary Tumor	NA	TCGA-LL-A73Z	TCGA-LL-A73Z-01A
9cac5296-0f61-46a2-bcbf-9bd3212fb7dd	TSV	TCGA-D8-A1JM-01A-11R-A13Q-07	open	1ec0a33c-5b2e-4078-8226-48026f7d5c82.rna_seq.augmented_star_gene_counts.tsv	2d97649f-8d6c-481c-a534-ace2ea9edb5c	Transcriptome Profiling	gene_expression	Illumina	4243209	2021-12-13T22:35:18.582374-06:00	e48fdb17c5c7d9405180cbd2db64344f	2024-07-30T09:29:32.554016-05:00	9cac5296-0f61-46a2-bcbf-9bd3212fb7dd	Gene Expression Quantification	released	RNA-Seq	1	32.0 - 46.0	TCGA-BRCA	13f5a0c2-9712-4378-a32b-e39d31c7d2df	released	1ec0a33c-5b2e-4078-8226-48026f7d5c82_star__counts	https://github.com/NCI-GDC/gdc-rnaseq-cwl/blob/5d8c131bbff59fb0c969217fc1d44e6d1503cd1f/rnaseq-star-align/star2pass.rnaseq_harmonization.cwl	STAR - Counts	5d8c131bbff59fb0c969217fc1d44e6d1503cd1f	Primary Tumor	NA	TCGA-D8-A1JM	TCGA-D8-A1JM-01A
f52fccc4-745f-4e5d-bff8-8d2009b6588d	TSV	TCGA-AN-A0AL-01A-11R-A00Z-07	open	458ad47a-9fbc-4508-8ff5-5a8e5c71ae6a.rna_seq.augmented_star_gene_counts.tsv	c818c157-4d1f-4caa-bad4-5b8ecac1dfe2	Transcriptome Profiling	gene_expression	Illumina	4237030	2021-12-13T22:31:51.944222-06:00	97c57b8924fbc3f02c78d0fd3f0c0a63	2024-07-30T09:37:02.324095-05:00	f52fccc4-745f-4e5d-bff8-8d2009b6588d	Gene Expression Quantification	released	RNA-Seq	1	32.0 - 46.0	TCGA-BRCA	8c41f1ee-d469-46b0-a800-44f9c1d91925	released	458ad47a-9fbc-4508-8ff5-5a8e5c71ae6a_star__counts	https://github.com/NCI-GDC/gdc-rnaseq-cwl/blob/5d8c131bbff59fb0c969217fc1d44e6d1503cd1f/rnaseq-star-align/star2pass.rnaseq_harmonization.cwl	STAR - Counts	5d8c131bbff59fb0c969217fc1d44e6d1503cd1f	Primary Tumor	NA	TCGA-AN-A0AL	TCGA-AN-A0AL-01A
2a09e101-9e01-45ec-9b02-d806f4cd7469	TSV	TCGA-AO-A0JB-01A-11R-A32Y-07	open	ba6e6579-8858-467a-9d0b-b8df38cd5d62.rna_seq.augmented_star_gene_counts.tsv	fc137dc4-8874-4c0f-8dba-5b011e881272	Transcriptome Profiling	gene_expression	Illumina	4201892	2021-12-13T22:34:49.105693-06:00	fbe91eaa8fdd7066fe1667e22c40eb6b	2024-07-30T09:58:33.099329-05:00	2a09e101-9e01-45ec-9b02-d806f4cd7469	Gene Expression Quantification	released	RNA-Seq	1	32.0 - 46.0	TCGA-BRCA	f138c98f-1a65-4953-809a-4b5f1399ea96	released	ba6e6579-8858-467a-9d0b-b8df38cd5d62_star__counts	https://github.com/NCI-GDC/gdc-rnaseq-cwl/blob/5d8c131bbff59fb0c969217fc1d44e6d1503cd1f/rnaseq-star-align/star2pass.rnaseq_harmonization.cwl	STAR - Counts	5d8c131bbff59fb0c969217fc1d44e6d1503cd1f	Primary Tumor	NA	TCGA-AO-A0JB	TCGA-AO-A0JB-01A
20e1a6f6-c34f-4744-9b2a-392ea074ebe2	TSV	TCGA-AC-A2B8-01A-11R-A17B-07	open	d1d3d623-2de6-4d6f-b2a3-a50758f46b64.rna_seq.augmented_star_gene_counts.tsv	745522d6-80ab-45e4-8d51-32a543a06292	Transcriptome Profiling	gene_expression	Illumina	4259282	2021-12-13T21:50:08.992944-06:00	5414410d743424cdbfaea156f4476cfb	2024-07-30T09:37:35.689927-05:00	20e1a6f6-c34f-4744-9b2a-392ea074ebe2	Gene Expression Quantification	released	RNA-Seq	1	32.0 - 46.0	TCGA-BRCA	066b9330-2849-4a59-b043-8bd9cec8ef72	released	d1d3d623-2de6-4d6f-b2a3-a50758f46b64_star__counts	https://github.com/NCI-GDC/gdc-rnaseq-cwl/blob/5d8c131bbff59fb0c969217fc1d44e6d1503cd1f/rnaseq-star-align/star2pass.rnaseq_harmonization.cwl	STAR - Counts	5d8c131bbff59fb0c969217fc1d44e6d1503cd1f	Primary Tumor	NA	TCGA-AC-A2B8	TCGA-AC-A2B8-01A
b96a8979-77c1-41b5-a247-0342262d30f7	TSV	TCGA-B6-A0I8-01A-11R-A034-07	open	b2868132-6476-4eec-9032-2a668d894baa.rna_seq.augmented_star_gene_counts.tsv	0f0eb7b1-12a9-4e9a-bcce-32dc62dd2b40	Transcriptome Profiling	gene_expression	Illumina	4242948	2021-12-13T21:48:02.489136-06:00	1e4e3b8ea0b24b60b1b1e42e8aa67666	2024-07-30T09:44:13.125992-05:00	b96a8979-77c1-41b5-a247-0342262d30f7	Gene Expression Quantification	released	RNA-Seq	1	32.0 - 46.0	TCGA-BRCA	d90b8cfa-3f03-4c25-8005-77a76a44fafe	released	b2868132-6476-4eec-9032-2a668d894baa_star__counts	https://github.com/NCI-GDC/gdc-rnaseq-cwl/blob/5d8c131bbff59fb0c969217fc1d44e6d1503cd1f/rnaseq-star-align/star2pass.rnaseq_harmonization.cwl	STAR - Counts	5d8c131bbff59fb0c969217fc1d44e6d1503cd1f	Primary Tumor	NA	TCGA-B6-A0I8	TCGA-B6-A0I8-01A
59bb8b6d-9827-4d5c-8714-cbc8ec3b8be5	TSV	TCGA-GM-A2DB-01A-31R-A18M-07	open	c8c4129c-48ca-4df9-9ef8-bab2a794ebbf.rna_seq.augmented_star_gene_counts.tsv	f17c0672-f2fc-474e-ae7b-25b452151e42	Transcriptome Profiling	gene_expression	Illumina	4223367	2021-12-13T22:10:39.619076-06:00	56c26b4865b6b563286d2e48e7921ccb	2024-07-30T09:19:11.519108-05:00	59bb8b6d-9827-4d5c-8714-cbc8ec3b8be5	Gene Expression Quantification	released	RNA-Seq	1	32.0 - 46.0	TCGA-BRCA	49bcaa86-f65e-4a81-8fb1-4bd1b38fc045	released	c8c4129c-48ca-4df9-9ef8-bab2a794ebbf_star__counts	https://github.com/NCI-GDC/gdc-rnaseq-cwl/blob/5d8c131bbff59fb0c969217fc1d44e6d1503cd1f/rnaseq-star-align/star2pass.rnaseq_harmonization.cwl	STAR - Counts	5d8c131bbff59fb0c969217fc1d44e6d1503cd1f	Primary Tumor	NA	TCGA-GM-A2DB	TCGA-GM-A2DB-01A
4c75e72b-db9f-425b-9f14-946ee801071e	TSV	TCGA-A2-A0YC-01A-11R-A109-07	open	b3d432d6-0b86-4407-98e2-99c1971283a8.rna_seq.augmented_star_gene_counts.tsv	c88d7e64-a831-4182-85a6-f8705807befa	Transcriptome Profiling	gene_expression	Illumina	4250972	2021-12-13T22:13:51.179631-06:00	b861224716d67178066c7615edee72ec	2024-07-30T09:49:05.463554-05:00	4c75e72b-db9f-425b-9f14-946ee801071e	Gene Expression Quantification	released	RNA-Seq	1	32.0 - 46.0	TCGA-BRCA	fbca9aa9-e682-452b-94f4-741b3ef7f504	released	b3d432d6-0b86-4407-98e2-99c1971283a8_star__counts	https://github.com/NCI-GDC/gdc-rnaseq-cwl/blob/5d8c131bbff59fb0c969217fc1d44e6d1503cd1f/rnaseq-star-align/star2pass.rnaseq_harmonization.cwl	STAR - Counts	5d8c131bbff59fb0c969217fc1d44e6d1503cd1f	Primary Tumor	NA	TCGA-A2-A0YC	TCGA-A2-A0YC-01A
5fbe4a11-de4d-418e-9bc3-75b768d4a665	TSV	TCGA-AN-A0XU-01A-11R-A109-07	open	22e623b3-2c82-4283-bd28-2cf1777b0179.rna_seq.augmented_star_gene_counts.tsv	ac9094cb-4775-4fab-9f40-36b53f129582	Transcriptome Profiling	gene_expression	Illumina	4250936	2021-12-13T22:10:20.732620-06:00	6078a4eb3852baf57465346b82631ce4	2024-07-30T09:30:44.568404-05:00	5fbe4a11-de4d-418e-9bc3-75b768d4a665	Gene Expression Quantification	released	RNA-Seq	1	32.0 - 46.0	TCGA-BRCA	00d8fd13-5e7f-452a-98e1-ec34fbbbdea1	released	22e623b3-2c82-4283-bd28-2cf1777b0179_star__counts	https://github.com/NCI-GDC/gdc-rnaseq-cwl/blob/5d8c131bbff59fb0c969217fc1d44e6d1503cd1f/rnaseq-star-align/star2pass.rnaseq_harmonization.cwl	STAR - Counts	5d8c131bbff59fb0c969217fc1d44e6d1503cd1f	Primary Tumor	NA	TCGA-AN-A0XU	TCGA-AN-A0XU-01A
8ebe5f43-053c-4bfc-aefd-b9c22897b4ce	TSV	TCGA-JL-A3YW-01A-12R-A239-07	open	d7dc889e-649a-46e1-98ae-d4708c26930b.rna_seq.augmented_star_gene_counts.tsv	f8b0a3dd-e75d-4191-97cd-86c7095a576f	Transcriptome Profiling	gene_expression	Illumina	4247622	2021-12-13T22:36:31.518585-06:00	dd8cbcd4215b85b64f9b9e83a6a858a6	2024-07-30T09:31:33.578905-05:00	8ebe5f43-053c-4bfc-aefd-b9c22897b4ce	Gene Expression Quantification	released	RNA-Seq	1	32.0 - 46.0	TCGA-BRCA	f15c5f9a-36a7-4eef-a5d3-433a51b740ec	released	d7dc889e-649a-46e1-98ae-d4708c26930b_star__counts	https://github.com/NCI-GDC/gdc-rnaseq-cwl/blob/5d8c131bbff59fb0c969217fc1d44e6d1503cd1f/rnaseq-star-align/star2pass.rnaseq_harmonization.cwl	STAR - Counts	5d8c131bbff59fb0c969217fc1d44e6d1503cd1f	Primary Tumor	NA	TCGA-JL-A3YW	TCGA-JL-A3YW-01A
86b7ddd7-1c59-4937-99ec-b30fa9b4f0bd	TSV	TCGA-BH-A204-11A-53R-A157-07	open	a622a28b-a3ac-495b-b696-2a11e0e0e2ad.rna_seq.augmented_star_gene_counts.tsv	24163d40-d593-4e00-8ce8-39a461dd2eba	Transcriptome Profiling	gene_expression	Illumina	4240504	2021-12-13T22:20:00.300255-06:00	d0a2c7f198b4fabe4dc838ea141863a8	2024-07-30T09:22:45.061593-05:00	86b7ddd7-1c59-4937-99ec-b30fa9b4f0bd	Gene Expression Quantification	released	RNA-Seq	1	32.0 - 46.0	TCGA-BRCA	4cac6b9b-c0d6-4b8a-b7c5-6efc75fab501	released	a622a28b-a3ac-495b-b696-2a11e0e0e2ad_star__counts	https://github.com/NCI-GDC/gdc-rnaseq-cwl/blob/5d8c131bbff59fb0c969217fc1d44e6d1503cd1f/rnaseq-star-align/star2pass.rnaseq_harmonization.cwl	STAR - Counts	5d8c131bbff59fb0c969217fc1d44e6d1503cd1f	Solid Tissue Normal	NA	TCGA-BH-A204	TCGA-BH-A204-11A
1f224847-d745-4dc5-9338-4044413e8ec4	TSV	TCGA-BH-A204-01A-11R-A157-07	open	2db5e0aa-342e-4766-8725-c1d677fd52b2.rna_seq.augmented_star_gene_counts.tsv	073dc4e4-aac5-44b2-a653-c7ef038a5e6e	Transcriptome Profiling	gene_expression	Illumina	4252712	2021-12-13T22:19:14.920664-06:00	a337b0d6fed67a60f56a14c56a480650	2024-07-30T09:22:37.427568-05:00	1f224847-d745-4dc5-9338-4044413e8ec4	Gene Expression Quantification	released	RNA-Seq	1	32.0 - 46.0	TCGA-BRCA	649974c3-1dfd-4528-9aa6-2b2eb3ae4ff1	released	2db5e0aa-342e-4766-8725-c1d677fd52b2_star__counts	https://github.com/NCI-GDC/gdc-rnaseq-cwl/blob/5d8c131bbff59fb0c969217fc1d44e6d1503cd1f/rnaseq-star-align/star2pass.rnaseq_harmonization.cwl	STAR - Counts	5d8c131bbff59fb0c969217fc1d44e6d1503cd1f	Primary Tumor	NA	TCGA-BH-A204	TCGA-BH-A204-01A
4dd3d7e2-8a60-41e8-8812-a06f413afe2b	TSV	TCGA-AN-A0AT-01A-11R-A034-07	open	49ec7f30-d687-4124-a3aa-17bffb48ce26.rna_seq.augmented_star_gene_counts.tsv	e4cc65a7-1f26-46f2-b788-92914bda9b55	Transcriptome Profiling	gene_expression	Illumina	4249844	2021-12-13T22:08:54.442366-06:00	4f066c0a9719e3efb4a953ad9436e6da	2024-07-30T09:31:41.376785-05:00	4dd3d7e2-8a60-41e8-8812-a06f413afe2b	Gene Expression Quantification	released	RNA-Seq	1	32.0 - 46.0	TCGA-BRCA	e6400526-adb9-4224-94fd-a87f554a24c6	released	49ec7f30-d687-4124-a3aa-17bffb48ce26_star__counts	https://github.com/NCI-GDC/gdc-rnaseq-cwl/blob/5d8c131bbff59fb0c969217fc1d44e6d1503cd1f/rnaseq-star-align/star2pass.rnaseq_harmonization.cwl	STAR - Counts	5d8c131bbff59fb0c969217fc1d44e6d1503cd1f	Primary Tumor	NA	TCGA-AN-A0AT	TCGA-AN-A0AT-01A
d898d021-e82b-42e6-b82e-28c187136674	TSV	TCGA-A2-A0T3-01A-21R-A115-07	open	0b36289c-6835-414d-9f86-4cc4a812af87.rna_seq.augmented_star_gene_counts.tsv	a5d9d6b5-048b-429e-a8d8-805c9670e7d2	Transcriptome Profiling	gene_expression	Illumina	4247718	2021-12-13T21:47:48.086660-06:00	6645a0e032d43445994eb157f584b6b6	2024-07-30T10:01:56.612320-05:00	d898d021-e82b-42e6-b82e-28c187136674	Gene Expression Quantification	released	RNA-Seq	1	32.0 - 46.0	TCGA-BRCA	449a3644-c98a-4412-85ab-a4f01015246f	released	0b36289c-6835-414d-9f86-4cc4a812af87_star__counts	https://github.com/NCI-GDC/gdc-rnaseq-cwl/blob/5d8c131bbff59fb0c969217fc1d44e6d1503cd1f/rnaseq-star-align/star2pass.rnaseq_harmonization.cwl	STAR - Counts	5d8c131bbff59fb0c969217fc1d44e6d1503cd1f	Primary Tumor	NA	TCGA-A2-A0T3	TCGA-A2-A0T3-01A
584eef35-12c2-4aac-be09-175a9f9c5dfc	TSV	TCGA-AC-A62Y-01A-11R-A29R-07	open	2639c1a0-fcae-4abd-aff7-9a8988a26c3c.rna_seq.augmented_star_gene_counts.tsv	e03ed0dc-7d05-460b-b53b-ecadd5030b66	Transcriptome Profiling	gene_expression	Illumina	4241298	2021-12-13T22:17:39.343440-06:00	adbf1f66e95b85c17214529c70986864	2024-07-30T09:47:52.607127-05:00	584eef35-12c2-4aac-be09-175a9f9c5dfc	Gene Expression Quantification	released	RNA-Seq	1	32.0 - 46.0	TCGA-BRCA	09cfac61-16f2-456d-b08a-087f68f73078	released	2639c1a0-fcae-4abd-aff7-9a8988a26c3c_star__counts	https://github.com/NCI-GDC/gdc-rnaseq-cwl/blob/5d8c131bbff59fb0c969217fc1d44e6d1503cd1f/rnaseq-star-align/star2pass.rnaseq_harmonization.cwl	STAR - Counts	5d8c131bbff59fb0c969217fc1d44e6d1503cd1f	Primary Tumor	NA	TCGA-AC-A62Y	TCGA-AC-A62Y-01A
7806768a-e8c6-48b0-a241-c036c230e78b	TSV	TCGA-AO-A03U-01B-21R-A10J-07	open	341e11ea-c1b6-4d66-999c-76ebb9c8b342.rna_seq.augmented_star_gene_counts.tsv	e4c26561-d8a2-4b6f-bed6-baf9ea6a3c25	Transcriptome Profiling	gene_expression	Illumina	4243730	2021-12-13T21:48:29.469454-06:00	f9877b5367930f2eb95e2b53f25ccb29	2024-07-30T10:06:45.971236-05:00	7806768a-e8c6-48b0-a241-c036c230e78b	Gene Expression Quantification	released	RNA-Seq	1	32.0 - 46.0	TCGA-BRCA	e07499b9-9dc9-458c-abd4-eefb3985b8b0	released	341e11ea-c1b6-4d66-999c-76ebb9c8b342_star__counts	https://github.com/NCI-GDC/gdc-rnaseq-cwl/blob/5d8c131bbff59fb0c969217fc1d44e6d1503cd1f/rnaseq-star-align/star2pass.rnaseq_harmonization.cwl	STAR - Counts	5d8c131bbff59fb0c969217fc1d44e6d1503cd1f	Primary Tumor	NA	TCGA-AO-A03U	TCGA-AO-A03U-01B
891873c8-bb26-4215-9281-a79be2651f11	TSV	TCGA-BH-A1EY-01A-11R-A13Q-07	open	c9dffad1-99e8-40b8-8954-1e50b98a1a55.rna_seq.augmented_star_gene_counts.tsv	9dcf905c-06fd-4d9f-8eef-2bfd5e46838e	Transcriptome Profiling	gene_expression	Illumina	4235835	2021-12-13T21:50:24.441812-06:00	46a22b49c817567bad8be44a4d112ed1	2024-07-30T09:23:52.493980-05:00	891873c8-bb26-4215-9281-a79be2651f11	Gene Expression Quantification	released	RNA-Seq	1	32.0 - 46.0	TCGA-BRCA	c216fc2b-1322-4243-9689-dc1edcd9bdaa	released	c9dffad1-99e8-40b8-8954-1e50b98a1a55_star__counts	https://github.com/NCI-GDC/gdc-rnaseq-cwl/blob/5d8c131bbff59fb0c969217fc1d44e6d1503cd1f/rnaseq-star-align/star2pass.rnaseq_harmonization.cwl	STAR - Counts	5d8c131bbff59fb0c969217fc1d44e6d1503cd1f	Primary Tumor	NA	TCGA-BH-A1EY	TCGA-BH-A1EY-01A
7c89d4dc-cccb-4833-9731-be8affb76c89	TSV	TCGA-BH-A0W4-01A-11R-A109-07	open	9053485e-19f7-4d2b-b4b6-361d908cc708.rna_seq.augmented_star_gene_counts.tsv	58c6fc9f-40cd-4835-bf2d-42ea8a1207de	Transcriptome Profiling	gene_expression	Illumina	4249153	2021-12-13T22:06:26.704518-06:00	2d1f8dd3cc136ba46b9c178a93086ac0	2024-07-30T09:55:07.783795-05:00	7c89d4dc-cccb-4833-9731-be8affb76c89	Gene Expression Quantification	released	RNA-Seq	1	32.0 - 46.0	TCGA-BRCA	03213576-e83b-43ce-9847-d8ad781606ae	released	9053485e-19f7-4d2b-b4b6-361d908cc708_star__counts	https://github.com/NCI-GDC/gdc-rnaseq-cwl/blob/5d8c131bbff59fb0c969217fc1d44e6d1503cd1f/rnaseq-star-align/star2pass.rnaseq_harmonization.cwl	STAR - Counts	5d8c131bbff59fb0c969217fc1d44e6d1503cd1f	Primary Tumor	NA	TCGA-BH-A0W4	TCGA-BH-A0W4-01A
3844ac53-a01f-41f1-a3f3-d9decf12d024	TSV	TCGA-AR-A5QN-01A-12R-A28M-07	open	cff71f50-9056-40dd-b358-0de3e079cad0.rna_seq.augmented_star_gene_counts.tsv	8071db9e-4fce-4b7f-83e9-792dfbd195c3	Transcriptome Profiling	gene_expression	Illumina	4251737	2021-12-13T22:07:01.716166-06:00	6cf38e3198e159bca01742fa00aa8faa	2024-07-30T09:39:17.599560-05:00	3844ac53-a01f-41f1-a3f3-d9decf12d024	Gene Expression Quantification	released	RNA-Seq	1	32.0 - 46.0	TCGA-BRCA	30f8ab7e-b80b-4fa2-b9d1-dcc0119d436e	released	cff71f50-9056-40dd-b358-0de3e079cad0_star__counts	https://github.com/NCI-GDC/gdc-rnaseq-cwl/blob/5d8c131bbff59fb0c969217fc1d44e6d1503cd1f/rnaseq-star-align/star2pass.rnaseq_harmonization.cwl	STAR - Counts	5d8c131bbff59fb0c969217fc1d44e6d1503cd1f	Primary Tumor	NA	TCGA-AR-A5QN	TCGA-AR-A5QN-01A
41e79241-b5a4-4541-848b-e20e693e8ee3	TSV	TCGA-E2-A1IU-01A-11R-A14D-07	open	22c2b380-799e-4fad-ae38-46a916c592d5.rna_seq.augmented_star_gene_counts.tsv	868150f4-4022-4a48-98bc-b720d606dfc7	Transcriptome Profiling	gene_expression	Illumina	4239996	2021-12-13T22:05:04.428724-06:00	5667e8edecdc6efc588e8ef4fc97e41f	2024-07-30T10:08:11.620469-05:00	41e79241-b5a4-4541-848b-e20e693e8ee3	Gene Expression Quantification	released	RNA-Seq	1	32.0 - 46.0	TCGA-BRCA	ef5fb6a8-9ec7-4ebf-a0c2-49fa43415826	released	22c2b380-799e-4fad-ae38-46a916c592d5_star__counts	https://github.com/NCI-GDC/gdc-rnaseq-cwl/blob/5d8c131bbff59fb0c969217fc1d44e6d1503cd1f/rnaseq-star-align/star2pass.rnaseq_harmonization.cwl	STAR - Counts	5d8c131bbff59fb0c969217fc1d44e6d1503cd1f	Primary Tumor	NA	TCGA-E2-A1IU	TCGA-E2-A1IU-01A
94468afc-faea-4091-af0f-d2df8aec37da	TSV	TCGA-A2-A04W-01A-31R-A115-07	open	0781a18f-ce2a-478f-945e-49b2b8d7d941.rna_seq.augmented_star_gene_counts.tsv	e3eee1cc-0d54-4894-abee-c0b88a3a7ad7	Transcriptome Profiling	gene_expression	Illumina	4226514	2021-12-13T21:47:12.693081-06:00	fc4f1c0325d8e087f8fc8f33384af8f6	2024-07-30T09:42:29.940514-05:00	94468afc-faea-4091-af0f-d2df8aec37da	Gene Expression Quantification	released	RNA-Seq	1	32.0 - 46.0	TCGA-BRCA	213cdc9a-8c3e-4642-bd4c-4c87a427ede1	released	0781a18f-ce2a-478f-945e-49b2b8d7d941_star__counts	https://github.com/NCI-GDC/gdc-rnaseq-cwl/blob/5d8c131bbff59fb0c969217fc1d44e6d1503cd1f/rnaseq-star-align/star2pass.rnaseq_harmonization.cwl	STAR - Counts	5d8c131bbff59fb0c969217fc1d44e6d1503cd1f	Primary Tumor	NA	TCGA-A2-A04W	TCGA-A2-A04W-01A
5030e484-7981-462f-b78d-9fdf1a8531c5	TSV	TCGA-A2-A0YD-01A-11R-A109-07	open	95305dba-073f-40d7-aa20-66553b41bdf7.rna_seq.augmented_star_gene_counts.tsv	45d7278c-cb24-41fd-ada3-bf12e80ab556	Transcriptome Profiling	gene_expression	Illumina	4250231	2021-12-13T22:01:36.779269-06:00	2bf28e822dabac469a9136a6b58d1f89	2024-07-30T09:58:08.020775-05:00	5030e484-7981-462f-b78d-9fdf1a8531c5	Gene Expression Quantification	released	RNA-Seq	1	32.0 - 46.0	TCGA-BRCA	87e9f368-3435-4f18-9571-f2f9f15817aa	released	95305dba-073f-40d7-aa20-66553b41bdf7_star__counts	https://github.com/NCI-GDC/gdc-rnaseq-cwl/blob/5d8c131bbff59fb0c969217fc1d44e6d1503cd1f/rnaseq-star-align/star2pass.rnaseq_harmonization.cwl	STAR - Counts	5d8c131bbff59fb0c969217fc1d44e6d1503cd1f	Primary Tumor	NA	TCGA-A2-A0YD	TCGA-A2-A0YD-01A
3071e512-94ea-4820-9573-668235188e34	TSV	TCGA-BH-A0B7-11A-34R-A115-07	open	da549530-7ba5-4302-acd2-40a766860216.rna_seq.augmented_star_gene_counts.tsv	e52ec135-e527-4008-9e8a-5d2542c78491	Transcriptome Profiling	gene_expression	Illumina	4249785	2021-12-13T22:02:16.024844-06:00	5c8c4a05d55677456bf1615a8cf5e0b2	2024-07-30T09:50:31.003715-05:00	3071e512-94ea-4820-9573-668235188e34	Gene Expression Quantification	released	RNA-Seq	1	32.0 - 46.0	TCGA-BRCA	2bf520e1-3762-4270-9bee-ca829497b50b	released	da549530-7ba5-4302-acd2-40a766860216_star__counts	https://github.com/NCI-GDC/gdc-rnaseq-cwl/blob/5d8c131bbff59fb0c969217fc1d44e6d1503cd1f/rnaseq-star-align/star2pass.rnaseq_harmonization.cwl	STAR - Counts	5d8c131bbff59fb0c969217fc1d44e6d1503cd1f	Solid Tissue Normal	NA	TCGA-BH-A0B7	TCGA-BH-A0B7-11A
9c87ef50-5854-4f69-820b-9e0b4d46c982	TSV	TCGA-A7-A13F-01A-11R-A12P-07	open	b3861080-a052-4432-82f8-193122ab29d4.rna_seq.augmented_star_gene_counts.tsv	c3542f29-dffb-476a-ad4c-ca3c87bc08f9	Transcriptome Profiling	gene_expression	Illumina	4235115	2021-12-13T22:36:00.305106-06:00	625de118f72ded4ff1448465c1252925	2024-07-30T09:28:32.479409-05:00	9c87ef50-5854-4f69-820b-9e0b4d46c982	Gene Expression Quantification	released	RNA-Seq	1	32.0 - 46.0	TCGA-BRCA	772483e7-6aef-47a5-bc1e-d300b2816a03	released	b3861080-a052-4432-82f8-193122ab29d4_star__counts	https://github.com/NCI-GDC/gdc-rnaseq-cwl/blob/5d8c131bbff59fb0c969217fc1d44e6d1503cd1f/rnaseq-star-align/star2pass.rnaseq_harmonization.cwl	STAR - Counts	5d8c131bbff59fb0c969217fc1d44e6d1503cd1f	Primary Tumor	NA	TCGA-A7-A13F	TCGA-A7-A13F-01A
25c20f52-1031-4cd1-a9ed-4b2049b01a3e	TSV	TCGA-BH-A0HK-01A-11R-A056-07	open	87568e73-7eac-4243-9d74-03efb86b6f29.rna_seq.augmented_star_gene_counts.tsv	55446875-851f-470f-aa0a-1d0c4f88b16f	Transcriptome Profiling	gene_expression	Illumina	4229638	2021-12-13T22:09:37.873464-06:00	a75faf1eb74a60acdd18c39ab92fced0	2024-07-30T10:01:33.982817-05:00	25c20f52-1031-4cd1-a9ed-4b2049b01a3e	Gene Expression Quantification	released	RNA-Seq	1	32.0 - 46.0	TCGA-BRCA	a54dabff-bf6d-4290-950a-52ef1e6af269	released	87568e73-7eac-4243-9d74-03efb86b6f29_star__counts	https://github.com/NCI-GDC/gdc-rnaseq-cwl/blob/5d8c131bbff59fb0c969217fc1d44e6d1503cd1f/rnaseq-star-align/star2pass.rnaseq_harmonization.cwl	STAR - Counts	5d8c131bbff59fb0c969217fc1d44e6d1503cd1f	Primary Tumor	NA	TCGA-BH-A0HK	TCGA-BH-A0HK-01A
75182885-7501-49b1-bb0d-8a88da1080a3	TSV	TCGA-BH-A0HK-11A-11R-A089-07	open	0965a7ff-1a9f-4cc6-a822-970390b2de58.rna_seq.augmented_star_gene_counts.tsv	f2d175e3-5229-41f7-b4fb-0ee1f18024f2	Transcriptome Profiling	gene_expression	Illumina	4245349	2021-12-13T21:43:45.253942-06:00	59df9be9f00b5d6de76aa042f856684a	2024-07-30T09:39:05.160985-05:00	75182885-7501-49b1-bb0d-8a88da1080a3	Gene Expression Quantification	released	RNA-Seq	1	32.0 - 46.0	TCGA-BRCA	adff63a3-14d3-4b17-b0f5-0de9e79f5620	released	0965a7ff-1a9f-4cc6-a822-970390b2de58_star__counts	https://github.com/NCI-GDC/gdc-rnaseq-cwl/blob/5d8c131bbff59fb0c969217fc1d44e6d1503cd1f/rnaseq-star-align/star2pass.rnaseq_harmonization.cwl	STAR - Counts	5d8c131bbff59fb0c969217fc1d44e6d1503cd1f	Solid Tissue Normal	NA	TCGA-BH-A0HK	TCGA-BH-A0HK-11A
e6cbdcab-7fd1-43a6-be43-68b6a0fb4fe9	TSV	TCGA-A2-A25D-01A-12R-A16F-07	open	e548b6da-7025-48ef-bac6-50dcf66abe71.rna_seq.augmented_star_gene_counts.tsv	8a8888c3-e2fa-4585-8bfd-b3e069548164	Transcriptome Profiling	gene_expression	Illumina	4239359	2021-12-13T22:23:44.104397-06:00	d90d18326c1a85630476a54c78325d49	2024-07-30T09:51:51.761231-05:00	e6cbdcab-7fd1-43a6-be43-68b6a0fb4fe9	Gene Expression Quantification	released	RNA-Seq	1	32.0 - 46.0	TCGA-BRCA	81aea8f1-f76d-4858-bc42-399c9a6bfebf	released	e548b6da-7025-48ef-bac6-50dcf66abe71_star__counts	https://github.com/NCI-GDC/gdc-rnaseq-cwl/blob/5d8c131bbff59fb0c969217fc1d44e6d1503cd1f/rnaseq-star-align/star2pass.rnaseq_harmonization.cwl	STAR - Counts	5d8c131bbff59fb0c969217fc1d44e6d1503cd1f	Primary Tumor	NA	TCGA-A2-A25D	TCGA-A2-A25D-01A
9415696a-44d9-477f-aba3-0a30ded48778	TSV	TCGA-BH-A201-01A-11R-A14M-07	open	3c3c4741-8eda-46fe-8d36-2cd683f4a987.rna_seq.augmented_star_gene_counts.tsv	10cf9ccb-de23-4458-b4ea-d7f17debb899	Transcriptome Profiling	gene_expression	Illumina	4252245	2021-12-13T22:36:12.423398-06:00	499716ba48c06fbb26cfac299f5d70c9	2024-07-30T09:55:01.628083-05:00	9415696a-44d9-477f-aba3-0a30ded48778	Gene Expression Quantification	released	RNA-Seq	1	32.0 - 46.0	TCGA-BRCA	97b0ba88-1c3e-41c9-97a9-efad17b0776f	released	3c3c4741-8eda-46fe-8d36-2cd683f4a987_star__counts	https://github.com/NCI-GDC/gdc-rnaseq-cwl/blob/5d8c131bbff59fb0c969217fc1d44e6d1503cd1f/rnaseq-star-align/star2pass.rnaseq_harmonization.cwl	STAR - Counts	5d8c131bbff59fb0c969217fc1d44e6d1503cd1f	Primary Tumor	NA	TCGA-BH-A201	TCGA-BH-A201-01A
8644d07c-979f-4ec6-928a-afe9229fb9f1	TSV	TCGA-A8-A085-01A-11R-A00Z-07	open	38b11e1f-1db0-4733-bdf6-fb64664027d4.rna_seq.augmented_star_gene_counts.tsv	ab329af5-cbfa-4583-9df5-6cf16ba31b8f	Transcriptome Profiling	gene_expression	Illumina	4251863	2021-12-13T22:29:50.611636-06:00	5bf06be05f9ee83789c5a223b423e1c5	2024-07-30T09:50:00.050597-05:00	8644d07c-979f-4ec6-928a-afe9229fb9f1	Gene Expression Quantification	released	RNA-Seq	1	32.0 - 46.0	TCGA-BRCA	5f77db69-e49f-44ce-890e-d260069cadc0	released	38b11e1f-1db0-4733-bdf6-fb64664027d4_star__counts	https://github.com/NCI-GDC/gdc-rnaseq-cwl/blob/5d8c131bbff59fb0c969217fc1d44e6d1503cd1f/rnaseq-star-align/star2pass.rnaseq_harmonization.cwl	STAR - Counts	5d8c131bbff59fb0c969217fc1d44e6d1503cd1f	Primary Tumor	NA	TCGA-A8-A085	TCGA-A8-A085-01A
61f32a8d-4649-4ea8-8374-00ab281464bf	TSV	TCGA-AR-A5QP-01A-11R-A28M-07	open	0d9db3d9-8f0a-41f8-bf2b-5de447d676b8.rna_seq.augmented_star_gene_counts.tsv	6531fe70-2c94-4bdc-9f84-cdc3146ca5d4	Transcriptome Profiling	gene_expression	Illumina	4245780	2021-12-13T22:09:28.678955-06:00	f35eeac98c4b098e019fe3ba0594ed37	2024-07-30T09:54:21.547268-05:00	61f32a8d-4649-4ea8-8374-00ab281464bf	Gene Expression Quantification	released	RNA-Seq	1	32.0 - 46.0	TCGA-BRCA	444629c3-6c7f-4647-a9fd-7273317eb5e9	released	0d9db3d9-8f0a-41f8-bf2b-5de447d676b8_star__counts	https://github.com/NCI-GDC/gdc-rnaseq-cwl/blob/5d8c131bbff59fb0c969217fc1d44e6d1503cd1f/rnaseq-star-align/star2pass.rnaseq_harmonization.cwl	STAR - Counts	5d8c131bbff59fb0c969217fc1d44e6d1503cd1f	Primary Tumor	NA	TCGA-AR-A5QP	TCGA-AR-A5QP-01A
f8e5691a-e24d-4dba-873e-9ffa3ca12bb6	TSV	TCGA-BH-A0W3-01A-11R-A109-07	open	80de2366-cd3c-4b51-9957-06ac3e152cf0.rna_seq.augmented_star_gene_counts.tsv	4e527da6-3f2b-4f93-ae1c-752947e7ff3d	Transcriptome Profiling	gene_expression	Illumina	4233819	2021-12-13T22:20:29.350553-06:00	deb48921e79eede02262389e1a8dcc7c	2024-07-30T10:04:20.651757-05:00	f8e5691a-e24d-4dba-873e-9ffa3ca12bb6	Gene Expression Quantification	released	RNA-Seq	1	32.0 - 46.0	TCGA-BRCA	2b44f63b-8c63-4769-b091-7325901fc296	released	80de2366-cd3c-4b51-9957-06ac3e152cf0_star__counts	https://github.com/NCI-GDC/gdc-rnaseq-cwl/blob/5d8c131bbff59fb0c969217fc1d44e6d1503cd1f/rnaseq-star-align/star2pass.rnaseq_harmonization.cwl	STAR - Counts	5d8c131bbff59fb0c969217fc1d44e6d1503cd1f	Primary Tumor	NA	TCGA-BH-A0W3	TCGA-BH-A0W3-01A
d01e4cd5-3c52-4655-8b7c-ef6070d58090	TSV	TCGA-AR-A24V-01A-21R-A169-07	open	d9666e09-51bb-49a4-b289-0e6b69636858.rna_seq.augmented_star_gene_counts.tsv	9a599423-abdd-4424-adde-f07206239f3c	Transcriptome Profiling	gene_expression	Illumina	4248482	2021-12-13T21:55:34.287449-06:00	89cfebd9966eb96e7ee3d73f646248ee	2024-07-30T09:40:48.304956-05:00	d01e4cd5-3c52-4655-8b7c-ef6070d58090	Gene Expression Quantification	released	RNA-Seq	1	32.0 - 46.0	TCGA-BRCA	cfaa1e89-e6aa-47c4-a7f0-318a2402555b	released	d9666e09-51bb-49a4-b289-0e6b69636858_star__counts	https://github.com/NCI-GDC/gdc-rnaseq-cwl/blob/5d8c131bbff59fb0c969217fc1d44e6d1503cd1f/rnaseq-star-align/star2pass.rnaseq_harmonization.cwl	STAR - Counts	5d8c131bbff59fb0c969217fc1d44e6d1503cd1f	Primary Tumor	NA	TCGA-AR-A24V	TCGA-AR-A24V-01A
b3d19aa0-af01-4998-b234-81f313b7a6f0	TSV	TCGA-E9-A1NE-01A-21R-A14M-07	open	8c22f448-940a-46f4-a192-f389d1931f0a.rna_seq.augmented_star_gene_counts.tsv	316f4a56-920c-4522-9fb5-63916385fd0b	Transcriptome Profiling	gene_expression	Illumina	4258986	2021-12-13T22:41:55.209022-06:00	524cf1e39d6c131a3e1e419c0b07ba27	2024-07-30T09:46:56.146293-05:00	b3d19aa0-af01-4998-b234-81f313b7a6f0	Gene Expression Quantification	released	RNA-Seq	1	32.0 - 46.0	TCGA-BRCA	ef8155fb-a750-4fa5-9f90-134a426a5316	released	8c22f448-940a-46f4-a192-f389d1931f0a_star__counts	https://github.com/NCI-GDC/gdc-rnaseq-cwl/blob/5d8c131bbff59fb0c969217fc1d44e6d1503cd1f/rnaseq-star-align/star2pass.rnaseq_harmonization.cwl	STAR - Counts	5d8c131bbff59fb0c969217fc1d44e6d1503cd1f	Primary Tumor	NA	TCGA-E9-A1NE	TCGA-E9-A1NE-01A
e52108ad-c4ab-4ab4-8636-caaeaae7ea62	TSV	TCGA-AC-A8OQ-01A-11R-A41B-07	open	b02ec16a-9dff-4b98-9960-73175454082a.rna_seq.augmented_star_gene_counts.tsv	15b57b81-9168-449f-a95d-4ef9c1804fb3	Transcriptome Profiling	gene_expression	Illumina	4239372	2021-12-13T21:47:49.936592-06:00	732a88518c8eaec42223c285ede58a95	2024-07-30T09:18:19.896892-05:00	e52108ad-c4ab-4ab4-8636-caaeaae7ea62	Gene Expression Quantification	released	RNA-Seq	1	32.0 - 46.0	TCGA-BRCA	a3da3773-6ca7-4c3b-9b75-d5e2ba8d0672	released	b02ec16a-9dff-4b98-9960-73175454082a_star__counts	https://github.com/NCI-GDC/gdc-rnaseq-cwl/blob/5d8c131bbff59fb0c969217fc1d44e6d1503cd1f/rnaseq-star-align/star2pass.rnaseq_harmonization.cwl	STAR - Counts	5d8c131bbff59fb0c969217fc1d44e6d1503cd1f	Primary Tumor	NA	TCGA-AC-A8OQ	TCGA-AC-A8OQ-01A
ec67e25e-9cc6-45a7-a7c0-8dc778ae14c1	TSV	TCGA-AC-A23C-01A-12R-A169-07	open	a068f661-e689-4e30-9572-3103039981aa.rna_seq.augmented_star_gene_counts.tsv	1e4d394b-7b4c-41a9-b63e-eea2c4a9c556	Transcriptome Profiling	gene_expression	Illumina	4257949	2021-12-13T21:46:05.577952-06:00	fa597e9b15adb92b276c29d9df1e876c	2024-07-30T09:30:59.157072-05:00	ec67e25e-9cc6-45a7-a7c0-8dc778ae14c1	Gene Expression Quantification	released	RNA-Seq	1	32.0 - 46.0	TCGA-BRCA	910f2fe3-545a-406b-9d12-5aa7aa7d4273	released	a068f661-e689-4e30-9572-3103039981aa_star__counts	https://github.com/NCI-GDC/gdc-rnaseq-cwl/blob/5d8c131bbff59fb0c969217fc1d44e6d1503cd1f/rnaseq-star-align/star2pass.rnaseq_harmonization.cwl	STAR - Counts	5d8c131bbff59fb0c969217fc1d44e6d1503cd1f	Primary Tumor	NA	TCGA-AC-A23C	TCGA-AC-A23C-01A
09a491b5-1bfb-47d9-963f-69f6c7e6c1e5	TSV	TCGA-C8-A12P-01A-11R-A115-07	open	bae57be0-48af-438d-88fa-cbaaf16b3d33.rna_seq.augmented_star_gene_counts.tsv	cc52239c-ed2f-4735-b744-4e8eef8b18b8	Transcriptome Profiling	gene_expression	Illumina	4236273	2021-12-13T22:38:56.410997-06:00	3e732abc0864a811802d17b63a954ee5	2024-07-30T10:00:55.394615-05:00	09a491b5-1bfb-47d9-963f-69f6c7e6c1e5	Gene Expression Quantification	released	RNA-Seq	1	32.0 - 46.0	TCGA-BRCA	3fcffc3e-62e8-4a93-a07e-3d5d02d8d99a	released	bae57be0-48af-438d-88fa-cbaaf16b3d33_star__counts	https://github.com/NCI-GDC/gdc-rnaseq-cwl/blob/5d8c131bbff59fb0c969217fc1d44e6d1503cd1f/rnaseq-star-align/star2pass.rnaseq_harmonization.cwl	STAR - Counts	5d8c131bbff59fb0c969217fc1d44e6d1503cd1f	Primary Tumor	NA	TCGA-C8-A12P	TCGA-C8-A12P-01A
4b445a8f-b60b-44c3-b501-de93010172f7	TSV	TCGA-E9-A1N8-01A-11R-A144-07	open	ce098c6d-1b12-48df-bbbb-4f1ea8788942.rna_seq.augmented_star_gene_counts.tsv	869adb7a-b8bb-45cc-8a26-3f334c20df41	Transcriptome Profiling	gene_expression	Illumina	4237908	2021-12-13T22:01:05.104850-06:00	29de4115d6407c183370b2c903aba307	2024-07-30T09:41:26.427944-05:00	4b445a8f-b60b-44c3-b501-de93010172f7	Gene Expression Quantification	released	RNA-Seq	1	32.0 - 46.0	TCGA-BRCA	edc2701d-619e-418c-83f5-6f6f6e1af3f7	released	ce098c6d-1b12-48df-bbbb-4f1ea8788942_star__counts	https://github.com/NCI-GDC/gdc-rnaseq-cwl/blob/5d8c131bbff59fb0c969217fc1d44e6d1503cd1f/rnaseq-star-align/star2pass.rnaseq_harmonization.cwl	STAR - Counts	5d8c131bbff59fb0c969217fc1d44e6d1503cd1f	Primary Tumor	NA	TCGA-E9-A1N8	TCGA-E9-A1N8-01A
debafec8-b9f4-45f3-aa4c-8e48e58e6a49	TSV	TCGA-AN-A0XV-01A-11R-A109-07	open	4fb42c7e-2a7e-4641-ae7c-e92fd9c2be11.rna_seq.augmented_star_gene_counts.tsv	10f1c0f1-d1a4-462e-9eef-0551861b1fe0	Transcriptome Profiling	gene_expression	Illumina	4249718	2021-12-13T22:08:20.668437-06:00	5a48963a6e09e86d24db6f0411689809	2024-07-30T09:28:56.316943-05:00	debafec8-b9f4-45f3-aa4c-8e48e58e6a49	Gene Expression Quantification	released	RNA-Seq	1	32.0 - 46.0	TCGA-BRCA	b10c4d42-3f41-457f-8693-e79af260e81b	released	4fb42c7e-2a7e-4641-ae7c-e92fd9c2be11_star__counts	https://github.com/NCI-GDC/gdc-rnaseq-cwl/blob/5d8c131bbff59fb0c969217fc1d44e6d1503cd1f/rnaseq-star-align/star2pass.rnaseq_harmonization.cwl	STAR - Counts	5d8c131bbff59fb0c969217fc1d44e6d1503cd1f	Primary Tumor	NA	TCGA-AN-A0XV	TCGA-AN-A0XV-01A
57044315-cc7f-4677-90fa-2e959740bd9c	TSV	TCGA-EW-A1OV-01A-11R-A144-07	open	857c6778-f94c-4b61-9df0-7ee340fb88bf.rna_seq.augmented_star_gene_counts.tsv	15e191cd-987b-4b0f-9da2-edd341f40517	Transcriptome Profiling	gene_expression	Illumina	4232082	2021-12-13T21:58:09.273493-06:00	9faba9793b39d22f2d9b40669da65e99	2024-07-30T09:36:36.876636-05:00	57044315-cc7f-4677-90fa-2e959740bd9c	Gene Expression Quantification	released	RNA-Seq	1	32.0 - 46.0	TCGA-BRCA	912719fe-260f-46fd-8f6a-ecfb08cd7fe9	released	857c6778-f94c-4b61-9df0-7ee340fb88bf_star__counts	https://github.com/NCI-GDC/gdc-rnaseq-cwl/blob/5d8c131bbff59fb0c969217fc1d44e6d1503cd1f/rnaseq-star-align/star2pass.rnaseq_harmonization.cwl	STAR - Counts	5d8c131bbff59fb0c969217fc1d44e6d1503cd1f	Primary Tumor	NA	TCGA-EW-A1OV	TCGA-EW-A1OV-01A
8f1fa5b0-7b8b-41ae-9ba4-9bce8776e5a8	TSV	TCGA-A2-A1FX-01A-11R-A13Q-07	open	b1e1ae0d-4558-4d30-9b20-79aa40fa5a2a.rna_seq.augmented_star_gene_counts.tsv	aa15c869-65d2-4354-bf06-c5118900b467	Transcriptome Profiling	gene_expression	Illumina	4255646	2021-12-13T22:04:18.061992-06:00	bb04c490287f69a80e994bca7cb66f81	2024-07-30T09:26:04.421868-05:00	8f1fa5b0-7b8b-41ae-9ba4-9bce8776e5a8	Gene Expression Quantification	released	RNA-Seq	1	32.0 - 46.0	TCGA-BRCA	fae7fe2c-ab77-489e-ac46-2fc70d498699	released	b1e1ae0d-4558-4d30-9b20-79aa40fa5a2a_star__counts	https://github.com/NCI-GDC/gdc-rnaseq-cwl/blob/5d8c131bbff59fb0c969217fc1d44e6d1503cd1f/rnaseq-star-align/star2pass.rnaseq_harmonization.cwl	STAR - Counts	5d8c131bbff59fb0c969217fc1d44e6d1503cd1f	Primary Tumor	NA	TCGA-A2-A1FX	TCGA-A2-A1FX-01A
f7619693-b880-408e-8be5-f266f61a403e	TSV	TCGA-AR-A2LO-01A-31R-A18M-07	open	a2b566c2-bdbc-41c0-a9dc-8207582e1a51.rna_seq.augmented_star_gene_counts.tsv	a5648bed-331b-4f7a-9d33-be57ad8eae93	Transcriptome Profiling	gene_expression	Illumina	4239612	2021-12-13T22:32:25.622781-06:00	cc04df3009ce8a46ed67749c494d9754	2024-07-30T09:21:58.061536-05:00	f7619693-b880-408e-8be5-f266f61a403e	Gene Expression Quantification	released	RNA-Seq	1	32.0 - 46.0	TCGA-BRCA	5fc2e0cd-6715-45c5-8f8d-adea23145b72	released	a2b566c2-bdbc-41c0-a9dc-8207582e1a51_star__counts	https://github.com/NCI-GDC/gdc-rnaseq-cwl/blob/5d8c131bbff59fb0c969217fc1d44e6d1503cd1f/rnaseq-star-align/star2pass.rnaseq_harmonization.cwl	STAR - Counts	5d8c131bbff59fb0c969217fc1d44e6d1503cd1f	Primary Tumor	NA	TCGA-AR-A2LO	TCGA-AR-A2LO-01A
1d0878a6-5c7c-40b9-8eab-64981d783b71	TSV	TCGA-D8-A27V-01A-12R-A17B-07	open	44df0b54-867f-4aef-8769-5d3fa8887b94.rna_seq.augmented_star_gene_counts.tsv	58bfd383-4d2b-47c1-b356-19b2e39c0ab1	Transcriptome Profiling	gene_expression	Illumina	4260022	2021-12-13T22:36:34.220680-06:00	b091d577989335f50834405de1250284	2024-07-30T09:52:25.799228-05:00	1d0878a6-5c7c-40b9-8eab-64981d783b71	Gene Expression Quantification	released	RNA-Seq	1	32.0 - 46.0	TCGA-BRCA	ae1d8613-ae17-44b1-81dc-73b740ca5878	released	44df0b54-867f-4aef-8769-5d3fa8887b94_star__counts	https://github.com/NCI-GDC/gdc-rnaseq-cwl/blob/5d8c131bbff59fb0c969217fc1d44e6d1503cd1f/rnaseq-star-align/star2pass.rnaseq_harmonization.cwl	STAR - Counts	5d8c131bbff59fb0c969217fc1d44e6d1503cd1f	Primary Tumor	NA	TCGA-D8-A27V	TCGA-D8-A27V-01A
b3b9ae66-e8d1-4a32-a2a9-46931b753527	TSV	TCGA-D8-A27M-01A-11R-A16F-07	open	e627254f-65f9-4939-add4-bb77bfd92e16.rna_seq.augmented_star_gene_counts.tsv	3751c6c9-e624-4e33-8474-f3156ac94b1f	Transcriptome Profiling	gene_expression	Illumina	4255561	2021-12-13T22:25:48.577196-06:00	37046328d56759798943826012f1702e	2024-07-30T09:46:21.016617-05:00	b3b9ae66-e8d1-4a32-a2a9-46931b753527	Gene Expression Quantification	released	RNA-Seq	1	32.0 - 46.0	TCGA-BRCA	c63d99ea-c267-4bbd-a1e9-4f47515a7f23	released	e627254f-65f9-4939-add4-bb77bfd92e16_star__counts	https://github.com/NCI-GDC/gdc-rnaseq-cwl/blob/5d8c131bbff59fb0c969217fc1d44e6d1503cd1f/rnaseq-star-align/star2pass.rnaseq_harmonization.cwl	STAR - Counts	5d8c131bbff59fb0c969217fc1d44e6d1503cd1f	Primary Tumor	NA	TCGA-D8-A27M	TCGA-D8-A27M-01A
5dee4a6f-9cf4-4360-a37b-e7b94aa70dac	TSV	TCGA-A2-A0YF-01A-21R-A109-07	open	5ef81653-adf0-4286-9f43-218490539508.rna_seq.augmented_star_gene_counts.tsv	330f0b04-85d4-43cc-9ba5-3e5fcf8fddef	Transcriptome Profiling	gene_expression	Illumina	4249012	2021-12-13T21:46:14.690600-06:00	38a580e95d24f8c0fb92a68ee09f9f53	2024-07-30T09:40:19.936066-05:00	5dee4a6f-9cf4-4360-a37b-e7b94aa70dac	Gene Expression Quantification	released	RNA-Seq	1	32.0 - 46.0	TCGA-BRCA	09f587e1-3ecc-4cad-ad45-d40525f81971	released	5ef81653-adf0-4286-9f43-218490539508_star__counts	https://github.com/NCI-GDC/gdc-rnaseq-cwl/blob/5d8c131bbff59fb0c969217fc1d44e6d1503cd1f/rnaseq-star-align/star2pass.rnaseq_harmonization.cwl	STAR - Counts	5d8c131bbff59fb0c969217fc1d44e6d1503cd1f	Primary Tumor	NA	TCGA-A2-A0YF	TCGA-A2-A0YF-01A
4af55932-ab7a-41e5-aa7f-fb16ab18c629	TSV	TCGA-BH-A0H6-01A-21R-A056-07	open	668e1e67-cc4f-40fd-b921-23aec5078635.rna_seq.augmented_star_gene_counts.tsv	1ff32166-e79b-4608-8f38-afbce61db031	Transcriptome Profiling	gene_expression	Illumina	4239240	2021-12-13T22:39:07.835506-06:00	f6ee5d18b7559e79eaa07b2d536e3d05	2024-07-30T09:44:18.230936-05:00	4af55932-ab7a-41e5-aa7f-fb16ab18c629	Gene Expression Quantification	released	RNA-Seq	1	32.0 - 46.0	TCGA-BRCA	08872e76-094e-42ef-824c-932a1423362a	released	668e1e67-cc4f-40fd-b921-23aec5078635_star__counts	https://github.com/NCI-GDC/gdc-rnaseq-cwl/blob/5d8c131bbff59fb0c969217fc1d44e6d1503cd1f/rnaseq-star-align/star2pass.rnaseq_harmonization.cwl	STAR - Counts	5d8c131bbff59fb0c969217fc1d44e6d1503cd1f	Primary Tumor	NA	TCGA-BH-A0H6	TCGA-BH-A0H6-01A
e4744b03-e390-43f2-a14b-86bddceaf9ae	TSV	TCGA-OL-A66L-01A-12R-A31O-07	open	c32e3393-3a51-4d72-aa60-e8e6e8c083f0.rna_seq.augmented_star_gene_counts.tsv	c357c111-7870-473f-a8d4-2cbaeb453ab4	Transcriptome Profiling	gene_expression	Illumina	4236952	2021-12-13T22:17:05.569715-06:00	d21ed86545a8697a8df955268d937b42	2024-07-30T09:38:25.881194-05:00	e4744b03-e390-43f2-a14b-86bddceaf9ae	Gene Expression Quantification	released	RNA-Seq	1	32.0 - 46.0	TCGA-BRCA	4cdad62c-acb6-4914-a5ea-ad9b2ec2677d	released	c32e3393-3a51-4d72-aa60-e8e6e8c083f0_star__counts	https://github.com/NCI-GDC/gdc-rnaseq-cwl/blob/5d8c131bbff59fb0c969217fc1d44e6d1503cd1f/rnaseq-star-align/star2pass.rnaseq_harmonization.cwl	STAR - Counts	5d8c131bbff59fb0c969217fc1d44e6d1503cd1f	Primary Tumor	NA	TCGA-OL-A66L	TCGA-OL-A66L-01A
67eceef4-f870-47a0-82d8-b39aa3282bd3	TSV	TCGA-D8-A1JU-01A-11R-A13Q-07	open	8087339c-4fdc-42e4-94ff-299a59ae88a3.rna_seq.augmented_star_gene_counts.tsv	4473dfd9-b268-4345-a447-4c17bbe63001	Transcriptome Profiling	gene_expression	Illumina	4250136	2021-12-13T22:43:08.966609-06:00	275bed2356865c1e902558ef71bf4e23	2024-07-30T09:20:51.956360-05:00	67eceef4-f870-47a0-82d8-b39aa3282bd3	Gene Expression Quantification	released	RNA-Seq	1	32.0 - 46.0	TCGA-BRCA	c129abdc-df34-4994-a4a3-0eadb50f466f	released	8087339c-4fdc-42e4-94ff-299a59ae88a3_star__counts	https://github.com/NCI-GDC/gdc-rnaseq-cwl/blob/5d8c131bbff59fb0c969217fc1d44e6d1503cd1f/rnaseq-star-align/star2pass.rnaseq_harmonization.cwl	STAR - Counts	5d8c131bbff59fb0c969217fc1d44e6d1503cd1f	Primary Tumor	NA	TCGA-D8-A1JU	TCGA-D8-A1JU-01A
ecf9996e-0cba-4394-9f5a-51fceab1ac56	TSV	TCGA-A8-A0AD-01A-11R-A056-07	open	47bdf86d-922f-4615-b7dc-8b19a0cbcf60.rna_seq.augmented_star_gene_counts.tsv	3f72f8ad-ab95-4293-8f97-8ebc5307f1cd	Transcriptome Profiling	gene_expression	Illumina	4232687	2021-12-13T22:02:41.584928-06:00	27420b6f209b66d648fc5fcfac5a5c7f	2024-07-30T09:36:57.683015-05:00	ecf9996e-0cba-4394-9f5a-51fceab1ac56	Gene Expression Quantification	released	RNA-Seq	1	32.0 - 46.0	TCGA-BRCA	13684561-477b-4e25-bcf7-c351b9fb5009	released	47bdf86d-922f-4615-b7dc-8b19a0cbcf60_star__counts	https://github.com/NCI-GDC/gdc-rnaseq-cwl/blob/5d8c131bbff59fb0c969217fc1d44e6d1503cd1f/rnaseq-star-align/star2pass.rnaseq_harmonization.cwl	STAR - Counts	5d8c131bbff59fb0c969217fc1d44e6d1503cd1f	Primary Tumor	NA	TCGA-A8-A0AD	TCGA-A8-A0AD-01A
9568dc22-f91c-44dd-95ec-370466ee64c3	TSV	TCGA-EW-A2FR-01A-11R-A21T-07	open	17985496-652a-4034-997b-b888d97316e3.rna_seq.augmented_star_gene_counts.tsv	bf2f397e-22f9-4574-a76e-b2fd5052b29c	Transcriptome Profiling	gene_expression	Illumina	4252582	2021-12-13T21:50:34.639274-06:00	2a9359a8b6c227c3ab2c850e06decd2c	2024-07-30T09:24:18.136539-05:00	9568dc22-f91c-44dd-95ec-370466ee64c3	Gene Expression Quantification	released	RNA-Seq	1	32.0 - 46.0	TCGA-BRCA	660eae7a-eaca-4ce2-9744-204f38a77e81	released	17985496-652a-4034-997b-b888d97316e3_star__counts	https://github.com/NCI-GDC/gdc-rnaseq-cwl/blob/5d8c131bbff59fb0c969217fc1d44e6d1503cd1f/rnaseq-star-align/star2pass.rnaseq_harmonization.cwl	STAR - Counts	5d8c131bbff59fb0c969217fc1d44e6d1503cd1f	Primary Tumor	NA	TCGA-EW-A2FR	TCGA-EW-A2FR-01A
e5f6e803-fc44-4f0f-9f6e-562b4e7d77ca	TSV	TCGA-PE-A5DD-01A-12R-A27Q-07	open	360280b4-a4eb-40f0-ac1a-35d6858f4aeb.rna_seq.augmented_star_gene_counts.tsv	ded2f877-b74d-4efe-b910-2904e06e02f5	Transcriptome Profiling	gene_expression	Illumina	4239312	2021-12-13T22:08:57.157183-06:00	387c968973ef882222e9c9e4ed7c7ce6	2024-07-30T09:57:05.537551-05:00	e5f6e803-fc44-4f0f-9f6e-562b4e7d77ca	Gene Expression Quantification	released	RNA-Seq	1	32.0 - 46.0	TCGA-BRCA	7c8c4644-51c8-4af4-bd13-590cec1f5403	released	360280b4-a4eb-40f0-ac1a-35d6858f4aeb_star__counts	https://github.com/NCI-GDC/gdc-rnaseq-cwl/blob/5d8c131bbff59fb0c969217fc1d44e6d1503cd1f/rnaseq-star-align/star2pass.rnaseq_harmonization.cwl	STAR - Counts	5d8c131bbff59fb0c969217fc1d44e6d1503cd1f	Primary Tumor	NA	TCGA-PE-A5DD	TCGA-PE-A5DD-01A
2e60bad2-2dd2-4dc3-aa45-dfc36ef4884b	TSV	TCGA-E2-A105-01A-11R-A10J-07	open	e1ef10f3-a1e2-4391-bfec-ac6b0231ae5d.rna_seq.augmented_star_gene_counts.tsv	424aab4d-cbe2-49bb-b05b-4ef3d25c3713	Transcriptome Profiling	gene_expression	Illumina	4249606	2021-12-13T22:25:40.134244-06:00	38e73dd766d27b5a545e285bac31fab5	2024-07-30T09:27:07.454258-05:00	2e60bad2-2dd2-4dc3-aa45-dfc36ef4884b	Gene Expression Quantification	released	RNA-Seq	1	32.0 - 46.0	TCGA-BRCA	85543759-1e33-4017-9f20-625d58fb0ecd	released	e1ef10f3-a1e2-4391-bfec-ac6b0231ae5d_star__counts	https://github.com/NCI-GDC/gdc-rnaseq-cwl/blob/5d8c131bbff59fb0c969217fc1d44e6d1503cd1f/rnaseq-star-align/star2pass.rnaseq_harmonization.cwl	STAR - Counts	5d8c131bbff59fb0c969217fc1d44e6d1503cd1f	Primary Tumor	NA	TCGA-E2-A105	TCGA-E2-A105-01A
7d5e390d-86f3-4988-9606-aeedabd31b52	TSV	TCGA-A2-A0T4-01A-31R-A084-07	open	fd5d7370-2c7c-4f6e-a236-e25366e463a8.rna_seq.augmented_star_gene_counts.tsv	242dbd72-ef8d-4b3d-8c4a-2afa859c4583	Transcriptome Profiling	gene_expression	Illumina	4235581	2021-12-13T22:10:42.354785-06:00	6e51438920b5592778ea479f4940e5eb	2024-07-30T09:27:58.383853-05:00	7d5e390d-86f3-4988-9606-aeedabd31b52	Gene Expression Quantification	released	RNA-Seq	1	32.0 - 46.0	TCGA-BRCA	9435817d-adbd-4c0a-b111-15ae11f7bba0	released	fd5d7370-2c7c-4f6e-a236-e25366e463a8_star__counts	https://github.com/NCI-GDC/gdc-rnaseq-cwl/blob/5d8c131bbff59fb0c969217fc1d44e6d1503cd1f/rnaseq-star-align/star2pass.rnaseq_harmonization.cwl	STAR - Counts	5d8c131bbff59fb0c969217fc1d44e6d1503cd1f	Primary Tumor	NA	TCGA-A2-A0T4	TCGA-A2-A0T4-01A
404cea41-efa9-44c0-84a1-5dd603d7a2a4	TSV	TCGA-Z7-A8R6-01A-11R-A41B-07	open	69ed2c6f-9495-475c-b8d6-c1db8f4b0537.rna_seq.augmented_star_gene_counts.tsv	8ef68e58-2037-4c00-8ece-d014c0185a41	Transcriptome Profiling	gene_expression	Illumina	4240696	2021-12-13T22:22:58.624704-06:00	2c4de00b4b27c611edf7b9403baf6f5c	2024-07-30T09:52:18.646690-05:00	404cea41-efa9-44c0-84a1-5dd603d7a2a4	Gene Expression Quantification	released	RNA-Seq	1	32.0 - 46.0	TCGA-BRCA	590188e6-598c-4a29-ae7e-584c3fdeebf0	released	69ed2c6f-9495-475c-b8d6-c1db8f4b0537_star__counts	https://github.com/NCI-GDC/gdc-rnaseq-cwl/blob/5d8c131bbff59fb0c969217fc1d44e6d1503cd1f/rnaseq-star-align/star2pass.rnaseq_harmonization.cwl	STAR - Counts	5d8c131bbff59fb0c969217fc1d44e6d1503cd1f	Primary Tumor	NA	TCGA-Z7-A8R6	TCGA-Z7-A8R6-01A
c4afcca9-94e4-4ecd-98d1-0aab86de8685	TSV	TCGA-A2-A0YL-01A-21R-A109-07	open	7dfcf573-5004-4c46-a269-8a07e303f873.rna_seq.augmented_star_gene_counts.tsv	dc505433-8289-44ac-8a6b-f1b76852b6bd	Transcriptome Profiling	gene_expression	Illumina	4252049	2021-12-13T22:03:32.883675-06:00	fb2ac4fc881f12795a248066327e4d1b	2024-07-30T09:44:16.896216-05:00	c4afcca9-94e4-4ecd-98d1-0aab86de8685	Gene Expression Quantification	released	RNA-Seq	1	32.0 - 46.0	TCGA-BRCA	1e6d5d82-4f85-41de-9ce2-adde1f7bcf21	released	7dfcf573-5004-4c46-a269-8a07e303f873_star__counts	https://github.com/NCI-GDC/gdc-rnaseq-cwl/blob/5d8c131bbff59fb0c969217fc1d44e6d1503cd1f/rnaseq-star-align/star2pass.rnaseq_harmonization.cwl	STAR - Counts	5d8c131bbff59fb0c969217fc1d44e6d1503cd1f	Primary Tumor	NA	TCGA-A2-A0YL	TCGA-A2-A0YL-01A
7c196890-04a5-496b-ae10-43b95be57d58	TSV	TCGA-D8-A73X-01A-11R-A32P-07	open	1742c1d9-a359-4d9e-b1e4-1d162472e67a.rna_seq.augmented_star_gene_counts.tsv	3a0025bf-bf3b-4984-bdcd-fdb67116edc6	Transcriptome Profiling	gene_expression	Illumina	4249902	2021-12-13T22:14:02.510501-06:00	b97fe53186b2254d8b18baa39e24900c	2024-07-30T09:24:33.807499-05:00	7c196890-04a5-496b-ae10-43b95be57d58	Gene Expression Quantification	released	RNA-Seq	1	32.0 - 46.0	TCGA-BRCA	4de2d9f7-4d64-4319-9bea-a70073210022	released	1742c1d9-a359-4d9e-b1e4-1d162472e67a_star__counts	https://github.com/NCI-GDC/gdc-rnaseq-cwl/blob/5d8c131bbff59fb0c969217fc1d44e6d1503cd1f/rnaseq-star-align/star2pass.rnaseq_harmonization.cwl	STAR - Counts	5d8c131bbff59fb0c969217fc1d44e6d1503cd1f	Primary Tumor	NA	TCGA-D8-A73X	TCGA-D8-A73X-01A
50c7c034-fccb-4eb1-b8db-e0a5d9e50172	TSV	TCGA-A7-A13D-01A-13R-A12P-07	open	d820ac02-a30e-437b-b20a-3e92705b7b81.rna_seq.augmented_star_gene_counts.tsv	3d55e3dd-49b0-49d9-8da4-be89cfc3ffd9	Transcriptome Profiling	gene_expression	Illumina	4237798	2021-12-13T22:00:49.329787-06:00	02094f85d2455a5a0d197798716cc7af	2024-07-30T09:54:45.864729-05:00	50c7c034-fccb-4eb1-b8db-e0a5d9e50172	Gene Expression Quantification	released	RNA-Seq	1	32.0 - 46.0	TCGA-BRCA	956091b5-f1b3-4294-82d4-abbe7d785f22	released	d820ac02-a30e-437b-b20a-3e92705b7b81_star__counts	https://github.com/NCI-GDC/gdc-rnaseq-cwl/blob/5d8c131bbff59fb0c969217fc1d44e6d1503cd1f/rnaseq-star-align/star2pass.rnaseq_harmonization.cwl	STAR - Counts	5d8c131bbff59fb0c969217fc1d44e6d1503cd1f	Primary Tumor	NA	TCGA-A7-A13D	TCGA-A7-A13D-01A
870fb4d4-8366-4bfa-b4c1-04d55eded427	TSV	TCGA-AO-A0JA-01A-11R-A056-07	open	3ef3fd4b-ed5b-41e1-8096-c573cf609bd3.rna_seq.augmented_star_gene_counts.tsv	22421c08-2205-48cc-8217-44e1fae6de85	Transcriptome Profiling	gene_expression	Illumina	4243363	2021-12-13T22:24:35.406001-06:00	29c6ef50a3771244a6aff798945edd05	2024-07-30T09:30:45.752855-05:00	870fb4d4-8366-4bfa-b4c1-04d55eded427	Gene Expression Quantification	released	RNA-Seq	1	32.0 - 46.0	TCGA-BRCA	5de4f1aa-aa58-4f7f-a41f-2f1771e8a176	released	3ef3fd4b-ed5b-41e1-8096-c573cf609bd3_star__counts	https://github.com/NCI-GDC/gdc-rnaseq-cwl/blob/5d8c131bbff59fb0c969217fc1d44e6d1503cd1f/rnaseq-star-align/star2pass.rnaseq_harmonization.cwl	STAR - Counts	5d8c131bbff59fb0c969217fc1d44e6d1503cd1f	Primary Tumor	NA	TCGA-AO-A0JA	TCGA-AO-A0JA-01A
41a87746-ec8e-47e3-986c-d1a119e7c96b	TSV	TCGA-C8-A26V-01A-11R-A16F-07	open	628501d9-94e5-440e-b39f-df0e3ea09986.rna_seq.augmented_star_gene_counts.tsv	f5d8f54a-4214-427f-bb06-2cf70252a8e7	Transcriptome Profiling	gene_expression	Illumina	4254670	2021-12-13T22:06:45.469936-06:00	167ea3bbb3a972e2a17547ae4be96ecf	2024-07-30T09:27:09.965960-05:00	41a87746-ec8e-47e3-986c-d1a119e7c96b	Gene Expression Quantification	released	RNA-Seq	1	32.0 - 46.0	TCGA-BRCA	02709273-e481-4a9d-b38f-c9b082c012fa	released	628501d9-94e5-440e-b39f-df0e3ea09986_star__counts	https://github.com/NCI-GDC/gdc-rnaseq-cwl/blob/5d8c131bbff59fb0c969217fc1d44e6d1503cd1f/rnaseq-star-align/star2pass.rnaseq_harmonization.cwl	STAR - Counts	5d8c131bbff59fb0c969217fc1d44e6d1503cd1f	Primary Tumor	NA	TCGA-C8-A26V	TCGA-C8-A26V-01A
52151eca-7819-496e-bf31-4875b68d429d	TSV	TCGA-AC-A2FM-11B-32R-A19W-07	open	34478743-530d-4d71-a124-90ad54ded5c1.rna_seq.augmented_star_gene_counts.tsv	3150ef18-485c-430b-b567-5559f38a333e	Transcriptome Profiling	gene_expression	Illumina	4245902	2021-12-13T21:49:08.533108-06:00	1a84f1a5617efd6f294af14e5fd515fe	2024-07-30T09:32:03.479666-05:00	52151eca-7819-496e-bf31-4875b68d429d	Gene Expression Quantification	released	RNA-Seq	1	32.0 - 46.0	TCGA-BRCA	7cf73e8a-65a8-46eb-88ea-97db4a2acf97	released	34478743-530d-4d71-a124-90ad54ded5c1_star__counts	https://github.com/NCI-GDC/gdc-rnaseq-cwl/blob/5d8c131bbff59fb0c969217fc1d44e6d1503cd1f/rnaseq-star-align/star2pass.rnaseq_harmonization.cwl	STAR - Counts	5d8c131bbff59fb0c969217fc1d44e6d1503cd1f	Solid Tissue Normal	NA	TCGA-AC-A2FM	TCGA-AC-A2FM-11B
5422b305-6411-4a01-b371-dc74c9e351e4	TSV	TCGA-C8-A27A-01A-11R-A169-07	open	be8e200c-dced-4b24-a70d-6b6baecb7300.rna_seq.augmented_star_gene_counts.tsv	507f6cb5-1ee4-426b-a937-9ab5f8fe4dca	Transcriptome Profiling	gene_expression	Illumina	4260864	2021-12-13T21:56:12.594593-06:00	384fee6460725356cd3b24187c0207e0	2024-07-30T09:43:33.115115-05:00	5422b305-6411-4a01-b371-dc74c9e351e4	Gene Expression Quantification	released	RNA-Seq	1	32.0 - 46.0	TCGA-BRCA	e89f58e2-b7aa-401e-82b1-23723de8a722	released	be8e200c-dced-4b24-a70d-6b6baecb7300_star__counts	https://github.com/NCI-GDC/gdc-rnaseq-cwl/blob/5d8c131bbff59fb0c969217fc1d44e6d1503cd1f/rnaseq-star-align/star2pass.rnaseq_harmonization.cwl	STAR - Counts	5d8c131bbff59fb0c969217fc1d44e6d1503cd1f	Primary Tumor	NA	TCGA-C8-A27A	TCGA-C8-A27A-01A
28b84c2b-6524-46ee-9d1e-24e7d6379af4	TSV	TCGA-EW-A1PE-01A-11R-A144-07	open	b55e91d5-8675-4f6e-b9f0-cef4c82b7323.rna_seq.augmented_star_gene_counts.tsv	79d2bc9e-f1a2-4384-83e1-88cba5154036	Transcriptome Profiling	gene_expression	Illumina	4252794	2021-12-13T22:29:59.072155-06:00	f53059ae73be01b8bf2de75baf73cee4	2024-07-30T09:21:00.573127-05:00	28b84c2b-6524-46ee-9d1e-24e7d6379af4	Gene Expression Quantification	released	RNA-Seq	1	32.0 - 46.0	TCGA-BRCA	a2163ee2-ddcb-4e77-b0ba-cc8fd40c8efd	released	b55e91d5-8675-4f6e-b9f0-cef4c82b7323_star__counts	https://github.com/NCI-GDC/gdc-rnaseq-cwl/blob/5d8c131bbff59fb0c969217fc1d44e6d1503cd1f/rnaseq-star-align/star2pass.rnaseq_harmonization.cwl	STAR - Counts	5d8c131bbff59fb0c969217fc1d44e6d1503cd1f	Primary Tumor	NA	TCGA-EW-A1PE	TCGA-EW-A1PE-01A
4af2ea24-60fe-4fc1-858b-68ed98855082	TSV	TCGA-LL-A5YM-01A-11R-A28M-07	open	8f1c0479-48ac-46e7-a2c2-973a8a6c4747.rna_seq.augmented_star_gene_counts.tsv	2b55d7fd-b0fc-4691-88ee-f91f090fdc4c	Transcriptome Profiling	gene_expression	Illumina	4224174	2021-12-13T22:11:31.542780-06:00	da1f15212ba112d864b94d90ff11dc4b	2024-07-30T09:44:19.578298-05:00	4af2ea24-60fe-4fc1-858b-68ed98855082	Gene Expression Quantification	released	RNA-Seq	1	32.0 - 46.0	TCGA-BRCA	1409454e-1252-424a-b41c-8051fc27f2af	released	8f1c0479-48ac-46e7-a2c2-973a8a6c4747_star__counts	https://github.com/NCI-GDC/gdc-rnaseq-cwl/blob/5d8c131bbff59fb0c969217fc1d44e6d1503cd1f/rnaseq-star-align/star2pass.rnaseq_harmonization.cwl	STAR - Counts	5d8c131bbff59fb0c969217fc1d44e6d1503cd1f	Primary Tumor	NA	TCGA-LL-A5YM	TCGA-LL-A5YM-01A
8ca36e25-aabc-4bd9-9ced-a8d432ca0260	TSV	TCGA-LL-A73Y-01A-11R-A33J-07	open	6e6eeb9a-6437-4e53-9fb7-c283f738d3bd.rna_seq.augmented_star_gene_counts.tsv	72e7bfef-184c-49fe-a107-c5c0fbffcfd0	Transcriptome Profiling	gene_expression	Illumina	4253858	2021-12-13T21:53:04.442570-06:00	99f313039e4e127a584e30ff5aa4b7d8	2024-07-30T09:21:05.395944-05:00	8ca36e25-aabc-4bd9-9ced-a8d432ca0260	Gene Expression Quantification	released	RNA-Seq	1	32.0 - 46.0	TCGA-BRCA	fee01bf9-ede5-4395-8668-d0a7a6816ca3	released	6e6eeb9a-6437-4e53-9fb7-c283f738d3bd_star__counts	https://github.com/NCI-GDC/gdc-rnaseq-cwl/blob/5d8c131bbff59fb0c969217fc1d44e6d1503cd1f/rnaseq-star-align/star2pass.rnaseq_harmonization.cwl	STAR - Counts	5d8c131bbff59fb0c969217fc1d44e6d1503cd1f	Primary Tumor	NA	TCGA-LL-A73Y	TCGA-LL-A73Y-01A
8b000fae-e6de-4038-8486-45316cae622d	TSV	TCGA-E9-A1ND-11A-43R-A144-07	open	7be7033e-db49-45cd-8ea5-827266707b1e.rna_seq.augmented_star_gene_counts.tsv	553cba5b-3e9c-4e29-832c-00b2f6efabe9	Transcriptome Profiling	gene_expression	Illumina	4239332	2021-12-13T22:44:09.254703-06:00	1d21804923768d0d53eea40edd857afc	2024-07-30T09:55:03.948713-05:00	8b000fae-e6de-4038-8486-45316cae622d	Gene Expression Quantification	released	RNA-Seq	1	32.0 - 46.0	TCGA-BRCA	ca398835-cafa-40b3-8c48-d1d5d6b2f2fb	released	7be7033e-db49-45cd-8ea5-827266707b1e_star__counts	https://github.com/NCI-GDC/gdc-rnaseq-cwl/blob/5d8c131bbff59fb0c969217fc1d44e6d1503cd1f/rnaseq-star-align/star2pass.rnaseq_harmonization.cwl	STAR - Counts	5d8c131bbff59fb0c969217fc1d44e6d1503cd1f	Solid Tissue Normal	NA	TCGA-E9-A1ND	TCGA-E9-A1ND-11A
7e915086-4926-4670-9f43-e35e2d04d6c5	TSV	TCGA-AC-A3OD-01A-11R-A21T-07	open	a091a049-ebb1-465c-bf2e-b2abd72e4901.rna_seq.augmented_star_gene_counts.tsv	78487d6f-eb7c-44db-977c-5978c389f61a	Transcriptome Profiling	gene_expression	Illumina	4263010	2022-10-31T13:39:47.989657-05:00	0b069131bacfafbc6dfe82e2946068f2	2024-07-29T20:05:43.549311-05:00	7e915086-4926-4670-9f43-e35e2d04d6c5	Gene Expression Quantification	released	RNA-Seq	1	36.0 - 46.0	TCGA-BRCA	c967024d-35c1-4d2d-9a2b-baa81894367b	released	a091a049-ebb1-465c-bf2e-b2abd72e4901_star__counts	quay.io/ncigdc	STAR - Counts	5a02c12930eb23436322a7494047b907b97570c5	Primary Tumor	NA	TCGA-AC-A3OD	TCGA-AC-A3OD-01A
8fb0660c-fb39-47f0-8450-1f7abff3b656	TSV	TCGA-A2-A0CM-01A-31R-A034-07	open	3334577a-8045-4613-9a1b-e79fd62d5d6d.rna_seq.augmented_star_gene_counts.tsv	a3709057-a325-494c-b450-88456c4b649d	Transcriptome Profiling	gene_expression	Illumina	4235162	2021-12-13T21:53:01.903401-06:00	82250c0adab66ef3636fdad8e6cf5b8c	2024-07-30T09:24:24.015585-05:00	8fb0660c-fb39-47f0-8450-1f7abff3b656	Gene Expression Quantification	released	RNA-Seq	1	32.0 - 46.0	TCGA-BRCA	5ddbbfe7-73e4-4f9c-8e2f-01c81f97cb4f	released	3334577a-8045-4613-9a1b-e79fd62d5d6d_star__counts	https://github.com/NCI-GDC/gdc-rnaseq-cwl/blob/5d8c131bbff59fb0c969217fc1d44e6d1503cd1f/rnaseq-star-align/star2pass.rnaseq_harmonization.cwl	STAR - Counts	5d8c131bbff59fb0c969217fc1d44e6d1503cd1f	Primary Tumor	NA	TCGA-A2-A0CM	TCGA-A2-A0CM-01A
0b798fe4-1c51-4c36-afc8-5bee39fd6077	TSV	TCGA-E9-A1R0-01A-22R-A16F-07	open	e3142cf7-334f-4f34-a5da-53ffa4e1ba33.rna_seq.augmented_star_gene_counts.tsv	c84dd1e8-75ec-4147-ade8-adb4473d61a2	Transcriptome Profiling	gene_expression	Illumina	4252966	2021-12-13T22:28:54.775818-06:00	eb5e843b2164dcee88d5eda0fb11c0dc	2024-07-30T09:19:57.016686-05:00	0b798fe4-1c51-4c36-afc8-5bee39fd6077	Gene Expression Quantification	released	RNA-Seq	1	32.0 - 46.0	TCGA-BRCA	004d797b-ec4e-4b14-a621-639357e7ce50	released	e3142cf7-334f-4f34-a5da-53ffa4e1ba33_star__counts	https://github.com/NCI-GDC/gdc-rnaseq-cwl/blob/5d8c131bbff59fb0c969217fc1d44e6d1503cd1f/rnaseq-star-align/star2pass.rnaseq_harmonization.cwl	STAR - Counts	5d8c131bbff59fb0c969217fc1d44e6d1503cd1f	Primary Tumor	NA	TCGA-E9-A1R0	TCGA-E9-A1R0-01A
a8898537-0afa-4655-b123-78c11b90c53a	TSV	TCGA-A7-A0DB-01A-11R-A00Z-07	open	b4aad532-f92b-43d9-820c-f3c98e382225.rna_seq.augmented_star_gene_counts.tsv	d221b92c-2f8f-435e-b35f-b6991bdb5bfe	Transcriptome Profiling	gene_expression	Illumina	4242715	2021-12-13T21:55:21.017638-06:00	b9111bb2b620d026813b35c959bc7ab3	2024-07-30T10:07:59.125136-05:00	a8898537-0afa-4655-b123-78c11b90c53a	Gene Expression Quantification	released	RNA-Seq	1	32.0 - 46.0	TCGA-BRCA	d855b73b-7bf6-4f6a-a659-0fabc5acbf03	released	b4aad532-f92b-43d9-820c-f3c98e382225_star__counts	https://github.com/NCI-GDC/gdc-rnaseq-cwl/blob/5d8c131bbff59fb0c969217fc1d44e6d1503cd1f/rnaseq-star-align/star2pass.rnaseq_harmonization.cwl	STAR - Counts	5d8c131bbff59fb0c969217fc1d44e6d1503cd1f	Primary Tumor	NA	TCGA-A7-A0DB	TCGA-A7-A0DB-01A
7235fd65-e9cb-45f1-ac78-cad80823325e	TSV	TCGA-AR-A1AR-01A-31R-A137-07	open	b021039d-26c3-4851-9641-ddd81e408339.rna_seq.augmented_star_gene_counts.tsv	b461331c-8e9a-4cb5-8768-1f556aeddde0	Transcriptome Profiling	gene_expression	Illumina	4252760	2021-12-13T22:18:28.180939-06:00	b8849d5006f38f71d2d85d90b54e5961	2024-07-30T09:59:49.366494-05:00	7235fd65-e9cb-45f1-ac78-cad80823325e	Gene Expression Quantification	released	RNA-Seq	1	32.0 - 46.0	TCGA-BRCA	5a540f0e-7462-47fa-baf6-405a24956408	released	b021039d-26c3-4851-9641-ddd81e408339_star__counts	https://github.com/NCI-GDC/gdc-rnaseq-cwl/blob/5d8c131bbff59fb0c969217fc1d44e6d1503cd1f/rnaseq-star-align/star2pass.rnaseq_harmonization.cwl	STAR - Counts	5d8c131bbff59fb0c969217fc1d44e6d1503cd1f	Primary Tumor	NA	TCGA-AR-A1AR	TCGA-AR-A1AR-01A
04a7cce8-c3b3-4994-9dac-c0e53099f37d	TSV	TCGA-AR-A0TR-01A-11R-A084-07	open	676cce88-9f6e-4490-8e73-c0e88bd00075.rna_seq.augmented_star_gene_counts.tsv	6e4366eb-cedd-413c-a0de-391643dc278a	Transcriptome Profiling	gene_expression	Illumina	4248694	2021-12-13T22:13:45.342694-06:00	8bd64566a6e28ef70633a906518ec4b6	2024-07-30T09:46:38.261585-05:00	04a7cce8-c3b3-4994-9dac-c0e53099f37d	Gene Expression Quantification	released	RNA-Seq	1	32.0 - 46.0	TCGA-BRCA	e4ca8544-638d-43f0-9a5f-2e985fafc3f9	released	676cce88-9f6e-4490-8e73-c0e88bd00075_star__counts	https://github.com/NCI-GDC/gdc-rnaseq-cwl/blob/5d8c131bbff59fb0c969217fc1d44e6d1503cd1f/rnaseq-star-align/star2pass.rnaseq_harmonization.cwl	STAR - Counts	5d8c131bbff59fb0c969217fc1d44e6d1503cd1f	Primary Tumor	NA	TCGA-AR-A0TR	TCGA-AR-A0TR-01A
0022cd20-f64f-4773-b9ff-a3de0b71b259	TSV	TCGA-AN-A0FN-01A-11R-A034-07	open	8d1641ea-7552-4d23-9298-094e0056386a.rna_seq.augmented_star_gene_counts.tsv	3cc5526f-19c4-4ff3-9c3b-2e2e5332984c	Transcriptome Profiling	gene_expression	Illumina	4248309	2021-12-13T22:30:11.909020-06:00	7101938d6f12ed28f86bab21ae94e9bc	2024-07-30T09:32:11.084093-05:00	0022cd20-f64f-4773-b9ff-a3de0b71b259	Gene Expression Quantification	released	RNA-Seq	1	32.0 - 46.0	TCGA-BRCA	b6654a22-19c6-4821-8e6e-ff38bf166620	released	8d1641ea-7552-4d23-9298-094e0056386a_star__counts	https://github.com/NCI-GDC/gdc-rnaseq-cwl/blob/5d8c131bbff59fb0c969217fc1d44e6d1503cd1f/rnaseq-star-align/star2pass.rnaseq_harmonization.cwl	STAR - Counts	5d8c131bbff59fb0c969217fc1d44e6d1503cd1f	Primary Tumor	NA	TCGA-AN-A0FN	TCGA-AN-A0FN-01A
6b62d6dd-bb6f-4f39-9041-992c47b875f3	TSV	TCGA-B6-A0RH-01A-21R-A115-07	open	d1f7678a-8106-46c9-95b7-5ec5d940f08c.rna_seq.augmented_star_gene_counts.tsv	6ab4f450-9e80-4910-a9f6-2c8a2070fc2a	Transcriptome Profiling	gene_expression	Illumina	4244153	2021-12-13T21:47:40.938551-06:00	cfe98a7dcb3ca5d1a4d25d13f6f5fa4a	2024-07-30T10:07:14.009503-05:00	6b62d6dd-bb6f-4f39-9041-992c47b875f3	Gene Expression Quantification	released	RNA-Seq	1	32.0 - 46.0	TCGA-BRCA	bb116106-76d9-469d-8afc-78cf24b7eeca	released	d1f7678a-8106-46c9-95b7-5ec5d940f08c_star__counts	https://github.com/NCI-GDC/gdc-rnaseq-cwl/blob/5d8c131bbff59fb0c969217fc1d44e6d1503cd1f/rnaseq-star-align/star2pass.rnaseq_harmonization.cwl	STAR - Counts	5d8c131bbff59fb0c969217fc1d44e6d1503cd1f	Primary Tumor	NA	TCGA-B6-A0RH	TCGA-B6-A0RH-01A
b0fc63c9-c4aa-4206-8636-47245f510cff	TSV	TCGA-BH-A0AW-01A-11R-A056-07	open	8d66b5ac-4ceb-40a3-b2b9-4d0c24be01a7.rna_seq.augmented_star_gene_counts.tsv	da36be47-09f5-4c31-b4c0-e0c353746df7	Transcriptome Profiling	gene_expression	Illumina	4228344	2021-12-13T22:43:41.698334-06:00	0143139e3b4327995e5e58c2ddb2b2dd	2024-07-30T09:34:21.175129-05:00	b0fc63c9-c4aa-4206-8636-47245f510cff	Gene Expression Quantification	released	RNA-Seq	1	32.0 - 46.0	TCGA-BRCA	c8bc6769-fc74-4ddd-a886-1111a4cc1396	released	8d66b5ac-4ceb-40a3-b2b9-4d0c24be01a7_star__counts	https://github.com/NCI-GDC/gdc-rnaseq-cwl/blob/5d8c131bbff59fb0c969217fc1d44e6d1503cd1f/rnaseq-star-align/star2pass.rnaseq_harmonization.cwl	STAR - Counts	5d8c131bbff59fb0c969217fc1d44e6d1503cd1f	Primary Tumor	NA	TCGA-BH-A0AW	TCGA-BH-A0AW-01A
00b13ccf-ad7c-4613-8366-7c583a399691	TSV	TCGA-BH-A18M-01A-11R-A12D-07	open	c763a483-415e-4cb4-9cdf-4e6c31e8a9c9.rna_seq.augmented_star_gene_counts.tsv	9d9083d4-3e2f-486e-a584-8e5e70896a05	Transcriptome Profiling	gene_expression	Illumina	4245694	2021-12-13T22:24:09.820926-06:00	66d28f5c10a9c7989e2fb33d0e62bb3e	2024-07-30T09:44:22.120091-05:00	00b13ccf-ad7c-4613-8366-7c583a399691	Gene Expression Quantification	released	RNA-Seq	1	32.0 - 46.0	TCGA-BRCA	230edb5d-c82b-4fd7-bb1b-d592adcebffe	released	c763a483-415e-4cb4-9cdf-4e6c31e8a9c9_star__counts	https://github.com/NCI-GDC/gdc-rnaseq-cwl/blob/5d8c131bbff59fb0c969217fc1d44e6d1503cd1f/rnaseq-star-align/star2pass.rnaseq_harmonization.cwl	STAR - Counts	5d8c131bbff59fb0c969217fc1d44e6d1503cd1f	Primary Tumor	NA	TCGA-BH-A18M	TCGA-BH-A18M-01A
5fbbee45-08b5-4cd0-83c6-c18bc4e89d99	TSV	TCGA-BH-A0C1-01B-11R-A12D-07	open	034f8d01-f664-494b-bc04-77485000611f.rna_seq.augmented_star_gene_counts.tsv	60d9bf33-2e66-4b7b-9408-39eba0120fe5	Transcriptome Profiling	gene_expression	Illumina	4244985	2021-12-13T22:11:12.409188-06:00	8ac64126e6f11ef928219c1d838cb7c0	2024-07-30T09:30:50.672180-05:00	5fbbee45-08b5-4cd0-83c6-c18bc4e89d99	Gene Expression Quantification	released	RNA-Seq	1	32.0 - 46.0	TCGA-BRCA	882c567b-58db-4807-9b8f-c61239d353c6	released	034f8d01-f664-494b-bc04-77485000611f_star__counts	https://github.com/NCI-GDC/gdc-rnaseq-cwl/blob/5d8c131bbff59fb0c969217fc1d44e6d1503cd1f/rnaseq-star-align/star2pass.rnaseq_harmonization.cwl	STAR - Counts	5d8c131bbff59fb0c969217fc1d44e6d1503cd1f	Primary Tumor	NA	TCGA-BH-A0C1	TCGA-BH-A0C1-01B
b9eb33d4-1017-42cf-b72c-f917de5425e7	TSV	TCGA-E9-A1RF-11A-32R-A157-07	open	8fe92722-33b4-421a-9229-7d82e8af0ce2.rna_seq.augmented_star_gene_counts.tsv	462a8103-29f2-469d-9f42-d1a93c436b27	Transcriptome Profiling	gene_expression	Illumina	4233653	2021-12-13T21:47:20.442772-06:00	be4891d1f4f26e9fbae2c3316453828a	2024-07-30T09:33:45.006420-05:00	b9eb33d4-1017-42cf-b72c-f917de5425e7	Gene Expression Quantification	released	RNA-Seq	1	32.0 - 46.0	TCGA-BRCA	03c13b1b-3999-4081-beb5-dcd804921d2f	released	8fe92722-33b4-421a-9229-7d82e8af0ce2_star__counts	https://github.com/NCI-GDC/gdc-rnaseq-cwl/blob/5d8c131bbff59fb0c969217fc1d44e6d1503cd1f/rnaseq-star-align/star2pass.rnaseq_harmonization.cwl	STAR - Counts	5d8c131bbff59fb0c969217fc1d44e6d1503cd1f	Solid Tissue Normal	NA	TCGA-E9-A1RF	TCGA-E9-A1RF-11A
cde8361d-ade2-4103-b092-3ee9cbf85ea1	TSV	TCGA-C8-A3M8-01A-11R-A213-07	open	4b42e241-a674-4d6c-b217-dcea51e6cc4f.rna_seq.augmented_star_gene_counts.tsv	9f2de3f8-ddc9-4e00-8258-5919b0ad97f4	Transcriptome Profiling	gene_expression	Illumina	4252170	2021-12-13T22:38:13.304947-06:00	bc683f8e4b586c1a84b497b05de5b006	2024-07-30T09:35:27.701489-05:00	cde8361d-ade2-4103-b092-3ee9cbf85ea1	Gene Expression Quantification	released	RNA-Seq	1	32.0 - 46.0	TCGA-BRCA	8a348ecb-2635-422b-b273-fb87b0d16906	released	4b42e241-a674-4d6c-b217-dcea51e6cc4f_star__counts	https://github.com/NCI-GDC/gdc-rnaseq-cwl/blob/5d8c131bbff59fb0c969217fc1d44e6d1503cd1f/rnaseq-star-align/star2pass.rnaseq_harmonization.cwl	STAR - Counts	5d8c131bbff59fb0c969217fc1d44e6d1503cd1f	Primary Tumor	NA	TCGA-C8-A3M8	TCGA-C8-A3M8-01A
41a97024-43f7-41b8-8755-94cd29105a5f	TSV	TCGA-OL-A5D7-01A-11R-A27Q-07	open	62e41b20-5f83-43c2-9887-809e97794f04.rna_seq.augmented_star_gene_counts.tsv	80dc8681-bf70-4ebe-a7b0-c09f84f1a361	Transcriptome Profiling	gene_expression	Illumina	4233939	2021-12-13T22:14:31.074720-06:00	a37b8241a944cbcb81e3e9452e5b1260	2024-07-30T09:31:40.232010-05:00	41a97024-43f7-41b8-8755-94cd29105a5f	Gene Expression Quantification	released	RNA-Seq	1	32.0 - 46.0	TCGA-BRCA	9a36c7f0-9cd8-4fd3-b30b-c285125585dc	released	62e41b20-5f83-43c2-9887-809e97794f04_star__counts	https://github.com/NCI-GDC/gdc-rnaseq-cwl/blob/5d8c131bbff59fb0c969217fc1d44e6d1503cd1f/rnaseq-star-align/star2pass.rnaseq_harmonization.cwl	STAR - Counts	5d8c131bbff59fb0c969217fc1d44e6d1503cd1f	Primary Tumor	NA	TCGA-OL-A5D7	TCGA-OL-A5D7-01A
b93b04d3-7526-4d65-bc15-0148e75ac225	TSV	TCGA-D8-A27P-01A-11R-A16F-07	open	2244c5e8-a873-4e29-abb7-e869a7d79e3f.rna_seq.augmented_star_gene_counts.tsv	0dabe5c7-d4bd-4110-8685-119716d86367	Transcriptome Profiling	gene_expression	Illumina	4243325	2021-12-13T22:16:59.580700-06:00	9e79821ad33e1f220332a4aa75a2ba0f	2024-07-30T09:31:16.033312-05:00	b93b04d3-7526-4d65-bc15-0148e75ac225	Gene Expression Quantification	released	RNA-Seq	1	32.0 - 46.0	TCGA-BRCA	9695ab6e-60ab-415f-827f-1d27091c5d34	released	2244c5e8-a873-4e29-abb7-e869a7d79e3f_star__counts	https://github.com/NCI-GDC/gdc-rnaseq-cwl/blob/5d8c131bbff59fb0c969217fc1d44e6d1503cd1f/rnaseq-star-align/star2pass.rnaseq_harmonization.cwl	STAR - Counts	5d8c131bbff59fb0c969217fc1d44e6d1503cd1f	Primary Tumor	NA	TCGA-D8-A27P	TCGA-D8-A27P-01A
7b188e2a-4a56-49f9-b527-cd61a646f6c7	TSV	TCGA-BH-A0EE-01A-11R-A034-07	open	cd215363-3f4a-4928-9dbb-60735f4c27ce.rna_seq.augmented_star_gene_counts.tsv	90a68c8b-edad-4516-a22b-1b3673e86b16	Transcriptome Profiling	gene_expression	Illumina	4241439	2021-12-13T22:13:21.583625-06:00	33c3be660963e577f2ae8412135cd7dc	2024-07-30T09:29:20.180727-05:00	7b188e2a-4a56-49f9-b527-cd61a646f6c7	Gene Expression Quantification	released	RNA-Seq	1	32.0 - 46.0	TCGA-BRCA	fd0c43bb-db73-416b-ba1c-01f62bd37146	released	cd215363-3f4a-4928-9dbb-60735f4c27ce_star__counts	https://github.com/NCI-GDC/gdc-rnaseq-cwl/blob/5d8c131bbff59fb0c969217fc1d44e6d1503cd1f/rnaseq-star-align/star2pass.rnaseq_harmonization.cwl	STAR - Counts	5d8c131bbff59fb0c969217fc1d44e6d1503cd1f	Primary Tumor	NA	TCGA-BH-A0EE	TCGA-BH-A0EE-01A
5fcd0660-3e77-4a56-af19-01045301708c	TSV	TCGA-B6-A0RQ-01A-11R-A115-07	open	60e5b5de-ba65-46c7-82ee-8181628f0cbd.rna_seq.augmented_star_gene_counts.tsv	9a908c32-a3e0-4d14-b751-4f97b4d8d6f2	Transcriptome Profiling	gene_expression	Illumina	4253653	2021-12-13T21:44:21.536604-06:00	f4b4b769f16c461fbeb7a8caa544af99	2024-07-30T09:30:35.882176-05:00	5fcd0660-3e77-4a56-af19-01045301708c	Gene Expression Quantification	released	RNA-Seq	1	32.0 - 46.0	TCGA-BRCA	3c2ac21b-85c9-48b7-90c4-6caa58143f83	released	60e5b5de-ba65-46c7-82ee-8181628f0cbd_star__counts	https://github.com/NCI-GDC/gdc-rnaseq-cwl/blob/5d8c131bbff59fb0c969217fc1d44e6d1503cd1f/rnaseq-star-align/star2pass.rnaseq_harmonization.cwl	STAR - Counts	5d8c131bbff59fb0c969217fc1d44e6d1503cd1f	Primary Tumor	NA	TCGA-B6-A0RQ	TCGA-B6-A0RQ-01A
9f06e9cd-8184-4b66-a2e0-96da9a7159e8	TSV	TCGA-A7-A6VY-01A-12R-A33J-07	open	352ec91a-6c0a-4d6e-b6bd-4237f5eebde9.rna_seq.augmented_star_gene_counts.tsv	f108460f-c815-4b28-9af9-3d82b2800c28	Transcriptome Profiling	gene_expression	Illumina	4247218	2021-12-13T22:09:26.075737-06:00	70d41be03628259c3efae80463acc6fc	2024-07-30T09:30:19.116765-05:00	9f06e9cd-8184-4b66-a2e0-96da9a7159e8	Gene Expression Quantification	released	RNA-Seq	1	32.0 - 46.0	TCGA-BRCA	ccebc3b7-20bc-4a0a-b301-8b7eda14cb45	released	352ec91a-6c0a-4d6e-b6bd-4237f5eebde9_star__counts	https://github.com/NCI-GDC/gdc-rnaseq-cwl/blob/5d8c131bbff59fb0c969217fc1d44e6d1503cd1f/rnaseq-star-align/star2pass.rnaseq_harmonization.cwl	STAR - Counts	5d8c131bbff59fb0c969217fc1d44e6d1503cd1f	Primary Tumor	NA	TCGA-A7-A6VY	TCGA-A7-A6VY-01A
104e3cb5-c6df-422b-a55f-6b19408594d4	TSV	TCGA-E2-A1L7-01A-11R-A144-07	open	2056c543-2f73-4a2f-995e-3af2dda7b514.rna_seq.augmented_star_gene_counts.tsv	f2557791-b795-4138-984a-218b0328e9b8	Transcriptome Profiling	gene_expression	Illumina	4238667	2021-12-13T22:06:32.801852-06:00	6a9b5ab6f51dce916319b6c2d6930505	2024-07-30T09:31:59.507379-05:00	104e3cb5-c6df-422b-a55f-6b19408594d4	Gene Expression Quantification	released	RNA-Seq	1	32.0 - 46.0	TCGA-BRCA	2a26b291-aebc-45a1-9a8f-4e06a0ec538a	released	2056c543-2f73-4a2f-995e-3af2dda7b514_star__counts	https://github.com/NCI-GDC/gdc-rnaseq-cwl/blob/5d8c131bbff59fb0c969217fc1d44e6d1503cd1f/rnaseq-star-align/star2pass.rnaseq_harmonization.cwl	STAR - Counts	5d8c131bbff59fb0c969217fc1d44e6d1503cd1f	Primary Tumor	NA	TCGA-E2-A1L7	TCGA-E2-A1L7-01A
e855de31-6adc-423f-9295-3064f2449f35	TSV	TCGA-GM-A2DO-01A-11R-A18M-07	open	535047b2-35b4-4e31-8761-f38cf1f57441.rna_seq.augmented_star_gene_counts.tsv	bcf5130e-84f8-4565-bb05-5f9c5b8515e4	Transcriptome Profiling	gene_expression	Illumina	4217776	2021-12-13T22:15:25.003070-06:00	ad75b0257f30a1fcd126466465b54a44	2024-07-30T09:22:31.080978-05:00	e855de31-6adc-423f-9295-3064f2449f35	Gene Expression Quantification	released	RNA-Seq	1	32.0 - 46.0	TCGA-BRCA	6920765a-eff8-4b5b-9b97-a7963d9e53e5	released	535047b2-35b4-4e31-8761-f38cf1f57441_star__counts	https://github.com/NCI-GDC/gdc-rnaseq-cwl/blob/5d8c131bbff59fb0c969217fc1d44e6d1503cd1f/rnaseq-star-align/star2pass.rnaseq_harmonization.cwl	STAR - Counts	5d8c131bbff59fb0c969217fc1d44e6d1503cd1f	Primary Tumor	NA	TCGA-GM-A2DO	TCGA-GM-A2DO-01A
e267a6fb-3d15-4658-b464-25438bd41330	TSV	TCGA-BH-A28O-01A-11R-A22K-07	open	48c63209-a387-4045-8a24-7b9792db7623.rna_seq.augmented_star_gene_counts.tsv	25abb51e-6e9e-4766-9614-8c9eef832813	Transcriptome Profiling	gene_expression	Illumina	4255140	2021-12-13T22:31:08.320131-06:00	f0c8e117660c5a84e6a03f40938b270a	2024-07-30T09:19:10.150263-05:00	e267a6fb-3d15-4658-b464-25438bd41330	Gene Expression Quantification	released	RNA-Seq	1	32.0 - 46.0	TCGA-BRCA	4a2d9209-1133-4112-9029-df0d69efcc5f	released	48c63209-a387-4045-8a24-7b9792db7623_star__counts	https://github.com/NCI-GDC/gdc-rnaseq-cwl/blob/5d8c131bbff59fb0c969217fc1d44e6d1503cd1f/rnaseq-star-align/star2pass.rnaseq_harmonization.cwl	STAR - Counts	5d8c131bbff59fb0c969217fc1d44e6d1503cd1f	Primary Tumor	NA	TCGA-BH-A28O	TCGA-BH-A28O-01A
885098b3-2e01-4039-ad15-f3dda5c29dc6	TSV	TCGA-C8-A274-01A-11R-A16F-07	open	784a9c63-9b40-4f6c-8147-93d0ed523867.rna_seq.augmented_star_gene_counts.tsv	498ae863-9bf5-4098-bcca-e86395589c11	Transcriptome Profiling	gene_expression	Illumina	4248195	2021-12-13T22:38:17.525348-06:00	9c61aa012ed85d39e6491af55f3609e0	2024-07-30T09:52:19.813953-05:00	885098b3-2e01-4039-ad15-f3dda5c29dc6	Gene Expression Quantification	released	RNA-Seq	1	32.0 - 46.0	TCGA-BRCA	eefc0c6a-0bf3-4784-9b3a-86308a775c57	released	784a9c63-9b40-4f6c-8147-93d0ed523867_star__counts	https://github.com/NCI-GDC/gdc-rnaseq-cwl/blob/5d8c131bbff59fb0c969217fc1d44e6d1503cd1f/rnaseq-star-align/star2pass.rnaseq_harmonization.cwl	STAR - Counts	5d8c131bbff59fb0c969217fc1d44e6d1503cd1f	Primary Tumor	NA	TCGA-C8-A274	TCGA-C8-A274-01A
5c57b96c-909e-468e-bef6-f0375a788fcb	TSV	TCGA-AR-A2LL-01A-11R-A180-07	open	0b0b23c2-dac8-45cf-ba91-913776b00a33.rna_seq.augmented_star_gene_counts.tsv	06ae3b8a-773b-44a0-8a60-ffc3b469e816	Transcriptome Profiling	gene_expression	Illumina	4245002	2021-12-13T21:56:37.667484-06:00	93e9fe7a0899a5d7305ea3cedb92d757	2024-07-30T09:56:11.156043-05:00	5c57b96c-909e-468e-bef6-f0375a788fcb	Gene Expression Quantification	released	RNA-Seq	1	32.0 - 46.0	TCGA-BRCA	72cbf5e2-5299-4e1d-b500-7fd291816972	released	0b0b23c2-dac8-45cf-ba91-913776b00a33_star__counts	https://github.com/NCI-GDC/gdc-rnaseq-cwl/blob/5d8c131bbff59fb0c969217fc1d44e6d1503cd1f/rnaseq-star-align/star2pass.rnaseq_harmonization.cwl	STAR - Counts	5d8c131bbff59fb0c969217fc1d44e6d1503cd1f	Primary Tumor	NA	TCGA-AR-A2LL	TCGA-AR-A2LL-01A
76267112-851f-4f5b-af40-f3c90af1b2ce	TSV	TCGA-AN-A0XW-01A-11R-A109-07	open	bd35c087-9a96-4f86-99f2-1a2a8936471a.rna_seq.augmented_star_gene_counts.tsv	c883ff34-c12c-447d-8e79-50b73e203bc9	Transcriptome Profiling	gene_expression	Illumina	4243325	2021-12-13T21:52:12.433276-06:00	934a1ec2573ee5c5a60a10c5a0446372	2024-07-30T09:19:06.485772-05:00	76267112-851f-4f5b-af40-f3c90af1b2ce	Gene Expression Quantification	released	RNA-Seq	1	32.0 - 46.0	TCGA-BRCA	8e611962-4b6c-46b2-92e9-fefdccc2960f	released	bd35c087-9a96-4f86-99f2-1a2a8936471a_star__counts	https://github.com/NCI-GDC/gdc-rnaseq-cwl/blob/5d8c131bbff59fb0c969217fc1d44e6d1503cd1f/rnaseq-star-align/star2pass.rnaseq_harmonization.cwl	STAR - Counts	5d8c131bbff59fb0c969217fc1d44e6d1503cd1f	Primary Tumor	NA	TCGA-AN-A0XW	TCGA-AN-A0XW-01A
84225715-14a6-423c-a6d6-15558e151f56	TSV	TCGA-3C-AAAU-01A-11R-A41B-07	open	253aa5dc-9853-462a-9bcd-c2e44817833b.rna_seq.augmented_star_gene_counts.tsv	57982a48-af50-4e75-8e5f-240c3ae571c0	Transcriptome Profiling	gene_expression	Illumina	4249569	2021-12-13T22:17:08.257008-06:00	7c2fae66bc8b2c67e3c385d498f4c4d4	2024-07-30T09:53:05.162033-05:00	84225715-14a6-423c-a6d6-15558e151f56	Gene Expression Quantification	released	RNA-Seq	1	32.0 - 46.0	TCGA-BRCA	2b4731f8-9d6b-4fd0-976f-1e449fb2f223	released	253aa5dc-9853-462a-9bcd-c2e44817833b_star__counts	https://github.com/NCI-GDC/gdc-rnaseq-cwl/blob/5d8c131bbff59fb0c969217fc1d44e6d1503cd1f/rnaseq-star-align/star2pass.rnaseq_harmonization.cwl	STAR - Counts	5d8c131bbff59fb0c969217fc1d44e6d1503cd1f	Primary Tumor	NA	TCGA-3C-AAAU	TCGA-3C-AAAU-01A
98dc2008-d132-4a88-b428-45b0f715b296	TSV	TCGA-LL-A9Q3-01A-11R-A41B-07	open	d769bce5-c92f-472f-8bb8-4bf4593e29d7.rna_seq.augmented_star_gene_counts.tsv	5b1f9db3-1e88-41ff-974c-e0cd7aa3d2b8	Transcriptome Profiling	gene_expression	Illumina	4226694	2021-12-13T22:18:34.151719-06:00	cd7aabe1c341db4a5b056f565ed6a191	2024-07-30T09:55:08.942031-05:00	98dc2008-d132-4a88-b428-45b0f715b296	Gene Expression Quantification	released	RNA-Seq	1	32.0 - 46.0	TCGA-BRCA	ebd9305a-0988-4893-889b-8049c68293c0	released	d769bce5-c92f-472f-8bb8-4bf4593e29d7_star__counts	https://github.com/NCI-GDC/gdc-rnaseq-cwl/blob/5d8c131bbff59fb0c969217fc1d44e6d1503cd1f/rnaseq-star-align/star2pass.rnaseq_harmonization.cwl	STAR - Counts	5d8c131bbff59fb0c969217fc1d44e6d1503cd1f	Primary Tumor	NA	TCGA-LL-A9Q3	TCGA-LL-A9Q3-01A
192d2e5c-31a1-45aa-8bb5-b33e4f873077	TSV	TCGA-A8-A06P-01A-11R-A00Z-07	open	e96b0282-8ff5-4390-9466-119534a50628.rna_seq.augmented_star_gene_counts.tsv	5953ef54-dc0c-4764-b2a0-70a433535730	Transcriptome Profiling	gene_expression	Illumina	4245795	2021-12-13T22:39:09.635310-06:00	ba6551f0215016d69b7fe712af7c1eaf	2024-07-30T09:41:32.347609-05:00	192d2e5c-31a1-45aa-8bb5-b33e4f873077	Gene Expression Quantification	released	RNA-Seq	1	32.0 - 46.0	TCGA-BRCA	1692b13e-410c-4cad-9f56-e49c28a13630	released	e96b0282-8ff5-4390-9466-119534a50628_star__counts	https://github.com/NCI-GDC/gdc-rnaseq-cwl/blob/5d8c131bbff59fb0c969217fc1d44e6d1503cd1f/rnaseq-star-align/star2pass.rnaseq_harmonization.cwl	STAR - Counts	5d8c131bbff59fb0c969217fc1d44e6d1503cd1f	Primary Tumor	NA	TCGA-A8-A06P	TCGA-A8-A06P-01A
3aad7b0b-9f82-41d0-b3e5-5614afcac6a8	TSV	TCGA-BH-A0HA-11A-31R-A12P-07	open	7aac48b4-dbb0-49a5-a3e0-04916a9270b8.rna_seq.augmented_star_gene_counts.tsv	afda81b8-b728-4bdc-aae8-9cc40a796af2	Transcriptome Profiling	gene_expression	Illumina	4250299	2021-12-13T22:36:45.140325-06:00	218ff2abc8bbff4aa49b8153848e62ad	2024-07-30T10:01:16.509341-05:00	3aad7b0b-9f82-41d0-b3e5-5614afcac6a8	Gene Expression Quantification	released	RNA-Seq	1	32.0 - 46.0	TCGA-BRCA	2f337b2b-5ad4-45f1-958b-5383c46dc9a2	released	7aac48b4-dbb0-49a5-a3e0-04916a9270b8_star__counts	https://github.com/NCI-GDC/gdc-rnaseq-cwl/blob/5d8c131bbff59fb0c969217fc1d44e6d1503cd1f/rnaseq-star-align/star2pass.rnaseq_harmonization.cwl	STAR - Counts	5d8c131bbff59fb0c969217fc1d44e6d1503cd1f	Solid Tissue Normal	NA	TCGA-BH-A0HA	TCGA-BH-A0HA-11A
fa48dda4-5b65-44fa-b0c3-b02d53d928c5	TSV	TCGA-AQ-A7U7-01A-22R-A352-07	open	7830107d-bc45-4391-b95c-787a246cf059.rna_seq.augmented_star_gene_counts.tsv	6c2ba50f-e9e7-4291-9ccf-65bbbfe76bda	Transcriptome Profiling	gene_expression	Illumina	4253388	2021-12-13T21:45:19.357951-06:00	6bbf927e81f146d56308697c631f540b	2024-07-30T10:01:41.195928-05:00	fa48dda4-5b65-44fa-b0c3-b02d53d928c5	Gene Expression Quantification	released	RNA-Seq	1	32.0 - 46.0	TCGA-BRCA	c2099d57-86b6-4e94-93b7-0de0f42dee47	released	7830107d-bc45-4391-b95c-787a246cf059_star__counts	https://github.com/NCI-GDC/gdc-rnaseq-cwl/blob/5d8c131bbff59fb0c969217fc1d44e6d1503cd1f/rnaseq-star-align/star2pass.rnaseq_harmonization.cwl	STAR - Counts	5d8c131bbff59fb0c969217fc1d44e6d1503cd1f	Primary Tumor	NA	TCGA-AQ-A7U7	TCGA-AQ-A7U7-01A
425a82ae-e0bf-48ae-946f-58ccc2571bfd	TSV	TCGA-E2-A1IO-01A-11R-A144-07	open	c5bb9834-a08f-4729-9aec-22f9a2816184.rna_seq.augmented_star_gene_counts.tsv	18e99bd5-2428-49eb-8dec-941fa339e9ab	Transcriptome Profiling	gene_expression	Illumina	4247690	2021-12-13T22:12:04.288642-06:00	e07772a8bcb07a6c2909fcab9d44bea7	2024-07-30T09:32:50.714856-05:00	425a82ae-e0bf-48ae-946f-58ccc2571bfd	Gene Expression Quantification	released	RNA-Seq	1	32.0 - 46.0	TCGA-BRCA	e92e6c75-56ba-4f42-8e4b-966185707c21	released	c5bb9834-a08f-4729-9aec-22f9a2816184_star__counts	https://github.com/NCI-GDC/gdc-rnaseq-cwl/blob/5d8c131bbff59fb0c969217fc1d44e6d1503cd1f/rnaseq-star-align/star2pass.rnaseq_harmonization.cwl	STAR - Counts	5d8c131bbff59fb0c969217fc1d44e6d1503cd1f	Primary Tumor	NA	TCGA-E2-A1IO	TCGA-E2-A1IO-01A
fed0a382-2eee-4acc-af00-53a9fdcd2a61	TSV	TCGA-D8-A1XL-01A-11R-A14M-07	open	2c1b1cbb-6e9f-4416-8faa-abb31d6b4e0e.rna_seq.augmented_star_gene_counts.tsv	791ea339-02f7-46f5-9ca8-84a91f746fb5	Transcriptome Profiling	gene_expression	Illumina	4245343	2021-12-13T22:25:34.740354-06:00	733e3e9a8286d978ad0086d037b3ea8e	2024-07-30T10:09:16.139510-05:00	fed0a382-2eee-4acc-af00-53a9fdcd2a61	Gene Expression Quantification	released	RNA-Seq	1	32.0 - 46.0	TCGA-BRCA	1e79e5ef-51b4-4a70-a034-a07d428278ca	released	2c1b1cbb-6e9f-4416-8faa-abb31d6b4e0e_star__counts	https://github.com/NCI-GDC/gdc-rnaseq-cwl/blob/5d8c131bbff59fb0c969217fc1d44e6d1503cd1f/rnaseq-star-align/star2pass.rnaseq_harmonization.cwl	STAR - Counts	5d8c131bbff59fb0c969217fc1d44e6d1503cd1f	Primary Tumor	NA	TCGA-D8-A1XL	TCGA-D8-A1XL-01A
9c00a43c-1da0-4e3b-b7e2-54a48d29ecae	TSV	TCGA-A1-A0SN-01A-11R-A144-07	open	c2e73efe-8112-48fc-9dbd-29b4b5b89ad0.rna_seq.augmented_star_gene_counts.tsv	c75ed4c2-2ea4-488f-928c-ceeb95a364ae	Transcriptome Profiling	gene_expression	Illumina	4244229	2021-12-13T21:50:13.756990-06:00	7a9c5a675e0f9711a3f5e9efe19d4e7c	2024-07-30T09:44:32.366812-05:00	9c00a43c-1da0-4e3b-b7e2-54a48d29ecae	Gene Expression Quantification	released	RNA-Seq	1	32.0 - 46.0	TCGA-BRCA	bc3b5273-5b88-4887-a186-5a577441a18e	released	c2e73efe-8112-48fc-9dbd-29b4b5b89ad0_star__counts	https://github.com/NCI-GDC/gdc-rnaseq-cwl/blob/5d8c131bbff59fb0c969217fc1d44e6d1503cd1f/rnaseq-star-align/star2pass.rnaseq_harmonization.cwl	STAR - Counts	5d8c131bbff59fb0c969217fc1d44e6d1503cd1f	Primary Tumor	NA	TCGA-A1-A0SN	TCGA-A1-A0SN-01A
89e67cfd-7728-4a0e-bfa5-4c55ae957ef8	TSV	TCGA-AR-A2LE-01A-11R-A180-07	open	49e0a55e-cd18-438c-890a-f14c6d149743.rna_seq.augmented_star_gene_counts.tsv	93979dcb-8761-45d4-a4b8-2dc03a3c3516	Transcriptome Profiling	gene_expression	Illumina	4233104	2021-12-13T22:22:10.847979-06:00	f5f6d9737518ebc6a6ebbec76c5880f0	2024-07-30T09:41:21.789759-05:00	89e67cfd-7728-4a0e-bfa5-4c55ae957ef8	Gene Expression Quantification	released	RNA-Seq	1	32.0 - 46.0	TCGA-BRCA	c4efd2ae-45c1-43e7-9c2f-e6ff62c2b340	released	49e0a55e-cd18-438c-890a-f14c6d149743_star__counts	https://github.com/NCI-GDC/gdc-rnaseq-cwl/blob/5d8c131bbff59fb0c969217fc1d44e6d1503cd1f/rnaseq-star-align/star2pass.rnaseq_harmonization.cwl	STAR - Counts	5d8c131bbff59fb0c969217fc1d44e6d1503cd1f	Primary Tumor	NA	TCGA-AR-A2LE	TCGA-AR-A2LE-01A
45702d4f-2d23-4e37-88ad-565e44a18fa2	TSV	TCGA-B6-A0RM-01A-11R-A084-07	open	ce52c9b2-ab83-4efa-8abf-97475dcf892d.rna_seq.augmented_star_gene_counts.tsv	45a17638-59f5-454c-8915-8a2edfd9ff57	Transcriptome Profiling	gene_expression	Illumina	4243302	2021-12-13T22:16:33.907874-06:00	8873c55f4f253f5cf0d3542e5e74dcd3	2024-07-30T09:40:02.963988-05:00	45702d4f-2d23-4e37-88ad-565e44a18fa2	Gene Expression Quantification	released	RNA-Seq	1	32.0 - 46.0	TCGA-BRCA	e118ac33-d4a3-46ce-8412-03a80913bb03	released	ce52c9b2-ab83-4efa-8abf-97475dcf892d_star__counts	https://github.com/NCI-GDC/gdc-rnaseq-cwl/blob/5d8c131bbff59fb0c969217fc1d44e6d1503cd1f/rnaseq-star-align/star2pass.rnaseq_harmonization.cwl	STAR - Counts	5d8c131bbff59fb0c969217fc1d44e6d1503cd1f	Primary Tumor	NA	TCGA-B6-A0RM	TCGA-B6-A0RM-01A
046fe29e-7c99-4093-8565-f2f205a00796	TSV	TCGA-BH-A0BM-11A-12R-A089-07	open	61f811cf-9dc1-4f48-ad62-c3ebfd1f0847.rna_seq.augmented_star_gene_counts.tsv	f2242ca1-b2b1-4df8-81d3-6c0326674840	Transcriptome Profiling	gene_expression	Illumina	4243915	2021-12-13T22:35:07.902015-06:00	9279b8d7ff63ceede7a0374d05bb1da2	2024-07-30T10:01:57.854834-05:00	046fe29e-7c99-4093-8565-f2f205a00796	Gene Expression Quantification	released	RNA-Seq	1	32.0 - 46.0	TCGA-BRCA	0575026e-84c9-4905-a13b-664816590679	released	61f811cf-9dc1-4f48-ad62-c3ebfd1f0847_star__counts	https://github.com/NCI-GDC/gdc-rnaseq-cwl/blob/5d8c131bbff59fb0c969217fc1d44e6d1503cd1f/rnaseq-star-align/star2pass.rnaseq_harmonization.cwl	STAR - Counts	5d8c131bbff59fb0c969217fc1d44e6d1503cd1f	Solid Tissue Normal	NA	TCGA-BH-A0BM	TCGA-BH-A0BM-11A
010e405c-b91d-4046-898e-105d5830d9a9	TSV	TCGA-E2-A15T-01A-11R-A115-07	open	7135f14b-e84f-4ebf-8d95-b2a3c843fd4d.rna_seq.augmented_star_gene_counts.tsv	5757c24f-9012-4fde-a3c1-5abe8daa6227	Transcriptome Profiling	gene_expression	Illumina	4243000	2021-12-13T22:28:05.241415-06:00	ecf9f30604ded9b1132f8b425d6f5ba3	2024-07-30T09:42:39.133224-05:00	010e405c-b91d-4046-898e-105d5830d9a9	Gene Expression Quantification	released	RNA-Seq	1	32.0 - 46.0	TCGA-BRCA	19c0e1de-88c0-41f7-aec7-6e73669620ac	released	7135f14b-e84f-4ebf-8d95-b2a3c843fd4d_star__counts	https://github.com/NCI-GDC/gdc-rnaseq-cwl/blob/5d8c131bbff59fb0c969217fc1d44e6d1503cd1f/rnaseq-star-align/star2pass.rnaseq_harmonization.cwl	STAR - Counts	5d8c131bbff59fb0c969217fc1d44e6d1503cd1f	Primary Tumor	NA	TCGA-E2-A15T	TCGA-E2-A15T-01A
842b0c9e-a03d-4074-b0fe-be8d0e056c7d	TSV	TCGA-GM-A2DF-01A-11R-A180-07	open	56bc1e6b-d1bf-4df9-b266-07ff567aad77.rna_seq.augmented_star_gene_counts.tsv	4aa12773-17f9-403c-b072-7b8895016e64	Transcriptome Profiling	gene_expression	Illumina	4235828	2021-12-13T22:06:40.939587-06:00	dbadc7592c847ec9de5c1dc1dd314eb0	2024-07-30T09:56:08.670556-05:00	842b0c9e-a03d-4074-b0fe-be8d0e056c7d	Gene Expression Quantification	released	RNA-Seq	1	32.0 - 46.0	TCGA-BRCA	806d74ed-4196-493b-ac47-b840923cc7f6	released	56bc1e6b-d1bf-4df9-b266-07ff567aad77_star__counts	https://github.com/NCI-GDC/gdc-rnaseq-cwl/blob/5d8c131bbff59fb0c969217fc1d44e6d1503cd1f/rnaseq-star-align/star2pass.rnaseq_harmonization.cwl	STAR - Counts	5d8c131bbff59fb0c969217fc1d44e6d1503cd1f	Primary Tumor	NA	TCGA-GM-A2DF	TCGA-GM-A2DF-01A
2e9902c2-e171-465e-ae13-45c413f7515f	TSV	TCGA-A1-A0SH-01A-11R-A084-07	open	95bb2613-9194-434c-801b-fd18aa183f6a.rna_seq.augmented_star_gene_counts.tsv	66d6d4e0-a2e8-4f23-ace0-2e681c795656	Transcriptome Profiling	gene_expression	Illumina	4238780	2021-12-13T22:21:14.744855-06:00	9e7a62bba1ef8caa3a89207ed793d572	2024-07-30T09:18:55.643212-05:00	2e9902c2-e171-465e-ae13-45c413f7515f	Gene Expression Quantification	released	RNA-Seq	1	32.0 - 46.0	TCGA-BRCA	8074db12-c963-4cb8-abb3-f85acca3c135	released	95bb2613-9194-434c-801b-fd18aa183f6a_star__counts	https://github.com/NCI-GDC/gdc-rnaseq-cwl/blob/5d8c131bbff59fb0c969217fc1d44e6d1503cd1f/rnaseq-star-align/star2pass.rnaseq_harmonization.cwl	STAR - Counts	5d8c131bbff59fb0c969217fc1d44e6d1503cd1f	Primary Tumor	NA	TCGA-A1-A0SH	TCGA-A1-A0SH-01A
3d075fc4-5a01-47ce-bef0-a77acf71061d	TSV	TCGA-BH-A0BZ-01A-31R-A12P-07	open	707fad7d-f284-456a-abfa-17289b40579f.rna_seq.augmented_star_gene_counts.tsv	e84c0eaf-2a39-46f6-9694-3c9b7f9b7cfa	Transcriptome Profiling	gene_expression	Illumina	4245511	2021-12-13T21:51:18.932667-06:00	4cf1aac9059262bf40c0d80b1c52ff22	2024-07-30T09:50:11.261384-05:00	3d075fc4-5a01-47ce-bef0-a77acf71061d	Gene Expression Quantification	released	RNA-Seq	1	32.0 - 46.0	TCGA-BRCA	d4f664d1-879c-4fc3-a33e-7f03ad43dee4	released	707fad7d-f284-456a-abfa-17289b40579f_star__counts	https://github.com/NCI-GDC/gdc-rnaseq-cwl/blob/5d8c131bbff59fb0c969217fc1d44e6d1503cd1f/rnaseq-star-align/star2pass.rnaseq_harmonization.cwl	STAR - Counts	5d8c131bbff59fb0c969217fc1d44e6d1503cd1f	Primary Tumor	NA	TCGA-BH-A0BZ	TCGA-BH-A0BZ-01A
573241d2-e298-426a-84a0-2c3889bae923	TSV	TCGA-BH-A0BZ-11A-61R-A12P-07	open	b1e03953-263f-4331-b386-487cdc897425.rna_seq.augmented_star_gene_counts.tsv	3511f242-8b8a-499e-bb65-fc46c5720a18	Transcriptome Profiling	gene_expression	Illumina	4246942	2021-12-13T22:00:20.684898-06:00	71bab53026d304fbff8c5bbfb1e5857b	2024-07-30T09:22:24.826290-05:00	573241d2-e298-426a-84a0-2c3889bae923	Gene Expression Quantification	released	RNA-Seq	1	32.0 - 46.0	TCGA-BRCA	385b4286-7f4d-4593-b88b-4b84caf7e99a	released	b1e03953-263f-4331-b386-487cdc897425_star__counts	https://github.com/NCI-GDC/gdc-rnaseq-cwl/blob/5d8c131bbff59fb0c969217fc1d44e6d1503cd1f/rnaseq-star-align/star2pass.rnaseq_harmonization.cwl	STAR - Counts	5d8c131bbff59fb0c969217fc1d44e6d1503cd1f	Solid Tissue Normal	NA	TCGA-BH-A0BZ	TCGA-BH-A0BZ-11A
7efb7266-28ee-41d3-912a-b0f67135216f	TSV	TCGA-E2-A14V-01A-11R-A12D-07	open	3fd9c506-ed43-45db-bff4-6e968ac19564.rna_seq.augmented_star_gene_counts.tsv	9fd8fdb5-690a-418c-8083-5328125eb5d5	Transcriptome Profiling	gene_expression	Illumina	4243900	2021-12-13T22:23:33.479144-06:00	b9f90643aa93ab077320f9be87a8e6a7	2024-07-30T10:00:44.362530-05:00	7efb7266-28ee-41d3-912a-b0f67135216f	Gene Expression Quantification	released	RNA-Seq	1	32.0 - 46.0	TCGA-BRCA	40d8851f-2f23-4622-b1b9-c22b59075fbe	released	3fd9c506-ed43-45db-bff4-6e968ac19564_star__counts	https://github.com/NCI-GDC/gdc-rnaseq-cwl/blob/5d8c131bbff59fb0c969217fc1d44e6d1503cd1f/rnaseq-star-align/star2pass.rnaseq_harmonization.cwl	STAR - Counts	5d8c131bbff59fb0c969217fc1d44e6d1503cd1f	Primary Tumor	NA	TCGA-E2-A14V	TCGA-E2-A14V-01A
c00ad8a9-ed1d-4289-aa62-3e64cb574205	TSV	TCGA-AN-A0FF-01A-11R-A034-07	open	b47b2efb-02e1-4729-95ad-de05fb551bc7.rna_seq.augmented_star_gene_counts.tsv	240f7ca4-a0a0-4858-89bf-f1f317329f17	Transcriptome Profiling	gene_expression	Illumina	4244649	2021-12-13T21:54:52.343411-06:00	79772279474d170b900d28161aa9f2e3	2024-07-30T09:42:36.801949-05:00	c00ad8a9-ed1d-4289-aa62-3e64cb574205	Gene Expression Quantification	released	RNA-Seq	1	32.0 - 46.0	TCGA-BRCA	ce19e955-3f0a-4c68-8884-6b59a5303040	released	b47b2efb-02e1-4729-95ad-de05fb551bc7_star__counts	https://github.com/NCI-GDC/gdc-rnaseq-cwl/blob/5d8c131bbff59fb0c969217fc1d44e6d1503cd1f/rnaseq-star-align/star2pass.rnaseq_harmonization.cwl	STAR - Counts	5d8c131bbff59fb0c969217fc1d44e6d1503cd1f	Primary Tumor	NA	TCGA-AN-A0FF	TCGA-AN-A0FF-01A
6b9180f4-bdd0-4118-bff7-0523cad45567	TSV	TCGA-D8-A1XD-01A-11R-A14D-07	open	70532e65-df18-4e1d-beaf-08fbf349bec0.rna_seq.augmented_star_gene_counts.tsv	4a49a5c2-7deb-4c0f-baca-e9a1c6fbb051	Transcriptome Profiling	gene_expression	Illumina	4238675	2021-12-13T22:13:57.106396-06:00	65d16c1b5d27783fc89e8cd929f7e79e	2024-07-30T09:55:59.908855-05:00	6b9180f4-bdd0-4118-bff7-0523cad45567	Gene Expression Quantification	released	RNA-Seq	1	32.0 - 46.0	TCGA-BRCA	ec35f0f5-6463-429a-8b26-ea62be4cced3	released	70532e65-df18-4e1d-beaf-08fbf349bec0_star__counts	https://github.com/NCI-GDC/gdc-rnaseq-cwl/blob/5d8c131bbff59fb0c969217fc1d44e6d1503cd1f/rnaseq-star-align/star2pass.rnaseq_harmonization.cwl	STAR - Counts	5d8c131bbff59fb0c969217fc1d44e6d1503cd1f	Primary Tumor	NA	TCGA-D8-A1XD	TCGA-D8-A1XD-01A
a8a6308d-04e4-47e9-adb6-c895b605ad69	TSV	TCGA-E9-A1QZ-01A-21R-A169-07	open	0f168687-6f42-4d92-8f91-13efde785a0c.rna_seq.augmented_star_gene_counts.tsv	01355b50-a111-499e-b995-62d108395719	Transcriptome Profiling	gene_expression	Illumina	4254087	2021-12-13T22:03:45.057372-06:00	bf4e46390066fb9417f460f089b85e4e	2024-07-30T10:08:09.045132-05:00	a8a6308d-04e4-47e9-adb6-c895b605ad69	Gene Expression Quantification	released	RNA-Seq	1	32.0 - 46.0	TCGA-BRCA	f8b98c66-e4d8-4461-9475-773aa0857727	released	0f168687-6f42-4d92-8f91-13efde785a0c_star__counts	https://github.com/NCI-GDC/gdc-rnaseq-cwl/blob/5d8c131bbff59fb0c969217fc1d44e6d1503cd1f/rnaseq-star-align/star2pass.rnaseq_harmonization.cwl	STAR - Counts	5d8c131bbff59fb0c969217fc1d44e6d1503cd1f	Primary Tumor	NA	TCGA-E9-A1QZ	TCGA-E9-A1QZ-01A
128bf144-f452-48af-941d-f6069e3bb0bb	TSV	TCGA-AR-A1AS-01A-11R-A12P-07	open	550812e9-ad67-4ae6-900e-572a051208a4.rna_seq.augmented_star_gene_counts.tsv	c21ee87a-37f5-4e43-94e9-414c76562624	Transcriptome Profiling	gene_expression	Illumina	4229900	2021-12-13T22:08:59.897137-06:00	a6b10b08e2b9f9e9e70d9e2c13a0f9c1	2024-07-30T09:29:54.378917-05:00	128bf144-f452-48af-941d-f6069e3bb0bb	Gene Expression Quantification	released	RNA-Seq	1	32.0 - 46.0	TCGA-BRCA	bace4a58-60af-480e-bfe6-4268e7726022	released	550812e9-ad67-4ae6-900e-572a051208a4_star__counts	https://github.com/NCI-GDC/gdc-rnaseq-cwl/blob/5d8c131bbff59fb0c969217fc1d44e6d1503cd1f/rnaseq-star-align/star2pass.rnaseq_harmonization.cwl	STAR - Counts	5d8c131bbff59fb0c969217fc1d44e6d1503cd1f	Primary Tumor	NA	TCGA-AR-A1AS	TCGA-AR-A1AS-01A
588a95c5-286a-417f-aa76-b4d8b5c055ef	TSV	TCGA-D8-A27W-01A-11R-A16F-07	open	c4ffc907-8632-494f-8030-0dcc74af3d9c.rna_seq.augmented_star_gene_counts.tsv	e609c807-ad8e-46df-a156-2eea4901d9e4	Transcriptome Profiling	gene_expression	Illumina	4252935	2021-12-13T22:07:47.705635-06:00	33a15e18e17e8b08ae77eccf7906ecd6	2024-07-30T09:38:38.414249-05:00	588a95c5-286a-417f-aa76-b4d8b5c055ef	Gene Expression Quantification	released	RNA-Seq	1	32.0 - 46.0	TCGA-BRCA	4a5677e2-5a1f-432b-9d60-f1af44881fd5	released	c4ffc907-8632-494f-8030-0dcc74af3d9c_star__counts	https://github.com/NCI-GDC/gdc-rnaseq-cwl/blob/5d8c131bbff59fb0c969217fc1d44e6d1503cd1f/rnaseq-star-align/star2pass.rnaseq_harmonization.cwl	STAR - Counts	5d8c131bbff59fb0c969217fc1d44e6d1503cd1f	Primary Tumor	NA	TCGA-D8-A27W	TCGA-D8-A27W-01A
9b47ed32-440b-4e50-93f9-5aeb56f03397	TSV	TCGA-AR-A24K-01A-11R-A169-07	open	990f1383-2ef6-426a-a650-e182010a8281.rna_seq.augmented_star_gene_counts.tsv	68f61131-c303-4fea-b183-ff9c9f383709	Transcriptome Profiling	gene_expression	Illumina	4247443	2021-12-13T22:02:17.809789-06:00	fc5c643a2e670551cee6d8668756957b	2024-07-30T10:04:37.134553-05:00	9b47ed32-440b-4e50-93f9-5aeb56f03397	Gene Expression Quantification	released	RNA-Seq	1	32.0 - 46.0	TCGA-BRCA	f280eecc-ec59-49dc-a238-b570f0b40f1c	released	990f1383-2ef6-426a-a650-e182010a8281_star__counts	https://github.com/NCI-GDC/gdc-rnaseq-cwl/blob/5d8c131bbff59fb0c969217fc1d44e6d1503cd1f/rnaseq-star-align/star2pass.rnaseq_harmonization.cwl	STAR - Counts	5d8c131bbff59fb0c969217fc1d44e6d1503cd1f	Primary Tumor	NA	TCGA-AR-A24K	TCGA-AR-A24K-01A
406cb497-badd-4bbe-be62-e1dac7b49180	TSV	TCGA-LD-A9QF-01A-32R-A41B-07	open	49563aad-aeb3-4a9b-8849-a60c119cbaa4.rna_seq.augmented_star_gene_counts.tsv	20a36eda-fde7-48ec-aa1d-7ca63285118e	Transcriptome Profiling	gene_expression	Illumina	4238311	2021-12-13T22:05:01.347555-06:00	396d90c1fcaa36efc71992fd5f6532de	2024-07-30T09:35:44.555387-05:00	406cb497-badd-4bbe-be62-e1dac7b49180	Gene Expression Quantification	released	RNA-Seq	1	32.0 - 46.0	TCGA-BRCA	198b0458-3978-46a2-a7b4-f57fb4ddcbb8	released	49563aad-aeb3-4a9b-8849-a60c119cbaa4_star__counts	https://github.com/NCI-GDC/gdc-rnaseq-cwl/blob/5d8c131bbff59fb0c969217fc1d44e6d1503cd1f/rnaseq-star-align/star2pass.rnaseq_harmonization.cwl	STAR - Counts	5d8c131bbff59fb0c969217fc1d44e6d1503cd1f	Primary Tumor	NA	TCGA-LD-A9QF	TCGA-LD-A9QF-01A
519b92e0-0dbc-471c-988f-48ce9dc95be3	TSV	TCGA-A8-A08S-01A-11R-A034-07	open	ad44b37b-0bd2-4289-b03f-d52858da2d0f.rna_seq.augmented_star_gene_counts.tsv	bc973cc7-021f-46ba-904f-ed4964bf1624	Transcriptome Profiling	gene_expression	Illumina	4246840	2021-12-13T21:53:39.676422-06:00	4ac78d0e8842885f146a5301d5265372	2024-07-30T10:02:26.901731-05:00	519b92e0-0dbc-471c-988f-48ce9dc95be3	Gene Expression Quantification	released	RNA-Seq	1	32.0 - 46.0	TCGA-BRCA	546fa237-9a7e-41fc-b286-e7f9331d375b	released	ad44b37b-0bd2-4289-b03f-d52858da2d0f_star__counts	https://github.com/NCI-GDC/gdc-rnaseq-cwl/blob/5d8c131bbff59fb0c969217fc1d44e6d1503cd1f/rnaseq-star-align/star2pass.rnaseq_harmonization.cwl	STAR - Counts	5d8c131bbff59fb0c969217fc1d44e6d1503cd1f	Primary Tumor	NA	TCGA-A8-A08S	TCGA-A8-A08S-01A
2aa3a845-cce2-4fe2-92f7-1fece9e619d5	TSV	TCGA-BH-A209-01A-11R-A157-07	open	3fab2674-2e00-4748-9d33-9e52631cebfd.rna_seq.augmented_star_gene_counts.tsv	43912e21-ce1b-41d6-af2f-1ca059263ede	Transcriptome Profiling	gene_expression	Illumina	4253482	2021-12-13T22:26:53.202516-06:00	a9eddeb1e5676982d8c61efd02838181	2024-07-30T09:23:25.294580-05:00	2aa3a845-cce2-4fe2-92f7-1fece9e619d5	Gene Expression Quantification	released	RNA-Seq	1	32.0 - 46.0	TCGA-BRCA	0a714828-e581-4418-8a21-0b1f37072a27	released	3fab2674-2e00-4748-9d33-9e52631cebfd_star__counts	https://github.com/NCI-GDC/gdc-rnaseq-cwl/blob/5d8c131bbff59fb0c969217fc1d44e6d1503cd1f/rnaseq-star-align/star2pass.rnaseq_harmonization.cwl	STAR - Counts	5d8c131bbff59fb0c969217fc1d44e6d1503cd1f	Primary Tumor	NA	TCGA-BH-A209	TCGA-BH-A209-01A
a8ab2eb8-9da3-494f-b740-dc3f4185acb2	TSV	TCGA-A8-A09C-01A-11R-A00Z-07	open	04026251-0cf6-4889-83b4-8a46881470b5.rna_seq.augmented_star_gene_counts.tsv	c7a4faba-8344-4d65-925b-07219a32bd3d	Transcriptome Profiling	gene_expression	Illumina	4246601	2021-12-13T22:41:21.350769-06:00	3809846bbd16f3718fb890b09c8df7d2	2024-07-30T10:08:25.105596-05:00	a8ab2eb8-9da3-494f-b740-dc3f4185acb2	Gene Expression Quantification	released	RNA-Seq	1	32.0 - 46.0	TCGA-BRCA	3d7517d1-1534-40aa-8aaf-657c5b27fd99	released	04026251-0cf6-4889-83b4-8a46881470b5_star__counts	https://github.com/NCI-GDC/gdc-rnaseq-cwl/blob/5d8c131bbff59fb0c969217fc1d44e6d1503cd1f/rnaseq-star-align/star2pass.rnaseq_harmonization.cwl	STAR - Counts	5d8c131bbff59fb0c969217fc1d44e6d1503cd1f	Primary Tumor	NA	TCGA-A8-A09C	TCGA-A8-A09C-01A
b9d564b4-4561-44b2-b020-baf106f23baa	TSV	TCGA-AO-A1KS-01A-11R-A13Q-07	open	0af3ed73-d962-492c-9dc5-85247cd3de03.rna_seq.augmented_star_gene_counts.tsv	1aa18f82-00e4-4d21-89eb-5cfef8c24382	Transcriptome Profiling	gene_expression	Illumina	4247994	2021-12-13T22:38:52.948136-06:00	807e3ac994b1e1ab6734c3fc14c3837c	2024-07-30T09:33:53.925298-05:00	b9d564b4-4561-44b2-b020-baf106f23baa	Gene Expression Quantification	released	RNA-Seq	1	32.0 - 46.0	TCGA-BRCA	b3cf5c08-74ea-44d4-814d-3f5e028f5337	released	0af3ed73-d962-492c-9dc5-85247cd3de03_star__counts	https://github.com/NCI-GDC/gdc-rnaseq-cwl/blob/5d8c131bbff59fb0c969217fc1d44e6d1503cd1f/rnaseq-star-align/star2pass.rnaseq_harmonization.cwl	STAR - Counts	5d8c131bbff59fb0c969217fc1d44e6d1503cd1f	Primary Tumor	NA	TCGA-AO-A1KS	TCGA-AO-A1KS-01A
76367cee-b571-49e5-8121-9e69f906c230	TSV	TCGA-A1-A0SG-01A-11R-A144-07	open	370e6381-c31a-475b-b2c7-2c5de9e2c8ec.rna_seq.augmented_star_gene_counts.tsv	293dc2eb-0842-444b-ac14-3f28ffb894f2	Transcriptome Profiling	gene_expression	Illumina	4243147	2021-12-13T22:18:19.191447-06:00	b1b4376814fb72021f3f9d939976742f	2024-07-30T09:18:00.928842-05:00	76367cee-b571-49e5-8121-9e69f906c230	Gene Expression Quantification	released	RNA-Seq	1	32.0 - 46.0	TCGA-BRCA	14ed3633-2c48-4eb6-b3df-e3593acdb43e	released	370e6381-c31a-475b-b2c7-2c5de9e2c8ec_star__counts	https://github.com/NCI-GDC/gdc-rnaseq-cwl/blob/5d8c131bbff59fb0c969217fc1d44e6d1503cd1f/rnaseq-star-align/star2pass.rnaseq_harmonization.cwl	STAR - Counts	5d8c131bbff59fb0c969217fc1d44e6d1503cd1f	Primary Tumor	NA	TCGA-A1-A0SG	TCGA-A1-A0SG-01A
92431faf-af89-4f25-be07-61ac770b9633	TSV	TCGA-E9-A1R5-01A-11R-A14M-07	open	f4bbad06-fb0c-4064-8a05-18b30a16207a.rna_seq.augmented_star_gene_counts.tsv	828335eb-0c5c-476e-9ada-94be4584c9cf	Transcriptome Profiling	gene_expression	Illumina	4244431	2021-12-13T21:57:58.909909-06:00	040c5da1036dfe1e15b149b892bd701e	2024-07-30T09:45:50.582060-05:00	92431faf-af89-4f25-be07-61ac770b9633	Gene Expression Quantification	released	RNA-Seq	1	32.0 - 46.0	TCGA-BRCA	2f778edb-da2c-4bf4-a953-d621b405f083	released	f4bbad06-fb0c-4064-8a05-18b30a16207a_star__counts	https://github.com/NCI-GDC/gdc-rnaseq-cwl/blob/5d8c131bbff59fb0c969217fc1d44e6d1503cd1f/rnaseq-star-align/star2pass.rnaseq_harmonization.cwl	STAR - Counts	5d8c131bbff59fb0c969217fc1d44e6d1503cd1f	Primary Tumor	NA	TCGA-E9-A1R5	TCGA-E9-A1R5-01A
b5994562-8eab-43a5-9846-cd3916a9260f	TSV	TCGA-AO-A12H-01A-11R-A115-07	open	24e5d229-23d1-49c2-bc00-ad3441b324cc.rna_seq.augmented_star_gene_counts.tsv	3b95ab68-59e0-4850-a7c9-8e99a8097c69	Transcriptome Profiling	gene_expression	Illumina	4243277	2021-12-13T22:12:31.637755-06:00	d8535524a6a0b56cdf52b9290d685045	2024-07-30T09:21:19.195499-05:00	b5994562-8eab-43a5-9846-cd3916a9260f	Gene Expression Quantification	released	RNA-Seq	1	32.0 - 46.0	TCGA-BRCA	6a97e0bd-7b0e-41f3-8389-a7546bf19993	released	24e5d229-23d1-49c2-bc00-ad3441b324cc_star__counts	https://github.com/NCI-GDC/gdc-rnaseq-cwl/blob/5d8c131bbff59fb0c969217fc1d44e6d1503cd1f/rnaseq-star-align/star2pass.rnaseq_harmonization.cwl	STAR - Counts	5d8c131bbff59fb0c969217fc1d44e6d1503cd1f	Primary Tumor	NA	TCGA-AO-A12H	TCGA-AO-A12H-01A
96e54b36-0b71-4ad0-9b21-72668708fc62	TSV	TCGA-E9-A1N6-11A-32R-A144-07	open	b7ef29ba-06f6-4445-8c70-52388892388c.rna_seq.augmented_star_gene_counts.tsv	b566c964-8ea3-4ed4-b764-6ee30e4b6249	Transcriptome Profiling	gene_expression	Illumina	4243732	2021-12-13T22:18:09.833282-06:00	a48527010e7d0590667a63c4a6a40fae	2024-07-30T09:48:44.450750-05:00	96e54b36-0b71-4ad0-9b21-72668708fc62	Gene Expression Quantification	released	RNA-Seq	1	32.0 - 46.0	TCGA-BRCA	bbd1a75d-d21f-47da-b9a9-8d7384ac100b	released	b7ef29ba-06f6-4445-8c70-52388892388c_star__counts	https://github.com/NCI-GDC/gdc-rnaseq-cwl/blob/5d8c131bbff59fb0c969217fc1d44e6d1503cd1f/rnaseq-star-align/star2pass.rnaseq_harmonization.cwl	STAR - Counts	5d8c131bbff59fb0c969217fc1d44e6d1503cd1f	Solid Tissue Normal	NA	TCGA-E9-A1N6	TCGA-E9-A1N6-11A
56209bc1-f94b-4aa4-a9dd-757003f36fd2	TSV	TCGA-B6-A0WY-01A-11R-A109-07	open	2ae456c7-57fa-4146-9b29-2d4129f0cf7c.rna_seq.augmented_star_gene_counts.tsv	74c0b606-767f-4079-a967-9175f0368b6c	Transcriptome Profiling	gene_expression	Illumina	4247625	2021-12-13T22:15:43.858218-06:00	52a0419513d42b3c601d7054d8663121	2024-07-30T09:56:09.916151-05:00	56209bc1-f94b-4aa4-a9dd-757003f36fd2	Gene Expression Quantification	released	RNA-Seq	1	32.0 - 46.0	TCGA-BRCA	5931d0c2-1112-4bcb-a299-ae340920f528	released	2ae456c7-57fa-4146-9b29-2d4129f0cf7c_star__counts	https://github.com/NCI-GDC/gdc-rnaseq-cwl/blob/5d8c131bbff59fb0c969217fc1d44e6d1503cd1f/rnaseq-star-align/star2pass.rnaseq_harmonization.cwl	STAR - Counts	5d8c131bbff59fb0c969217fc1d44e6d1503cd1f	Primary Tumor	NA	TCGA-B6-A0WY	TCGA-B6-A0WY-01A
2a898b49-54b6-4cb6-8af4-fb69d0818562	TSV	TCGA-E2-A15I-11A-32R-A137-07	open	69303772-638d-4171-84d2-cfa535256976.rna_seq.augmented_star_gene_counts.tsv	2c950c96-964a-4c52-9395-1d48e3716f20	Transcriptome Profiling	gene_expression	Illumina	4229676	2021-12-13T22:37:34.565716-06:00	91af93fd97fce14f3beb5dd240dfd3bc	2024-07-30T10:06:41.103601-05:00	2a898b49-54b6-4cb6-8af4-fb69d0818562	Gene Expression Quantification	released	RNA-Seq	1	32.0 - 46.0	TCGA-BRCA	4b595e16-5dea-4470-b8eb-50a984085d42	released	69303772-638d-4171-84d2-cfa535256976_star__counts	https://github.com/NCI-GDC/gdc-rnaseq-cwl/blob/5d8c131bbff59fb0c969217fc1d44e6d1503cd1f/rnaseq-star-align/star2pass.rnaseq_harmonization.cwl	STAR - Counts	5d8c131bbff59fb0c969217fc1d44e6d1503cd1f	Solid Tissue Normal	NA	TCGA-E2-A15I	TCGA-E2-A15I-11A
a3039f53-9e11-4b53-b65e-ea5e14914ef0	TSV	TCGA-A2-A0SY-01A-31R-A084-07	open	d667391d-a4f9-40b8-9758-4b9246f49dfc.rna_seq.augmented_star_gene_counts.tsv	bdc2fe99-2c64-4ff3-bc44-568f962fb8b2	Transcriptome Profiling	gene_expression	Illumina	4244778	2021-12-13T22:06:33.981075-06:00	b2f78034ae917434390f8a6f2b28789f	2024-07-30T09:48:13.507294-05:00	a3039f53-9e11-4b53-b65e-ea5e14914ef0	Gene Expression Quantification	released	RNA-Seq	1	32.0 - 46.0	TCGA-BRCA	bf23746d-d0f1-4d93-b017-9e90619bf34e	released	d667391d-a4f9-40b8-9758-4b9246f49dfc_star__counts	https://github.com/NCI-GDC/gdc-rnaseq-cwl/blob/5d8c131bbff59fb0c969217fc1d44e6d1503cd1f/rnaseq-star-align/star2pass.rnaseq_harmonization.cwl	STAR - Counts	5d8c131bbff59fb0c969217fc1d44e6d1503cd1f	Primary Tumor	NA	TCGA-A2-A0SY	TCGA-A2-A0SY-01A
2ce2b916-b768-424c-a57b-96ab4a77276e	TSV	TCGA-A2-A0CV-01A-31R-A115-07	open	b85209a5-128a-4aff-83d4-1ab336d82b95.rna_seq.augmented_star_gene_counts.tsv	4d6fc847-21ac-42e7-b1b5-f50e67701f58	Transcriptome Profiling	gene_expression	Illumina	4253369	2021-12-13T21:46:22.364332-06:00	c5a340b434978de848bd82826591f5ef	2024-07-30T09:34:01.637742-05:00	2ce2b916-b768-424c-a57b-96ab4a77276e	Gene Expression Quantification	released	RNA-Seq	1	32.0 - 46.0	TCGA-BRCA	81018418-7cf4-4bc9-ad4d-367b5414fa7a	released	b85209a5-128a-4aff-83d4-1ab336d82b95_star__counts	https://github.com/NCI-GDC/gdc-rnaseq-cwl/blob/5d8c131bbff59fb0c969217fc1d44e6d1503cd1f/rnaseq-star-align/star2pass.rnaseq_harmonization.cwl	STAR - Counts	5d8c131bbff59fb0c969217fc1d44e6d1503cd1f	Primary Tumor	NA	TCGA-A2-A0CV	TCGA-A2-A0CV-01A
b2f5c7b1-96c1-4928-83e9-4f67ace3158e	TSV	TCGA-A2-A04Q-01A-21R-A034-07	open	3cf6f0ec-e11f-4a59-8d86-3e0bbc01f8e9.rna_seq.augmented_star_gene_counts.tsv	cd1870ea-b5bd-4683-a060-e534cebcfd20	Transcriptome Profiling	gene_expression	Illumina	4241895	2021-12-13T21:47:34.240046-06:00	e64b1b2a9c3823355355c1706fde6b93	2024-07-30T10:04:15.603411-05:00	b2f5c7b1-96c1-4928-83e9-4f67ace3158e	Gene Expression Quantification	released	RNA-Seq	1	32.0 - 46.0	TCGA-BRCA	0e5634ce-d7e9-42a4-9a7d-a8b84cb4d4d7	released	3cf6f0ec-e11f-4a59-8d86-3e0bbc01f8e9_star__counts	https://github.com/NCI-GDC/gdc-rnaseq-cwl/blob/5d8c131bbff59fb0c969217fc1d44e6d1503cd1f/rnaseq-star-align/star2pass.rnaseq_harmonization.cwl	STAR - Counts	5d8c131bbff59fb0c969217fc1d44e6d1503cd1f	Primary Tumor	NA	TCGA-A2-A04Q	TCGA-A2-A04Q-01A
152c8e57-1f2f-464c-ad13-de0f4d81dbff	TSV	TCGA-AO-A12C-01A-11R-A10J-07	open	8d0f534a-a0b1-4d8e-9ca5-042f8a0a4e52.rna_seq.augmented_star_gene_counts.tsv	b6335539-5c39-4c85-a2bc-ba573dd5e4fd	Transcriptome Profiling	gene_expression	Illumina	4238654	2021-12-13T22:05:19.741417-06:00	36d301217cac4a9396230b903c4fdfb0	2024-07-30T09:29:27.609690-05:00	152c8e57-1f2f-464c-ad13-de0f4d81dbff	Gene Expression Quantification	released	RNA-Seq	1	32.0 - 46.0	TCGA-BRCA	32169f23-3e93-47ae-bb7e-076268a846d1	released	8d0f534a-a0b1-4d8e-9ca5-042f8a0a4e52_star__counts	https://github.com/NCI-GDC/gdc-rnaseq-cwl/blob/5d8c131bbff59fb0c969217fc1d44e6d1503cd1f/rnaseq-star-align/star2pass.rnaseq_harmonization.cwl	STAR - Counts	5d8c131bbff59fb0c969217fc1d44e6d1503cd1f	Primary Tumor	NA	TCGA-AO-A12C	TCGA-AO-A12C-01A
df176b72-7266-4eeb-a3ed-8f09199c1963	TSV	TCGA-A8-A08G-01A-11R-A00Z-07	open	02423743-43b4-494b-acd9-1cd3bcd3d395.rna_seq.augmented_star_gene_counts.tsv	de8e7a24-8e0f-448a-b6ef-0e789790cd25	Transcriptome Profiling	gene_expression	Illumina	4254230	2021-12-13T22:20:21.546178-06:00	600957a99a379c64450a6b03903517a3	2024-07-30T09:26:30.140776-05:00	df176b72-7266-4eeb-a3ed-8f09199c1963	Gene Expression Quantification	released	RNA-Seq	1	32.0 - 46.0	TCGA-BRCA	beb2eeb3-1220-45bc-8d8c-ca168a20dcb4	released	02423743-43b4-494b-acd9-1cd3bcd3d395_star__counts	https://github.com/NCI-GDC/gdc-rnaseq-cwl/blob/5d8c131bbff59fb0c969217fc1d44e6d1503cd1f/rnaseq-star-align/star2pass.rnaseq_harmonization.cwl	STAR - Counts	5d8c131bbff59fb0c969217fc1d44e6d1503cd1f	Primary Tumor	NA	TCGA-A8-A08G	TCGA-A8-A08G-01A
1873c44d-4dcb-41d3-8c3c-dec38f7ac3d1	TSV	TCGA-OL-A97C-01A-32R-A41B-07	open	b69294e4-e359-43b3-b3df-04bf9401fb9e.rna_seq.augmented_star_gene_counts.tsv	fdc85c0e-c890-4ecc-a3ea-4608b00b34aa	Transcriptome Profiling	gene_expression	Illumina	4228628	2021-12-13T22:22:31.148718-06:00	88b9502169adc5264b69bb75c2173048	2024-07-30T09:20:26.351261-05:00	1873c44d-4dcb-41d3-8c3c-dec38f7ac3d1	Gene Expression Quantification	released	RNA-Seq	1	32.0 - 46.0	TCGA-BRCA	5a64f60c-fb5a-4a98-9ecd-574dc832a6b6	released	b69294e4-e359-43b3-b3df-04bf9401fb9e_star__counts	https://github.com/NCI-GDC/gdc-rnaseq-cwl/blob/5d8c131bbff59fb0c969217fc1d44e6d1503cd1f/rnaseq-star-align/star2pass.rnaseq_harmonization.cwl	STAR - Counts	5d8c131bbff59fb0c969217fc1d44e6d1503cd1f	Primary Tumor	NA	TCGA-OL-A97C	TCGA-OL-A97C-01A
0caa1750-ec80-484f-9097-1e90fbfa41c2	TSV	TCGA-E2-A1B0-01A-11R-A12P-07	open	507de54a-b4a5-4778-99fc-2f4f45c6daa0.rna_seq.augmented_star_gene_counts.tsv	e0102d67-0538-4e06-a9c6-02121f4ff731	Transcriptome Profiling	gene_expression	Illumina	4262365	2021-12-13T22:27:13.637550-06:00	1c925d36371d4c293bf4028dc6d25e29	2024-07-30T09:44:48.585806-05:00	0caa1750-ec80-484f-9097-1e90fbfa41c2	Gene Expression Quantification	released	RNA-Seq	1	32.0 - 46.0	TCGA-BRCA	742911c8-6c2f-4b4b-bfb7-66c02d32eeeb	released	507de54a-b4a5-4778-99fc-2f4f45c6daa0_star__counts	https://github.com/NCI-GDC/gdc-rnaseq-cwl/blob/5d8c131bbff59fb0c969217fc1d44e6d1503cd1f/rnaseq-star-align/star2pass.rnaseq_harmonization.cwl	STAR - Counts	5d8c131bbff59fb0c969217fc1d44e6d1503cd1f	Primary Tumor	NA	TCGA-E2-A1B0	TCGA-E2-A1B0-01A
542856ab-164d-4edd-833a-925da96d1eeb	TSV	TCGA-BH-A18N-11A-43R-A12D-07	open	9c0696ab-2bd6-4372-8b10-8222816de48e.rna_seq.augmented_star_gene_counts.tsv	d984240b-82a2-4852-bf4c-119fbf9d0a4c	Transcriptome Profiling	gene_expression	Illumina	4255467	2021-12-13T21:56:27.795706-06:00	5d8a756c6b15896901ca4cc63b1c3d29	2024-07-30T09:41:18.029582-05:00	542856ab-164d-4edd-833a-925da96d1eeb	Gene Expression Quantification	released	RNA-Seq	1	32.0 - 46.0	TCGA-BRCA	37b5a94f-14ec-40e2-890b-ccf9052051db	released	9c0696ab-2bd6-4372-8b10-8222816de48e_star__counts	https://github.com/NCI-GDC/gdc-rnaseq-cwl/blob/5d8c131bbff59fb0c969217fc1d44e6d1503cd1f/rnaseq-star-align/star2pass.rnaseq_harmonization.cwl	STAR - Counts	5d8c131bbff59fb0c969217fc1d44e6d1503cd1f	Solid Tissue Normal	NA	TCGA-BH-A18N	TCGA-BH-A18N-11A
92fc6274-1d0f-4e1c-a124-9e5135753d99	TSV	TCGA-A2-A0ER-01A-21R-A034-07	open	52df14ea-5feb-481a-855e-0a6176744a73.rna_seq.augmented_star_gene_counts.tsv	3cae81c9-0a5c-4d3d-8aec-b97909e0ec06	Transcriptome Profiling	gene_expression	Illumina	4242149	2021-12-13T22:39:27.178258-06:00	f4dc209c27aa33b1fbd1682a5ff51a20	2024-07-30T10:05:44.386802-05:00	92fc6274-1d0f-4e1c-a124-9e5135753d99	Gene Expression Quantification	released	RNA-Seq	1	32.0 - 46.0	TCGA-BRCA	2dd6cfa0-ae50-4402-9e3e-5a563603b9b8	released	52df14ea-5feb-481a-855e-0a6176744a73_star__counts	https://github.com/NCI-GDC/gdc-rnaseq-cwl/blob/5d8c131bbff59fb0c969217fc1d44e6d1503cd1f/rnaseq-star-align/star2pass.rnaseq_harmonization.cwl	STAR - Counts	5d8c131bbff59fb0c969217fc1d44e6d1503cd1f	Primary Tumor	NA	TCGA-A2-A0ER	TCGA-A2-A0ER-01A
4cafa8be-69f1-4c1a-87fb-c71df6de6a74	TSV	TCGA-AO-A12A-01A-21R-A115-07	open	2ed88c3e-bf61-4e2f-b06c-0b93c9f9402e.rna_seq.augmented_star_gene_counts.tsv	1f8dc89d-2a4c-4cab-9b47-b6c0e81eb662	Transcriptome Profiling	gene_expression	Illumina	4253137	2021-12-13T22:32:01.825355-06:00	dbf90201803fa90cf7c05593080306dc	2024-07-30T09:47:12.922382-05:00	4cafa8be-69f1-4c1a-87fb-c71df6de6a74	Gene Expression Quantification	released	RNA-Seq	1	32.0 - 46.0	TCGA-BRCA	72702118-263b-4111-9ac4-e0a879d8c2ae	released	2ed88c3e-bf61-4e2f-b06c-0b93c9f9402e_star__counts	https://github.com/NCI-GDC/gdc-rnaseq-cwl/blob/5d8c131bbff59fb0c969217fc1d44e6d1503cd1f/rnaseq-star-align/star2pass.rnaseq_harmonization.cwl	STAR - Counts	5d8c131bbff59fb0c969217fc1d44e6d1503cd1f	Primary Tumor	NA	TCGA-AO-A12A	TCGA-AO-A12A-01A
e37e5793-921d-4930-8f22-ddcd5f881fe6	TSV	TCGA-A7-A0CG-01A-12R-A056-07	open	82d0130a-9bea-443b-bf46-32fe0a2ce84c.rna_seq.augmented_star_gene_counts.tsv	64c4e537-3b06-4fbe-a7db-472b7c5efd4a	Transcriptome Profiling	gene_expression	Illumina	4242994	2021-12-13T21:54:27.048790-06:00	7374495f71dae946d9506ba582749816	2024-07-30T10:07:40.841259-05:00	e37e5793-921d-4930-8f22-ddcd5f881fe6	Gene Expression Quantification	released	RNA-Seq	1	32.0 - 46.0	TCGA-BRCA	a10c7bc4-0f35-4752-92c5-b08063484d66	released	82d0130a-9bea-443b-bf46-32fe0a2ce84c_star__counts	https://github.com/NCI-GDC/gdc-rnaseq-cwl/blob/5d8c131bbff59fb0c969217fc1d44e6d1503cd1f/rnaseq-star-align/star2pass.rnaseq_harmonization.cwl	STAR - Counts	5d8c131bbff59fb0c969217fc1d44e6d1503cd1f	Primary Tumor	NA	TCGA-A7-A0CG	TCGA-A7-A0CG-01A
bc23716d-70e8-486e-b512-8c45654d5d83	TSV	TCGA-BH-A0E6-01A-11R-A034-07	open	8411b896-9d24-47d3-8a28-1c9cd6313939.rna_seq.augmented_star_gene_counts.tsv	a16de59a-30b4-4871-b9ea-3a48d9f7d4af	Transcriptome Profiling	gene_expression	Illumina	4235724	2021-12-13T22:19:16.732024-06:00	bc80ab17c6c16c9286526c9d13f1b9bd	2024-07-30T09:23:34.272308-05:00	bc23716d-70e8-486e-b512-8c45654d5d83	Gene Expression Quantification	released	RNA-Seq	1	32.0 - 46.0	TCGA-BRCA	14cb62d2-945b-4dfe-b025-c9fc8270c128	released	8411b896-9d24-47d3-8a28-1c9cd6313939_star__counts	https://github.com/NCI-GDC/gdc-rnaseq-cwl/blob/5d8c131bbff59fb0c969217fc1d44e6d1503cd1f/rnaseq-star-align/star2pass.rnaseq_harmonization.cwl	STAR - Counts	5d8c131bbff59fb0c969217fc1d44e6d1503cd1f	Primary Tumor	NA	TCGA-BH-A0E6	TCGA-BH-A0E6-01A
b6bbcd01-c1a3-42b8-afe7-c17b987903b0	TSV	TCGA-E9-A24A-01A-11R-A169-07	open	a3624554-07c8-41d7-9b6b-f4cbf9de9301.rna_seq.augmented_star_gene_counts.tsv	8c95965e-7ff7-4ffc-a6b7-5970c49762a9	Transcriptome Profiling	gene_expression	Illumina	4248934	2021-12-13T22:37:19.098420-06:00	d3e8847507aec0f14c89d2224015b3ea	2024-07-30T09:52:27.007662-05:00	b6bbcd01-c1a3-42b8-afe7-c17b987903b0	Gene Expression Quantification	released	RNA-Seq	1	32.0 - 46.0	TCGA-BRCA	4b27596e-7fac-4e63-afd4-81e068e95b81	released	a3624554-07c8-41d7-9b6b-f4cbf9de9301_star__counts	https://github.com/NCI-GDC/gdc-rnaseq-cwl/blob/5d8c131bbff59fb0c969217fc1d44e6d1503cd1f/rnaseq-star-align/star2pass.rnaseq_harmonization.cwl	STAR - Counts	5d8c131bbff59fb0c969217fc1d44e6d1503cd1f	Primary Tumor	NA	TCGA-E9-A24A	TCGA-E9-A24A-01A
0ba26ef1-7b7d-48c8-a593-75504769791c	TSV	TCGA-LL-A441-01A-11R-A24H-07	open	65b4f81a-4439-4d82-ae25-68d63309b053.rna_seq.augmented_star_gene_counts.tsv	4a5c4ddf-a2d5-4ea5-a1d1-936bcb41280a	Transcriptome Profiling	gene_expression	Illumina	4263846	2021-12-13T22:42:28.453814-06:00	4375d9c376b1afbb9b835aa3961afa27	2024-07-30T09:27:59.573072-05:00	0ba26ef1-7b7d-48c8-a593-75504769791c	Gene Expression Quantification	released	RNA-Seq	1	32.0 - 46.0	TCGA-BRCA	b88c60e6-c19e-4ecc-a1bc-4d35a0406198	released	65b4f81a-4439-4d82-ae25-68d63309b053_star__counts	https://github.com/NCI-GDC/gdc-rnaseq-cwl/blob/5d8c131bbff59fb0c969217fc1d44e6d1503cd1f/rnaseq-star-align/star2pass.rnaseq_harmonization.cwl	STAR - Counts	5d8c131bbff59fb0c969217fc1d44e6d1503cd1f	Primary Tumor	NA	TCGA-LL-A441	TCGA-LL-A441-01A
f8b403a1-37cf-4acb-b5d7-b3437fafa7f8	TSV	TCGA-BH-A1EW-01A-11R-A137-07	open	5e4626c1-dcf9-4781-a2e7-f6afca7e2ee7.rna_seq.augmented_star_gene_counts.tsv	44f41633-3803-4228-aab8-7271836240f4	Transcriptome Profiling	gene_expression	Illumina	4243051	2021-12-13T22:22:24.223200-06:00	d4de0b61b1528fb093c36c1c21640ae3	2024-07-30T09:50:28.668679-05:00	f8b403a1-37cf-4acb-b5d7-b3437fafa7f8	Gene Expression Quantification	released	RNA-Seq	1	32.0 - 46.0	TCGA-BRCA	85f8f5cb-2794-4f65-a375-4d6140c10f79	released	5e4626c1-dcf9-4781-a2e7-f6afca7e2ee7_star__counts	https://github.com/NCI-GDC/gdc-rnaseq-cwl/blob/5d8c131bbff59fb0c969217fc1d44e6d1503cd1f/rnaseq-star-align/star2pass.rnaseq_harmonization.cwl	STAR - Counts	5d8c131bbff59fb0c969217fc1d44e6d1503cd1f	Primary Tumor	NA	TCGA-BH-A1EW	TCGA-BH-A1EW-01A
307261f2-f88f-4658-b6d1-98ef946148e2	TSV	TCGA-4H-AAAK-01A-12R-A41B-07	open	75d91076-9d8a-415e-9ee6-00b877e55874.rna_seq.augmented_star_gene_counts.tsv	3536c481-439f-48e2-84df-db1179819c69	Transcriptome Profiling	gene_expression	Illumina	4239847	2021-12-13T21:53:55.854827-06:00	fe75dd0900e8da4580e13c57eda6b9a3	2024-07-30T09:50:26.327385-05:00	307261f2-f88f-4658-b6d1-98ef946148e2	Gene Expression Quantification	released	RNA-Seq	1	32.0 - 46.0	TCGA-BRCA	9f982573-b7df-4537-9788-3502a0b68e21	released	75d91076-9d8a-415e-9ee6-00b877e55874_star__counts	https://github.com/NCI-GDC/gdc-rnaseq-cwl/blob/5d8c131bbff59fb0c969217fc1d44e6d1503cd1f/rnaseq-star-align/star2pass.rnaseq_harmonization.cwl	STAR - Counts	5d8c131bbff59fb0c969217fc1d44e6d1503cd1f	Primary Tumor	NA	TCGA-4H-AAAK	TCGA-4H-AAAK-01A
7dace9fc-28bd-44fb-9e97-6319eb30bb05	TSV	TCGA-D8-A1XS-01A-11R-A14M-07	open	0c13d041-ca8d-48cc-ba02-3b7889e5367c.rna_seq.augmented_star_gene_counts.tsv	c325c1b6-eed2-41a9-afe5-26d58fe5fb33	Transcriptome Profiling	gene_expression	Illumina	4251572	2021-12-13T21:51:21.584030-06:00	2baaa1411fc7dedf03d2f8014837355e	2024-07-30T09:24:10.971143-05:00	7dace9fc-28bd-44fb-9e97-6319eb30bb05	Gene Expression Quantification	released	RNA-Seq	1	32.0 - 46.0	TCGA-BRCA	d6d7ebcb-c68e-4e59-97ba-f768f4d31f03	released	0c13d041-ca8d-48cc-ba02-3b7889e5367c_star__counts	https://github.com/NCI-GDC/gdc-rnaseq-cwl/blob/5d8c131bbff59fb0c969217fc1d44e6d1503cd1f/rnaseq-star-align/star2pass.rnaseq_harmonization.cwl	STAR - Counts	5d8c131bbff59fb0c969217fc1d44e6d1503cd1f	Primary Tumor	NA	TCGA-D8-A1XS	TCGA-D8-A1XS-01A
7acdca8d-6231-4077-b7ac-eec857c43092	TSV	TCGA-AR-A2LR-01A-12R-A18M-07	open	17efe3f1-a97a-4e26-b28a-98702fd3c42b.rna_seq.augmented_star_gene_counts.tsv	4d6c4ddb-0568-41c1-9e09-e3ee0893456c	Transcriptome Profiling	gene_expression	Illumina	4242402	2021-12-13T22:38:20.225217-06:00	a4c66396d1bc675300eed549ef0c87fa	2024-07-30T09:30:27.839237-05:00	7acdca8d-6231-4077-b7ac-eec857c43092	Gene Expression Quantification	released	RNA-Seq	1	32.0 - 46.0	TCGA-BRCA	a471dd23-537a-493c-9d79-029d82cf2c8d	released	17efe3f1-a97a-4e26-b28a-98702fd3c42b_star__counts	https://github.com/NCI-GDC/gdc-rnaseq-cwl/blob/5d8c131bbff59fb0c969217fc1d44e6d1503cd1f/rnaseq-star-align/star2pass.rnaseq_harmonization.cwl	STAR - Counts	5d8c131bbff59fb0c969217fc1d44e6d1503cd1f	Primary Tumor	NA	TCGA-AR-A2LR	TCGA-AR-A2LR-01A
db921dd3-3d39-4b42-b2ff-dbe0f6c9f093	TSV	TCGA-GI-A2C8-01A-11R-A16F-07	open	93f26994-d3de-4c8a-bfde-86af8d85b01a.rna_seq.augmented_star_gene_counts.tsv	e9a794c6-05a6-4313-a399-876fbd7831f1	Transcriptome Profiling	gene_expression	Illumina	4246279	2021-12-13T21:44:02.150419-06:00	7700377948fb5a2f2fbaa3eda999397b	2024-07-30T09:21:41.915036-05:00	db921dd3-3d39-4b42-b2ff-dbe0f6c9f093	Gene Expression Quantification	released	RNA-Seq	1	32.0 - 46.0	TCGA-BRCA	2f3070f0-448d-4fbe-ba8e-5155c3009be3	released	93f26994-d3de-4c8a-bfde-86af8d85b01a_star__counts	https://github.com/NCI-GDC/gdc-rnaseq-cwl/blob/5d8c131bbff59fb0c969217fc1d44e6d1503cd1f/rnaseq-star-align/star2pass.rnaseq_harmonization.cwl	STAR - Counts	5d8c131bbff59fb0c969217fc1d44e6d1503cd1f	Primary Tumor	NA	TCGA-GI-A2C8	TCGA-GI-A2C8-01A
c6ec90b5-d323-4a55-b48a-c3acf38557ba	TSV	TCGA-B6-A1KC-01B-11R-A157-07	open	92e64d91-88d8-4b1f-ab56-b593748b9f19.rna_seq.augmented_star_gene_counts.tsv	6f980077-26e4-4e0b-83bf-fdd15fcc2eca	Transcriptome Profiling	gene_expression	Illumina	4245766	2021-12-13T22:35:13.769885-06:00	0a4467b5482c0efa4c43c324840fcaa5	2024-07-30T09:25:56.767877-05:00	c6ec90b5-d323-4a55-b48a-c3acf38557ba	Gene Expression Quantification	released	RNA-Seq	1	32.0 - 46.0	TCGA-BRCA	f8f9465d-7766-41af-b572-0015e7d6a42f	released	92e64d91-88d8-4b1f-ab56-b593748b9f19_star__counts	https://github.com/NCI-GDC/gdc-rnaseq-cwl/blob/5d8c131bbff59fb0c969217fc1d44e6d1503cd1f/rnaseq-star-align/star2pass.rnaseq_harmonization.cwl	STAR - Counts	5d8c131bbff59fb0c969217fc1d44e6d1503cd1f	Primary Tumor	NA	TCGA-B6-A1KC	TCGA-B6-A1KC-01B
9dcf3c95-cc67-4a83-a2c8-12cbce82b9c4	TSV	TCGA-A8-A09K-01A-11R-A00Z-07	open	4ab26a32-f816-4aee-9130-12a0b3604db0.rna_seq.augmented_star_gene_counts.tsv	3154d50e-94aa-4951-a2ce-a03766c55d0c	Transcriptome Profiling	gene_expression	Illumina	4238084	2021-12-13T22:40:07.636865-06:00	0c7837a48f825ecfbd3368504a9a3f03	2024-07-30T10:08:17.790818-05:00	9dcf3c95-cc67-4a83-a2c8-12cbce82b9c4	Gene Expression Quantification	released	RNA-Seq	1	32.0 - 46.0	TCGA-BRCA	c7c5eb96-27c1-4a9f-9f89-5c7fbbfb01b9	released	4ab26a32-f816-4aee-9130-12a0b3604db0_star__counts	https://github.com/NCI-GDC/gdc-rnaseq-cwl/blob/5d8c131bbff59fb0c969217fc1d44e6d1503cd1f/rnaseq-star-align/star2pass.rnaseq_harmonization.cwl	STAR - Counts	5d8c131bbff59fb0c969217fc1d44e6d1503cd1f	Primary Tumor	NA	TCGA-A8-A09K	TCGA-A8-A09K-01A
ff570f9a-a252-496d-a452-344063851a7b	TSV	TCGA-AC-A2QH-01A-11R-A18M-07	open	574d0a5f-8cb7-4783-8d5e-b07c1b3460dc.rna_seq.augmented_star_gene_counts.tsv	e8212703-ed98-4c09-8665-317fffd4c6c5	Transcriptome Profiling	gene_expression	Illumina	4257250	2022-10-31T13:39:54.073007-05:00	de8d5604b3b775eab939bd3b33d89fdd	2024-07-29T20:05:29.628412-05:00	ff570f9a-a252-496d-a452-344063851a7b	Gene Expression Quantification	released	RNA-Seq	1	36.0 - 46.0	TCGA-BRCA	1068b3c1-20e4-4fdc-93f6-cec3a50b7348	released	574d0a5f-8cb7-4783-8d5e-b07c1b3460dc_star__counts	quay.io/ncigdc	STAR - Counts	5a02c12930eb23436322a7494047b907b97570c5	Primary Tumor	NA	TCGA-AC-A2QH	TCGA-AC-A2QH-01A
59ce4079-0da6-4339-8861-ad376b150f75	TSV	TCGA-A8-A09I-01A-22R-A034-07	open	a4455185-5506-4392-bd54-5f9cda2274d2.rna_seq.augmented_star_gene_counts.tsv	d186fe4b-372c-46d4-bb5a-9597262188c4	Transcriptome Profiling	gene_expression	Illumina	4258554	2021-12-13T22:29:24.652759-06:00	aaf43ae3672534b4e84ac2d27e564aa6	2024-07-30T09:43:06.423578-05:00	59ce4079-0da6-4339-8861-ad376b150f75	Gene Expression Quantification	released	RNA-Seq	1	32.0 - 46.0	TCGA-BRCA	b4b91606-7d7c-435d-b33c-4c10b159a204	released	a4455185-5506-4392-bd54-5f9cda2274d2_star__counts	https://github.com/NCI-GDC/gdc-rnaseq-cwl/blob/5d8c131bbff59fb0c969217fc1d44e6d1503cd1f/rnaseq-star-align/star2pass.rnaseq_harmonization.cwl	STAR - Counts	5d8c131bbff59fb0c969217fc1d44e6d1503cd1f	Primary Tumor	NA	TCGA-A8-A09I	TCGA-A8-A09I-01A
61647238-a8c4-4156-af15-c32947983cfd	TSV	TCGA-A8-A07I-01A-11R-A00Z-07	open	4c6cb929-293d-452e-b7f8-d535b48cf073.rna_seq.augmented_star_gene_counts.tsv	b9939baa-d12a-467c-a337-f29a56ede211	Transcriptome Profiling	gene_expression	Illumina	4235393	2021-12-13T22:09:48.645748-06:00	100a0779f967c798a1af4690d790517e	2024-07-30T09:39:55.521703-05:00	61647238-a8c4-4156-af15-c32947983cfd	Gene Expression Quantification	released	RNA-Seq	1	32.0 - 46.0	TCGA-BRCA	7f4a3cf9-57e3-4a68-ae5e-453954fcd27d	released	4c6cb929-293d-452e-b7f8-d535b48cf073_star__counts	https://github.com/NCI-GDC/gdc-rnaseq-cwl/blob/5d8c131bbff59fb0c969217fc1d44e6d1503cd1f/rnaseq-star-align/star2pass.rnaseq_harmonization.cwl	STAR - Counts	5d8c131bbff59fb0c969217fc1d44e6d1503cd1f	Primary Tumor	NA	TCGA-A8-A07I	TCGA-A8-A07I-01A
b54476c3-f6f1-4474-b447-72023ba97687	TSV	TCGA-AO-A0J5-01A-11R-A034-07	open	65c868ba-94ed-43f2-bfd1-814979ee9486.rna_seq.augmented_star_gene_counts.tsv	3cb0a23c-34f4-444e-b44e-b63cd8864326	Transcriptome Profiling	gene_expression	Illumina	4249903	2021-12-13T22:28:30.736194-06:00	2a59a4e48f556d4c21a91e7c09e8672c	2024-07-30T10:00:11.521893-05:00	b54476c3-f6f1-4474-b447-72023ba97687	Gene Expression Quantification	released	RNA-Seq	1	32.0 - 46.0	TCGA-BRCA	a16c2bfc-dc93-4b7c-9a75-a72cba574045	released	65c868ba-94ed-43f2-bfd1-814979ee9486_star__counts	https://github.com/NCI-GDC/gdc-rnaseq-cwl/blob/5d8c131bbff59fb0c969217fc1d44e6d1503cd1f/rnaseq-star-align/star2pass.rnaseq_harmonization.cwl	STAR - Counts	5d8c131bbff59fb0c969217fc1d44e6d1503cd1f	Primary Tumor	NA	TCGA-AO-A0J5	TCGA-AO-A0J5-01A
98ca3aa5-f509-4e55-a184-12e44c8c8464	TSV	TCGA-C8-A1HO-01A-11R-A13Q-07	open	0361ec21-e83f-40a9-b825-d92487b1239a.rna_seq.augmented_star_gene_counts.tsv	a831936e-e059-4d95-865d-5a8a501d7c06	Transcriptome Profiling	gene_expression	Illumina	4245704	2021-12-13T22:10:36.912763-06:00	caf5fc1d6cc9731f5e04867115d3036d	2024-07-30T09:55:00.394819-05:00	98ca3aa5-f509-4e55-a184-12e44c8c8464	Gene Expression Quantification	released	RNA-Seq	1	32.0 - 46.0	TCGA-BRCA	3bb1c772-17c0-4e59-b476-b71220d80812	released	0361ec21-e83f-40a9-b825-d92487b1239a_star__counts	https://github.com/NCI-GDC/gdc-rnaseq-cwl/blob/5d8c131bbff59fb0c969217fc1d44e6d1503cd1f/rnaseq-star-align/star2pass.rnaseq_harmonization.cwl	STAR - Counts	5d8c131bbff59fb0c969217fc1d44e6d1503cd1f	Primary Tumor	NA	TCGA-C8-A1HO	TCGA-C8-A1HO-01A
f2842246-b121-48f0-a8c5-474a8fb47036	TSV	TCGA-B6-A0IK-01A-12R-A056-07	open	09f906ba-fa4b-487f-9631-fbd97d9db8f9.rna_seq.augmented_star_gene_counts.tsv	fd40229e-7514-4776-aa66-54a7123832e8	Transcriptome Profiling	gene_expression	Illumina	4227240	2021-12-13T22:42:47.617424-06:00	ef67efe0635c6eb218be21f90a74df82	2024-07-30T09:19:54.454857-05:00	f2842246-b121-48f0-a8c5-474a8fb47036	Gene Expression Quantification	released	RNA-Seq	1	32.0 - 46.0	TCGA-BRCA	ce20ace3-086e-4c5b-bf49-91e6203aebfb	released	09f906ba-fa4b-487f-9631-fbd97d9db8f9_star__counts	https://github.com/NCI-GDC/gdc-rnaseq-cwl/blob/5d8c131bbff59fb0c969217fc1d44e6d1503cd1f/rnaseq-star-align/star2pass.rnaseq_harmonization.cwl	STAR - Counts	5d8c131bbff59fb0c969217fc1d44e6d1503cd1f	Primary Tumor	NA	TCGA-B6-A0IK	TCGA-B6-A0IK-01A
097a38f3-a6c5-4267-8648-cd04e2bd9984	TSV	TCGA-E9-A247-01A-11R-A169-07	open	265fc9bf-8f99-4422-b78d-78ecf09b0e53.rna_seq.augmented_star_gene_counts.tsv	9d1ab64b-fa48-4b15-959d-b65a1b51b7a1	Transcriptome Profiling	gene_expression	Illumina	4251408	2021-12-13T22:32:14.817617-06:00	69d37b39455f47d0947e0b71f4be9d13	2024-07-30T10:06:28.772075-05:00	097a38f3-a6c5-4267-8648-cd04e2bd9984	Gene Expression Quantification	released	RNA-Seq	1	32.0 - 46.0	TCGA-BRCA	b7d1aae1-c2d3-4151-927f-53b1342bae87	released	265fc9bf-8f99-4422-b78d-78ecf09b0e53_star__counts	https://github.com/NCI-GDC/gdc-rnaseq-cwl/blob/5d8c131bbff59fb0c969217fc1d44e6d1503cd1f/rnaseq-star-align/star2pass.rnaseq_harmonization.cwl	STAR - Counts	5d8c131bbff59fb0c969217fc1d44e6d1503cd1f	Primary Tumor	NA	TCGA-E9-A247	TCGA-E9-A247-01A
5c33730b-be75-452a-ad2f-02eb726d4eae	TSV	TCGA-EW-A2FW-01A-11R-A17B-07	open	ba3f32ca-85e0-467a-a733-99ea832ff1c3.rna_seq.augmented_star_gene_counts.tsv	d4ad49a6-200a-444b-9e50-42372816eff2	Transcriptome Profiling	gene_expression	Illumina	4238469	2021-12-13T22:10:56.582725-06:00	bb47fc8cdd198772f8c24dff6a605a22	2024-07-30T09:41:31.099526-05:00	5c33730b-be75-452a-ad2f-02eb726d4eae	Gene Expression Quantification	released	RNA-Seq	1	32.0 - 46.0	TCGA-BRCA	96f6af81-de2c-4498-86dd-7d35724ac0a0	released	ba3f32ca-85e0-467a-a733-99ea832ff1c3_star__counts	https://github.com/NCI-GDC/gdc-rnaseq-cwl/blob/5d8c131bbff59fb0c969217fc1d44e6d1503cd1f/rnaseq-star-align/star2pass.rnaseq_harmonization.cwl	STAR - Counts	5d8c131bbff59fb0c969217fc1d44e6d1503cd1f	Primary Tumor	NA	TCGA-EW-A2FW	TCGA-EW-A2FW-01A
ddeb1445-08ae-441c-9f2a-4647df1b4ed6	TSV	TCGA-D8-A1XU-01A-11R-A14M-07	open	5cc4350c-416e-4f2c-be73-12af68ad1ee4.rna_seq.augmented_star_gene_counts.tsv	65126af3-55ee-4cef-b2ec-fef6da2685fd	Transcriptome Profiling	gene_expression	Illumina	4253052	2021-12-13T21:45:49.174647-06:00	d1e424120eee92e9a1cdb3e622567824	2024-07-30T09:55:16.108222-05:00	ddeb1445-08ae-441c-9f2a-4647df1b4ed6	Gene Expression Quantification	released	RNA-Seq	1	32.0 - 46.0	TCGA-BRCA	1fd1001b-0e8a-4d64-8720-44e32737cde2	released	5cc4350c-416e-4f2c-be73-12af68ad1ee4_star__counts	https://github.com/NCI-GDC/gdc-rnaseq-cwl/blob/5d8c131bbff59fb0c969217fc1d44e6d1503cd1f/rnaseq-star-align/star2pass.rnaseq_harmonization.cwl	STAR - Counts	5d8c131bbff59fb0c969217fc1d44e6d1503cd1f	Primary Tumor	NA	TCGA-D8-A1XU	TCGA-D8-A1XU-01A
4a5803a6-942a-4992-8b9d-29e1091b10f6	TSV	TCGA-EW-A6SD-01A-12R-A33J-07	open	2645561c-8313-4196-b321-b4a83879df88.rna_seq.augmented_star_gene_counts.tsv	757a337c-81e4-4c19-aab7-6941b0415b90	Transcriptome Profiling	gene_expression	Illumina	4240543	2021-12-13T22:23:13.956774-06:00	85cefe3b7007b9c1c9200d35ed1be393	2024-07-30T09:45:53.043170-05:00	4a5803a6-942a-4992-8b9d-29e1091b10f6	Gene Expression Quantification	released	RNA-Seq	1	32.0 - 46.0	TCGA-BRCA	6d60ac1b-856f-4933-ad50-6537af7d004f	released	2645561c-8313-4196-b321-b4a83879df88_star__counts	https://github.com/NCI-GDC/gdc-rnaseq-cwl/blob/5d8c131bbff59fb0c969217fc1d44e6d1503cd1f/rnaseq-star-align/star2pass.rnaseq_harmonization.cwl	STAR - Counts	5d8c131bbff59fb0c969217fc1d44e6d1503cd1f	Primary Tumor	NA	TCGA-EW-A6SD	TCGA-EW-A6SD-01A
3d0b3b80-92ae-44dc-89fc-2ead925b81a2	TSV	TCGA-AC-A8OP-01A-11R-A36F-07	open	eb44c266-8b8f-4012-ad67-f4ac40698391.rna_seq.augmented_star_gene_counts.tsv	214d5a88-474b-403c-9bd3-ba4cd403990b	Transcriptome Profiling	gene_expression	Illumina	4237555	2021-12-13T21:43:53.426087-06:00	ba6d1d51bc864678f2b6e84edb7c7dd7	2024-07-30T09:49:46.321758-05:00	3d0b3b80-92ae-44dc-89fc-2ead925b81a2	Gene Expression Quantification	released	RNA-Seq	1	32.0 - 46.0	TCGA-BRCA	26110394-db33-40b6-adb6-1be76042403f	released	eb44c266-8b8f-4012-ad67-f4ac40698391_star__counts	https://github.com/NCI-GDC/gdc-rnaseq-cwl/blob/5d8c131bbff59fb0c969217fc1d44e6d1503cd1f/rnaseq-star-align/star2pass.rnaseq_harmonization.cwl	STAR - Counts	5d8c131bbff59fb0c969217fc1d44e6d1503cd1f	Primary Tumor	NA	TCGA-AC-A8OP	TCGA-AC-A8OP-01A
a1516cec-76ec-4a05-97a0-a56ef8490e60	TSV	TCGA-A8-A06Q-01A-11R-A034-07	open	3a814d3d-749f-4066-b33b-3faf503d84bb.rna_seq.augmented_star_gene_counts.tsv	b4ee82d4-8e1d-427e-a805-0ab9d3cc8d64	Transcriptome Profiling	gene_expression	Illumina	4248489	2021-12-13T22:21:06.686792-06:00	22cd36ad7abd85b105975b889ddd6dd2	2024-07-30T09:50:22.559488-05:00	a1516cec-76ec-4a05-97a0-a56ef8490e60	Gene Expression Quantification	released	RNA-Seq	1	32.0 - 46.0	TCGA-BRCA	4da54e58-d445-4db1-ac0b-52891c5327b2	released	3a814d3d-749f-4066-b33b-3faf503d84bb_star__counts	https://github.com/NCI-GDC/gdc-rnaseq-cwl/blob/5d8c131bbff59fb0c969217fc1d44e6d1503cd1f/rnaseq-star-align/star2pass.rnaseq_harmonization.cwl	STAR - Counts	5d8c131bbff59fb0c969217fc1d44e6d1503cd1f	Primary Tumor	NA	TCGA-A8-A06Q	TCGA-A8-A06Q-01A
6ce774a5-2636-4a01-ab6e-737f89a4bd4f	TSV	TCGA-D8-A1JP-01A-11R-A13Q-07	open	28f1b708-bd3c-4ae7-935f-3282f75304a7.rna_seq.augmented_star_gene_counts.tsv	81e82f31-625f-465c-9424-ce606f157303	Transcriptome Profiling	gene_expression	Illumina	4238621	2021-12-13T22:39:24.492681-06:00	85021f12e5c59611ad379dbe4c196f84	2024-07-30T09:20:12.449193-05:00	6ce774a5-2636-4a01-ab6e-737f89a4bd4f	Gene Expression Quantification	released	RNA-Seq	1	32.0 - 46.0	TCGA-BRCA	153d8e4d-5976-4af8-86a6-b1caf890fb90	released	28f1b708-bd3c-4ae7-935f-3282f75304a7_star__counts	https://github.com/NCI-GDC/gdc-rnaseq-cwl/blob/5d8c131bbff59fb0c969217fc1d44e6d1503cd1f/rnaseq-star-align/star2pass.rnaseq_harmonization.cwl	STAR - Counts	5d8c131bbff59fb0c969217fc1d44e6d1503cd1f	Primary Tumor	NA	TCGA-D8-A1JP	TCGA-D8-A1JP-01A
9a1c9a5a-7b3f-463b-bc9c-e06107b2aeb7	TSV	TCGA-AN-A0FD-01A-11R-A034-07	open	ecdac97e-eec5-4753-a572-8aff707178e5.rna_seq.augmented_star_gene_counts.tsv	13b763b3-a7d5-4e6d-a104-de0037eddd88	Transcriptome Profiling	gene_expression	Illumina	4229779	2021-12-13T21:53:37.046181-06:00	94d0a1616f29525dbd282389d67751f0	2024-07-30T10:00:30.557153-05:00	9a1c9a5a-7b3f-463b-bc9c-e06107b2aeb7	Gene Expression Quantification	released	RNA-Seq	1	32.0 - 46.0	TCGA-BRCA	4492bf47-2121-4df9-a85d-b8b3a8e91f7a	released	ecdac97e-eec5-4753-a572-8aff707178e5_star__counts	https://github.com/NCI-GDC/gdc-rnaseq-cwl/blob/5d8c131bbff59fb0c969217fc1d44e6d1503cd1f/rnaseq-star-align/star2pass.rnaseq_harmonization.cwl	STAR - Counts	5d8c131bbff59fb0c969217fc1d44e6d1503cd1f	Primary Tumor	NA	TCGA-AN-A0FD	TCGA-AN-A0FD-01A
fed5e108-cb1a-45b8-88e8-c5ea6a6bd61a	TSV	TCGA-AR-A252-01A-11R-A169-07	open	967f7008-e212-4114-ab43-dc2a6295f80c.rna_seq.augmented_star_gene_counts.tsv	90043e9d-5b1d-4451-a06a-212854b0faa7	Transcriptome Profiling	gene_expression	Illumina	4254021	2021-12-13T22:42:01.902637-06:00	d76fc8828b7cae656269f82989593f7e	2024-07-30T10:09:12.452427-05:00	fed5e108-cb1a-45b8-88e8-c5ea6a6bd61a	Gene Expression Quantification	released	RNA-Seq	1	32.0 - 46.0	TCGA-BRCA	50403651-4491-404d-8f1b-dbc32c9b6e9c	released	967f7008-e212-4114-ab43-dc2a6295f80c_star__counts	https://github.com/NCI-GDC/gdc-rnaseq-cwl/blob/5d8c131bbff59fb0c969217fc1d44e6d1503cd1f/rnaseq-star-align/star2pass.rnaseq_harmonization.cwl	STAR - Counts	5d8c131bbff59fb0c969217fc1d44e6d1503cd1f	Primary Tumor	NA	TCGA-AR-A252	TCGA-AR-A252-01A
d393af6b-de4b-4ca6-bc06-a29068dfe086	TSV	TCGA-B6-A0X5-01A-21R-A109-07	open	fb1c09a7-660e-4585-85b8-5acc456563cf.rna_seq.augmented_star_gene_counts.tsv	31c537e3-dbde-476e-b430-77d7ab084ab1	Transcriptome Profiling	gene_expression	Illumina	4231479	2021-12-13T22:24:27.452382-06:00	38beb88aa27fa3ea14347c53fd655424	2024-07-30T09:53:52.025095-05:00	d393af6b-de4b-4ca6-bc06-a29068dfe086	Gene Expression Quantification	released	RNA-Seq	1	32.0 - 46.0	TCGA-BRCA	b33bce08-66a5-4746-b764-bf72ef32f9cc	released	fb1c09a7-660e-4585-85b8-5acc456563cf_star__counts	https://github.com/NCI-GDC/gdc-rnaseq-cwl/blob/5d8c131bbff59fb0c969217fc1d44e6d1503cd1f/rnaseq-star-align/star2pass.rnaseq_harmonization.cwl	STAR - Counts	5d8c131bbff59fb0c969217fc1d44e6d1503cd1f	Primary Tumor	NA	TCGA-B6-A0X5	TCGA-B6-A0X5-01A
e45b755d-1df6-446a-aa05-59ae1960b442	TSV	TCGA-A8-A09T-01A-11R-A00Z-07	open	9d025af7-ba40-4329-9308-d039aaad900b.rna_seq.augmented_star_gene_counts.tsv	823b5b34-a009-4fbd-9db5-c41db6e3332f	Transcriptome Profiling	gene_expression	Illumina	4217352	2021-12-13T22:00:03.940543-06:00	f9deea836d5f516aafaac57a6ff8ed70	2024-07-30T10:06:25.083385-05:00	e45b755d-1df6-446a-aa05-59ae1960b442	Gene Expression Quantification	released	RNA-Seq	1	32.0 - 46.0	TCGA-BRCA	9f6573cb-ceb8-49e1-a168-0b9764148f1e	released	9d025af7-ba40-4329-9308-d039aaad900b_star__counts	https://github.com/NCI-GDC/gdc-rnaseq-cwl/blob/5d8c131bbff59fb0c969217fc1d44e6d1503cd1f/rnaseq-star-align/star2pass.rnaseq_harmonization.cwl	STAR - Counts	5d8c131bbff59fb0c969217fc1d44e6d1503cd1f	Primary Tumor	NA	TCGA-A8-A09T	TCGA-A8-A09T-01A
ad1ea8c5-ca8b-49e9-a650-6012d71daf24	TSV	TCGA-AR-A0TS-01A-11R-A115-07	open	69d12077-db51-4a74-a090-9b26e0368ee8.rna_seq.augmented_star_gene_counts.tsv	0e637c68-66c2-4373-a91b-58a123e20b4c	Transcriptome Profiling	gene_expression	Illumina	4254922	2021-12-13T22:32:12.269254-06:00	3f019a48fcf4dbaa00e2960624f298e1	2024-07-30T10:03:00.368182-05:00	ad1ea8c5-ca8b-49e9-a650-6012d71daf24	Gene Expression Quantification	released	RNA-Seq	1	32.0 - 46.0	TCGA-BRCA	cc934341-9a2b-4dbd-b3c3-2455d716acdf	released	69d12077-db51-4a74-a090-9b26e0368ee8_star__counts	https://github.com/NCI-GDC/gdc-rnaseq-cwl/blob/5d8c131bbff59fb0c969217fc1d44e6d1503cd1f/rnaseq-star-align/star2pass.rnaseq_harmonization.cwl	STAR - Counts	5d8c131bbff59fb0c969217fc1d44e6d1503cd1f	Primary Tumor	NA	TCGA-AR-A0TS	TCGA-AR-A0TS-01A
263123b0-ec68-47cd-96dd-4f0795503d89	TSV	TCGA-B6-A0IP-01A-11R-A034-07	open	fb49b14e-d40f-4270-98b3-458ce60f2cde.rna_seq.augmented_star_gene_counts.tsv	7bf8acd2-f97e-4d1c-8411-d27f0af0a3a0	Transcriptome Profiling	gene_expression	Illumina	4253418	2021-12-13T22:41:37.985543-06:00	0cdc73bf7f3d1e6f8bb59c4e494819b4	2024-07-30T09:58:57.879734-05:00	263123b0-ec68-47cd-96dd-4f0795503d89	Gene Expression Quantification	released	RNA-Seq	1	32.0 - 46.0	TCGA-BRCA	df499a99-c072-4130-9459-35530968975e	released	fb49b14e-d40f-4270-98b3-458ce60f2cde_star__counts	https://github.com/NCI-GDC/gdc-rnaseq-cwl/blob/5d8c131bbff59fb0c969217fc1d44e6d1503cd1f/rnaseq-star-align/star2pass.rnaseq_harmonization.cwl	STAR - Counts	5d8c131bbff59fb0c969217fc1d44e6d1503cd1f	Primary Tumor	NA	TCGA-B6-A0IP	TCGA-B6-A0IP-01A
ccc7b8e5-7ea4-4efc-81c1-ef6c15acd241	TSV	TCGA-AO-A03O-01A-11R-A00Z-07	open	b22d3e38-c370-4719-bea6-3dcbd9590935.rna_seq.augmented_star_gene_counts.tsv	4f7c8381-6497-4c63-90f7-d7af3c78bc7e	Transcriptome Profiling	gene_expression	Illumina	4231713	2021-12-13T22:37:44.770565-06:00	49d4ee6b1bba22043011816c7c21585d	2024-07-30T10:00:02.419212-05:00	ccc7b8e5-7ea4-4efc-81c1-ef6c15acd241	Gene Expression Quantification	released	RNA-Seq	1	32.0 - 46.0	TCGA-BRCA	39477ec0-6b85-4011-8e68-647d3015048a	released	b22d3e38-c370-4719-bea6-3dcbd9590935_star__counts	https://github.com/NCI-GDC/gdc-rnaseq-cwl/blob/5d8c131bbff59fb0c969217fc1d44e6d1503cd1f/rnaseq-star-align/star2pass.rnaseq_harmonization.cwl	STAR - Counts	5d8c131bbff59fb0c969217fc1d44e6d1503cd1f	Primary Tumor	NA	TCGA-AO-A03O	TCGA-AO-A03O-01A
ccaa907b-71d5-467e-ace4-f2ea16109202	TSV	TCGA-AC-A2FF-11A-13R-A17B-07	open	24c548e1-6368-464e-945c-933ee2f914ad.rna_seq.augmented_star_gene_counts.tsv	101853e4-c24b-4b4d-93e5-c4b13f956887	Transcriptome Profiling	gene_expression	Illumina	4262661	2021-12-13T22:32:58.567787-06:00	b989589adcde1e4bd6b9ae39b2e05d3d	2024-07-30T09:34:02.960598-05:00	ccaa907b-71d5-467e-ace4-f2ea16109202	Gene Expression Quantification	released	RNA-Seq	1	32.0 - 46.0	TCGA-BRCA	afcbe0bc-08bd-44e0-aad9-c830893f6ab3	released	24c548e1-6368-464e-945c-933ee2f914ad_star__counts	https://github.com/NCI-GDC/gdc-rnaseq-cwl/blob/5d8c131bbff59fb0c969217fc1d44e6d1503cd1f/rnaseq-star-align/star2pass.rnaseq_harmonization.cwl	STAR - Counts	5d8c131bbff59fb0c969217fc1d44e6d1503cd1f	Solid Tissue Normal	NA	TCGA-AC-A2FF	TCGA-AC-A2FF-11A
f9432d83-a322-4f5b-9c45-7dad736005a4	TSV	TCGA-E9-A22A-01A-11R-A157-07	open	c1f95e8e-aaaa-4090-8f64-c619aa543d1b.rna_seq.augmented_star_gene_counts.tsv	15a9ec63-7894-4316-9524-d07218896128	Transcriptome Profiling	gene_expression	Illumina	4249407	2021-12-13T22:20:33.163516-06:00	b160aee113371f9d8c86666cb196729e	2024-07-30T09:42:55.123479-05:00	f9432d83-a322-4f5b-9c45-7dad736005a4	Gene Expression Quantification	released	RNA-Seq	1	32.0 - 46.0	TCGA-BRCA	367ed81d-78c4-4af7-ac57-3ba6476256c5	released	c1f95e8e-aaaa-4090-8f64-c619aa543d1b_star__counts	https://github.com/NCI-GDC/gdc-rnaseq-cwl/blob/5d8c131bbff59fb0c969217fc1d44e6d1503cd1f/rnaseq-star-align/star2pass.rnaseq_harmonization.cwl	STAR - Counts	5d8c131bbff59fb0c969217fc1d44e6d1503cd1f	Primary Tumor	NA	TCGA-E9-A22A	TCGA-E9-A22A-01A
111b2865-e7dc-45c9-b206-20b5713714bc	TSV	TCGA-A8-A08B-01A-11R-A00Z-07	open	6798cbfe-7aca-4f33-b4fc-162bf579a303.rna_seq.augmented_star_gene_counts.tsv	c97e856b-8b44-48fc-b896-7f01c20bbfb8	Transcriptome Profiling	gene_expression	Illumina	4218584	2021-12-13T22:19:40.481893-06:00	776f052bff7a529e379df6d137c7848e	2024-07-30T09:24:51.385206-05:00	111b2865-e7dc-45c9-b206-20b5713714bc	Gene Expression Quantification	released	RNA-Seq	1	32.0 - 46.0	TCGA-BRCA	1496fd64-c6f2-4ba1-a293-cddd135b0b7a	released	6798cbfe-7aca-4f33-b4fc-162bf579a303_star__counts	https://github.com/NCI-GDC/gdc-rnaseq-cwl/blob/5d8c131bbff59fb0c969217fc1d44e6d1503cd1f/rnaseq-star-align/star2pass.rnaseq_harmonization.cwl	STAR - Counts	5d8c131bbff59fb0c969217fc1d44e6d1503cd1f	Primary Tumor	NA	TCGA-A8-A08B	TCGA-A8-A08B-01A
9314aa86-3d8d-4709-a6e1-0aa22b21d6b5	TSV	TCGA-E9-A6HE-01A-11R-A31O-07	open	a410ae33-9070-4d1d-886a-21f04666a6c7.rna_seq.augmented_star_gene_counts.tsv	563eb69c-4a34-41d5-9931-deffa117f89c	Transcriptome Profiling	gene_expression	Illumina	4238651	2021-12-13T22:08:24.700945-06:00	2c3f3968e942671e8eae48b0d1c94e0c	2024-07-30T10:05:41.974599-05:00	9314aa86-3d8d-4709-a6e1-0aa22b21d6b5	Gene Expression Quantification	released	RNA-Seq	1	32.0 - 46.0	TCGA-BRCA	bd837746-e438-4dcc-aa68-889751852152	released	a410ae33-9070-4d1d-886a-21f04666a6c7_star__counts	https://github.com/NCI-GDC/gdc-rnaseq-cwl/blob/5d8c131bbff59fb0c969217fc1d44e6d1503cd1f/rnaseq-star-align/star2pass.rnaseq_harmonization.cwl	STAR - Counts	5d8c131bbff59fb0c969217fc1d44e6d1503cd1f	Primary Tumor	NA	TCGA-E9-A6HE	TCGA-E9-A6HE-01A
22fdb34e-9f50-4382-9800-e6e35773c538	TSV	TCGA-A2-A25B-01A-11R-A169-07	open	e558015e-969b-4354-9bc9-219a60092734.rna_seq.augmented_star_gene_counts.tsv	27deb83b-f104-4b92-9b53-a4c4a7df2e67	Transcriptome Profiling	gene_expression	Illumina	4240656	2021-12-13T22:31:46.472604-06:00	73041e378146b31807530aefa5087d90	2024-07-30T09:36:20.252416-05:00	22fdb34e-9f50-4382-9800-e6e35773c538	Gene Expression Quantification	released	RNA-Seq	1	32.0 - 46.0	TCGA-BRCA	69a126eb-7206-4df4-a3a3-1d57eb939805	released	e558015e-969b-4354-9bc9-219a60092734_star__counts	https://github.com/NCI-GDC/gdc-rnaseq-cwl/blob/5d8c131bbff59fb0c969217fc1d44e6d1503cd1f/rnaseq-star-align/star2pass.rnaseq_harmonization.cwl	STAR - Counts	5d8c131bbff59fb0c969217fc1d44e6d1503cd1f	Primary Tumor	NA	TCGA-A2-A25B	TCGA-A2-A25B-01A
eff9c23b-fc85-403c-8e88-86b4def8ced1	TSV	TCGA-AC-A4ZE-01A-11R-A41B-07	open	e7c2b898-cd11-42a1-b309-b4de1ab01965.rna_seq.augmented_star_gene_counts.tsv	ec714229-4ba4-4f93-9a52-ff75e889ec02	Transcriptome Profiling	gene_expression	Illumina	4250007	2021-12-13T22:19:09.102744-06:00	56d9ffbc1ed4db20827e893593f2c68b	2024-07-30T09:44:35.050991-05:00	eff9c23b-fc85-403c-8e88-86b4def8ced1	Gene Expression Quantification	released	RNA-Seq	1	32.0 - 46.0	TCGA-BRCA	388c5bec-b57f-434c-adbe-23e2636dd84e	released	e7c2b898-cd11-42a1-b309-b4de1ab01965_star__counts	https://github.com/NCI-GDC/gdc-rnaseq-cwl/blob/5d8c131bbff59fb0c969217fc1d44e6d1503cd1f/rnaseq-star-align/star2pass.rnaseq_harmonization.cwl	STAR - Counts	5d8c131bbff59fb0c969217fc1d44e6d1503cd1f	Primary Tumor	NA	TCGA-AC-A4ZE	TCGA-AC-A4ZE-01A
a25f8ce5-b3f3-4d2d-b862-b703650066fb	TSV	TCGA-A2-A0CR-01A-11R-A22K-07	open	8668654e-c441-4279-80e3-345787c28922.rna_seq.augmented_star_gene_counts.tsv	bf861af3-071d-4f7c-8652-b06342130868	Transcriptome Profiling	gene_expression	Illumina	4243374	2021-12-13T21:43:50.511025-06:00	91be8feb97f3140d456415bea6d81368	2024-07-30T09:37:33.207269-05:00	a25f8ce5-b3f3-4d2d-b862-b703650066fb	Gene Expression Quantification	released	RNA-Seq	1	32.0 - 46.0	TCGA-BRCA	ba9603ab-77a8-4f93-b3b9-a441834c954f	released	8668654e-c441-4279-80e3-345787c28922_star__counts	https://github.com/NCI-GDC/gdc-rnaseq-cwl/blob/5d8c131bbff59fb0c969217fc1d44e6d1503cd1f/rnaseq-star-align/star2pass.rnaseq_harmonization.cwl	STAR - Counts	5d8c131bbff59fb0c969217fc1d44e6d1503cd1f	Primary Tumor	NA	TCGA-A2-A0CR	TCGA-A2-A0CR-01A
4f4862e1-abfc-4577-bdb2-a96759ef2b53	TSV	TCGA-D8-A1JG-01B-11R-A13Q-07	open	7ee4348d-9975-42ba-b258-2334e089395c.rna_seq.augmented_star_gene_counts.tsv	6bb32659-f7cc-4330-912a-139931e231c4	Transcriptome Profiling	gene_expression	Illumina	4255586	2021-12-13T21:50:30.077964-06:00	ab39936550ae58e3408d7f6c413cb06e	2024-07-30T09:33:55.080941-05:00	4f4862e1-abfc-4577-bdb2-a96759ef2b53	Gene Expression Quantification	released	RNA-Seq	1	32.0 - 46.0	TCGA-BRCA	64fbc04c-542e-4129-8376-aeea1c731877	released	7ee4348d-9975-42ba-b258-2334e089395c_star__counts	https://github.com/NCI-GDC/gdc-rnaseq-cwl/blob/5d8c131bbff59fb0c969217fc1d44e6d1503cd1f/rnaseq-star-align/star2pass.rnaseq_harmonization.cwl	STAR - Counts	5d8c131bbff59fb0c969217fc1d44e6d1503cd1f	Primary Tumor	NA	TCGA-D8-A1JG	TCGA-D8-A1JG-01B
c003fb3b-179c-49b0-8d9a-656c4dc39901	TSV	TCGA-E2-A15L-01A-11R-A12D-07	open	5fc65e17-1d90-411d-b01d-f6aaa72730f9.rna_seq.augmented_star_gene_counts.tsv	c394139b-e36b-4288-b675-94e37d831ced	Transcriptome Profiling	gene_expression	Illumina	4245329	2021-12-13T22:27:55.039591-06:00	26cd65a88b039c33d5c1638f8b308ad7	2024-07-30T09:52:16.052101-05:00	c003fb3b-179c-49b0-8d9a-656c4dc39901	Gene Expression Quantification	released	RNA-Seq	1	32.0 - 46.0	TCGA-BRCA	b05f4ebe-1308-4f85-8ad6-967bb8eb0387	released	5fc65e17-1d90-411d-b01d-f6aaa72730f9_star__counts	https://github.com/NCI-GDC/gdc-rnaseq-cwl/blob/5d8c131bbff59fb0c969217fc1d44e6d1503cd1f/rnaseq-star-align/star2pass.rnaseq_harmonization.cwl	STAR - Counts	5d8c131bbff59fb0c969217fc1d44e6d1503cd1f	Primary Tumor	NA	TCGA-E2-A15L	TCGA-E2-A15L-01A
1aa289bb-8ac9-4e9e-be61-3164afbe06a2	TSV	TCGA-A7-A6VV-01A-22R-A33J-07	open	fff3f42f-5e42-4653-b91b-1676f914e9fa.rna_seq.augmented_star_gene_counts.tsv	39830f14-85f6-46dd-af24-5dcd1a99f041	Transcriptome Profiling	gene_expression	Illumina	4244267	2021-12-13T21:48:58.804601-06:00	593338503511106320dc3260d44d1e9d	2024-07-30T09:43:57.325493-05:00	1aa289bb-8ac9-4e9e-be61-3164afbe06a2	Gene Expression Quantification	released	RNA-Seq	1	32.0 - 46.0	TCGA-BRCA	a86d8afb-d8d3-4980-8e99-c522be272625	released	fff3f42f-5e42-4653-b91b-1676f914e9fa_star__counts	https://github.com/NCI-GDC/gdc-rnaseq-cwl/blob/5d8c131bbff59fb0c969217fc1d44e6d1503cd1f/rnaseq-star-align/star2pass.rnaseq_harmonization.cwl	STAR - Counts	5d8c131bbff59fb0c969217fc1d44e6d1503cd1f	Primary Tumor	NA	TCGA-A7-A6VV	TCGA-A7-A6VV-01A
e86f9f1b-4e5c-4743-8158-14ec2e83b6f1	TSV	TCGA-B6-A0IA-01A-11R-A034-07	open	91d22570-2889-46c5-9efe-5c40a4f84e5b.rna_seq.augmented_star_gene_counts.tsv	79068653-b8a7-4f8d-ad02-68f44fa28587	Transcriptome Profiling	gene_expression	Illumina	4228519	2021-12-13T22:27:35.979652-06:00	0686a57fe6e8be400b3b5702ebf0880d	2024-07-30T09:20:30.171107-05:00	e86f9f1b-4e5c-4743-8158-14ec2e83b6f1	Gene Expression Quantification	released	RNA-Seq	1	32.0 - 46.0	TCGA-BRCA	52d645cd-702a-46e0-9f3b-9c66ae202dbf	released	91d22570-2889-46c5-9efe-5c40a4f84e5b_star__counts	https://github.com/NCI-GDC/gdc-rnaseq-cwl/blob/5d8c131bbff59fb0c969217fc1d44e6d1503cd1f/rnaseq-star-align/star2pass.rnaseq_harmonization.cwl	STAR - Counts	5d8c131bbff59fb0c969217fc1d44e6d1503cd1f	Primary Tumor	NA	TCGA-B6-A0IA	TCGA-B6-A0IA-01A
a2cb26d9-70e7-47ca-b019-a5fa136b42f7	TSV	TCGA-AN-A0FL-01A-11R-A034-07	open	fefb685b-91fc-4837-b612-73be3c4d941e.rna_seq.augmented_star_gene_counts.tsv	068c376f-3c67-44f0-ba45-c339d3d0649b	Transcriptome Profiling	gene_expression	Illumina	4223454	2021-12-13T21:49:15.052940-06:00	d9b37f50ca8359c13d63eb867334aee6	2024-07-30T09:27:40.485143-05:00	a2cb26d9-70e7-47ca-b019-a5fa136b42f7	Gene Expression Quantification	released	RNA-Seq	1	32.0 - 46.0	TCGA-BRCA	aea42565-cc95-43fe-b41c-f315666f95a7	released	fefb685b-91fc-4837-b612-73be3c4d941e_star__counts	https://github.com/NCI-GDC/gdc-rnaseq-cwl/blob/5d8c131bbff59fb0c969217fc1d44e6d1503cd1f/rnaseq-star-align/star2pass.rnaseq_harmonization.cwl	STAR - Counts	5d8c131bbff59fb0c969217fc1d44e6d1503cd1f	Primary Tumor	NA	TCGA-AN-A0FL	TCGA-AN-A0FL-01A
73edea85-f978-4c99-b9c3-fda3ffc6a065	TSV	TCGA-C8-A12Y-01A-11R-A12D-07	open	f8efdeb0-a8f8-4e2d-a52e-43d033e4ce6f.rna_seq.augmented_star_gene_counts.tsv	9deb2020-956d-413a-9780-f223323b0db2	Transcriptome Profiling	gene_expression	Illumina	4249680	2021-12-13T21:49:32.966387-06:00	d0b44db8b3ceea8f9f5b9634a670fba4	2024-07-30T09:39:33.439388-05:00	73edea85-f978-4c99-b9c3-fda3ffc6a065	Gene Expression Quantification	released	RNA-Seq	1	32.0 - 46.0	TCGA-BRCA	cb578d77-650f-4fa3-8c91-94be126a8f19	released	f8efdeb0-a8f8-4e2d-a52e-43d033e4ce6f_star__counts	https://github.com/NCI-GDC/gdc-rnaseq-cwl/blob/5d8c131bbff59fb0c969217fc1d44e6d1503cd1f/rnaseq-star-align/star2pass.rnaseq_harmonization.cwl	STAR - Counts	5d8c131bbff59fb0c969217fc1d44e6d1503cd1f	Primary Tumor	NA	TCGA-C8-A12Y	TCGA-C8-A12Y-01A
d5586fdb-d796-4176-84e3-11a72124b41f	TSV	TCGA-D8-A1Y2-01A-11R-A157-07	open	f7efa9c4-e7e2-406a-98e5-596f787c810e.rna_seq.augmented_star_gene_counts.tsv	c320ab18-e602-45ea-8022-7f11fcae4ead	Transcriptome Profiling	gene_expression	Illumina	4247040	2021-12-13T22:29:13.661833-06:00	7d7ad27622e8e37390cbcc0da56358be	2024-07-30T09:37:50.277171-05:00	d5586fdb-d796-4176-84e3-11a72124b41f	Gene Expression Quantification	released	RNA-Seq	1	32.0 - 46.0	TCGA-BRCA	8bde5bbb-a688-4a9a-982e-7e5467790552	released	f7efa9c4-e7e2-406a-98e5-596f787c810e_star__counts	https://github.com/NCI-GDC/gdc-rnaseq-cwl/blob/5d8c131bbff59fb0c969217fc1d44e6d1503cd1f/rnaseq-star-align/star2pass.rnaseq_harmonization.cwl	STAR - Counts	5d8c131bbff59fb0c969217fc1d44e6d1503cd1f	Primary Tumor	NA	TCGA-D8-A1Y2	TCGA-D8-A1Y2-01A
4c60d168-b545-46a8-8c37-81972a537a83	TSV	TCGA-C8-A1HN-01A-11R-A137-07	open	56f3a401-cf18-4d25-b4af-6bacca469041.rna_seq.augmented_star_gene_counts.tsv	0c892835-bc8e-4867-b611-dd7dc4c083a6	Transcriptome Profiling	gene_expression	Illumina	4251185	2021-12-13T22:31:35.402809-06:00	d39a67e51e0f8e419590ea4d5a0c940c	2024-07-30T09:50:29.857073-05:00	4c60d168-b545-46a8-8c37-81972a537a83	Gene Expression Quantification	released	RNA-Seq	1	32.0 - 46.0	TCGA-BRCA	73f2dd22-7a4d-415c-84ed-ad06da9b63af	released	56f3a401-cf18-4d25-b4af-6bacca469041_star__counts	https://github.com/NCI-GDC/gdc-rnaseq-cwl/blob/5d8c131bbff59fb0c969217fc1d44e6d1503cd1f/rnaseq-star-align/star2pass.rnaseq_harmonization.cwl	STAR - Counts	5d8c131bbff59fb0c969217fc1d44e6d1503cd1f	Primary Tumor	NA	TCGA-C8-A1HN	TCGA-C8-A1HN-01A
0e62a6d0-87a7-4efc-922f-753328694458	TSV	TCGA-E2-A1B1-01A-21R-A12P-07	open	c5d4a1ed-8fd3-4435-96f5-ea5e56326f20.rna_seq.augmented_star_gene_counts.tsv	3ba4a310-d32c-48de-82b6-53b80b0d1598	Transcriptome Profiling	gene_expression	Illumina	4271877	2021-12-13T21:56:41.304840-06:00	03dea9d6f5b93d78ef10ed8b91cb02ee	2024-07-30T10:02:32.157829-05:00	0e62a6d0-87a7-4efc-922f-753328694458	Gene Expression Quantification	released	RNA-Seq	1	32.0 - 46.0	TCGA-BRCA	aada0bbb-de2b-41a8-a28b-3c2123151320	released	c5d4a1ed-8fd3-4435-96f5-ea5e56326f20_star__counts	https://github.com/NCI-GDC/gdc-rnaseq-cwl/blob/5d8c131bbff59fb0c969217fc1d44e6d1503cd1f/rnaseq-star-align/star2pass.rnaseq_harmonization.cwl	STAR - Counts	5d8c131bbff59fb0c969217fc1d44e6d1503cd1f	Primary Tumor	NA	TCGA-E2-A1B1	TCGA-E2-A1B1-01A
5db109b6-dbfe-4ec8-8697-bb7fff5beb4b	TSV	TCGA-A8-A08J-01A-11R-A00Z-07	open	42fe2b41-93aa-4738-988e-66239bef2ec7.rna_seq.augmented_star_gene_counts.tsv	8e2f56c6-bf9e-42ed-b9a0-94c383ac00c4	Transcriptome Profiling	gene_expression	Illumina	4246496	2021-12-13T22:09:54.128790-06:00	7a289b388579c91d793568f894410bed	2024-07-30T09:41:43.786071-05:00	5db109b6-dbfe-4ec8-8697-bb7fff5beb4b	Gene Expression Quantification	released	RNA-Seq	1	32.0 - 46.0	TCGA-BRCA	4d0bc855-d285-4687-bbde-c5325a88923a	released	42fe2b41-93aa-4738-988e-66239bef2ec7_star__counts	https://github.com/NCI-GDC/gdc-rnaseq-cwl/blob/5d8c131bbff59fb0c969217fc1d44e6d1503cd1f/rnaseq-star-align/star2pass.rnaseq_harmonization.cwl	STAR - Counts	5d8c131bbff59fb0c969217fc1d44e6d1503cd1f	Primary Tumor	NA	TCGA-A8-A08J	TCGA-A8-A08J-01A
50721c97-1a23-405b-b7b3-2955e4c62e5a	TSV	TCGA-E9-A1NF-11A-73R-A14D-07	open	00063026-2a67-41de-b105-f80dca277978.rna_seq.augmented_star_gene_counts.tsv	c82b711f-1067-427b-ae59-4f57c3f18bea	Transcriptome Profiling	gene_expression	Illumina	4234333	2021-12-13T22:01:12.071289-06:00	3fb7a3e813e43c3d1dfaecd082130385	2024-07-30T09:28:12.927553-05:00	50721c97-1a23-405b-b7b3-2955e4c62e5a	Gene Expression Quantification	released	RNA-Seq	1	32.0 - 46.0	TCGA-BRCA	6f105fa2-2033-4e78-8850-c94a97e18d33	released	00063026-2a67-41de-b105-f80dca277978_star__counts	https://github.com/NCI-GDC/gdc-rnaseq-cwl/blob/5d8c131bbff59fb0c969217fc1d44e6d1503cd1f/rnaseq-star-align/star2pass.rnaseq_harmonization.cwl	STAR - Counts	5d8c131bbff59fb0c969217fc1d44e6d1503cd1f	Solid Tissue Normal	NA	TCGA-E9-A1NF	TCGA-E9-A1NF-11A
7dcadaff-5d95-4ba6-9ce7-50bb2e5f17aa	TSV	TCGA-C8-A138-01A-11R-A115-07	open	5ee2f830-f808-4e6c-89c1-6c90859958e1.rna_seq.augmented_star_gene_counts.tsv	ed137843-b6a6-480e-8cc0-e93ddc691669	Transcriptome Profiling	gene_expression	Illumina	4239833	2021-12-13T22:40:55.170008-06:00	1200f4048ce15ab6f8314d7d18d0440a	2024-07-30T10:05:36.987622-05:00	7dcadaff-5d95-4ba6-9ce7-50bb2e5f17aa	Gene Expression Quantification	released	RNA-Seq	1	32.0 - 46.0	TCGA-BRCA	4fbfe1de-95d9-4cd5-8c5a-0bf0ce957a9e	released	5ee2f830-f808-4e6c-89c1-6c90859958e1_star__counts	https://github.com/NCI-GDC/gdc-rnaseq-cwl/blob/5d8c131bbff59fb0c969217fc1d44e6d1503cd1f/rnaseq-star-align/star2pass.rnaseq_harmonization.cwl	STAR - Counts	5d8c131bbff59fb0c969217fc1d44e6d1503cd1f	Primary Tumor	NA	TCGA-C8-A138	TCGA-C8-A138-01A
b5fc7f21-688b-4764-b0ce-c450ad902e06	TSV	TCGA-GM-A5PV-01A-11R-A28M-07	open	eb688a21-10b9-43c3-88d3-2e9a8d30b42b.rna_seq.augmented_star_gene_counts.tsv	55041319-a5e1-45f5-b551-4b326a76cb82	Transcriptome Profiling	gene_expression	Illumina	4239583	2021-12-13T22:26:39.918406-06:00	f67b0282620ca2f3bf37a9671c8e1dfc	2024-07-30T09:31:18.689243-05:00	b5fc7f21-688b-4764-b0ce-c450ad902e06	Gene Expression Quantification	released	RNA-Seq	1	32.0 - 46.0	TCGA-BRCA	d09ddd7d-cbf3-44e1-8c1c-fd0b37c153a3	released	eb688a21-10b9-43c3-88d3-2e9a8d30b42b_star__counts	https://github.com/NCI-GDC/gdc-rnaseq-cwl/blob/5d8c131bbff59fb0c969217fc1d44e6d1503cd1f/rnaseq-star-align/star2pass.rnaseq_harmonization.cwl	STAR - Counts	5d8c131bbff59fb0c969217fc1d44e6d1503cd1f	Primary Tumor	NA	TCGA-GM-A5PV	TCGA-GM-A5PV-01A
0a688b9b-06ea-4b83-bfce-9cee0d866a0c	TSV	TCGA-C8-A12M-01A-11R-A115-07	open	b2bcfd01-9662-4730-96de-1e51b4038802.rna_seq.augmented_star_gene_counts.tsv	0dc52147-3e0a-46de-8c12-f671ca86cfc7	Transcriptome Profiling	gene_expression	Illumina	4230199	2021-12-13T22:42:51.508194-06:00	bad787cba50515b91198b99c393f093b	2024-07-30T10:04:46.784906-05:00	0a688b9b-06ea-4b83-bfce-9cee0d866a0c	Gene Expression Quantification	released	RNA-Seq	1	32.0 - 46.0	TCGA-BRCA	3c4d52f8-9cac-4abb-92cf-ddd6573a265f	released	b2bcfd01-9662-4730-96de-1e51b4038802_star__counts	https://github.com/NCI-GDC/gdc-rnaseq-cwl/blob/5d8c131bbff59fb0c969217fc1d44e6d1503cd1f/rnaseq-star-align/star2pass.rnaseq_harmonization.cwl	STAR - Counts	5d8c131bbff59fb0c969217fc1d44e6d1503cd1f	Primary Tumor	NA	TCGA-C8-A12M	TCGA-C8-A12M-01A
f2a4b38d-bfc0-4363-9a58-b5fa2af26ff3	TSV	TCGA-B6-A0WX-01A-11R-A109-07	open	4665ff5e-adb6-4b88-8a42-cb25c4fda0a0.rna_seq.augmented_star_gene_counts.tsv	e7d0a025-cb8e-4e1b-bf82-c96dea0562cf	Transcriptome Profiling	gene_expression	Illumina	4248071	2021-12-13T22:43:27.639531-06:00	753ef81b3c1c598ba010e7d1ef89d13e	2024-07-30T09:34:52.804744-05:00	f2a4b38d-bfc0-4363-9a58-b5fa2af26ff3	Gene Expression Quantification	released	RNA-Seq	1	32.0 - 46.0	TCGA-BRCA	922bedd0-3b17-429b-8f44-a5bfaf29d479	released	4665ff5e-adb6-4b88-8a42-cb25c4fda0a0_star__counts	https://github.com/NCI-GDC/gdc-rnaseq-cwl/blob/5d8c131bbff59fb0c969217fc1d44e6d1503cd1f/rnaseq-star-align/star2pass.rnaseq_harmonization.cwl	STAR - Counts	5d8c131bbff59fb0c969217fc1d44e6d1503cd1f	Primary Tumor	NA	TCGA-B6-A0WX	TCGA-B6-A0WX-01A
9218f3a6-1ae1-4898-8be4-2335a204aae7	TSV	TCGA-BH-A0W7-01A-11R-A115-07	open	c5c93338-4046-4247-b5c2-ef133609797e.rna_seq.augmented_star_gene_counts.tsv	025d1178-866a-4684-aa6d-efa67a2d6ce3	Transcriptome Profiling	gene_expression	Illumina	4246197	2021-12-13T22:34:10.989333-06:00	9b56fac0c8be3af4a86ce8d9ad861e1d	2024-07-30T10:05:14.763310-05:00	9218f3a6-1ae1-4898-8be4-2335a204aae7	Gene Expression Quantification	released	RNA-Seq	1	32.0 - 46.0	TCGA-BRCA	dd097275-f511-43bd-a931-0e5daead192f	released	c5c93338-4046-4247-b5c2-ef133609797e_star__counts	https://github.com/NCI-GDC/gdc-rnaseq-cwl/blob/5d8c131bbff59fb0c969217fc1d44e6d1503cd1f/rnaseq-star-align/star2pass.rnaseq_harmonization.cwl	STAR - Counts	5d8c131bbff59fb0c969217fc1d44e6d1503cd1f	Primary Tumor	NA	TCGA-BH-A0W7	TCGA-BH-A0W7-01A
a436c52a-e63f-4d61-bc60-eb497c196489	TSV	TCGA-BH-A0HN-01A-11R-A10U-07	open	ff0feb3e-6d14-4297-ac23-1eb397663ec3.rna_seq.augmented_star_gene_counts.tsv	8331ea25-3598-4368-bff5-dfce54d5a2c3	Transcriptome Profiling	gene_expression	Illumina	4230062	2021-12-13T22:16:55.716713-06:00	59f90ab7ce023db5cdc2cebaf24022ee	2024-07-30T09:49:56.349888-05:00	a436c52a-e63f-4d61-bc60-eb497c196489	Gene Expression Quantification	released	RNA-Seq	1	32.0 - 46.0	TCGA-BRCA	b369df42-3121-473b-a822-f949f35d6392	released	ff0feb3e-6d14-4297-ac23-1eb397663ec3_star__counts	https://github.com/NCI-GDC/gdc-rnaseq-cwl/blob/5d8c131bbff59fb0c969217fc1d44e6d1503cd1f/rnaseq-star-align/star2pass.rnaseq_harmonization.cwl	STAR - Counts	5d8c131bbff59fb0c969217fc1d44e6d1503cd1f	Primary Tumor	NA	TCGA-BH-A0HN	TCGA-BH-A0HN-01A
c3f4adee-86da-42fa-b37a-d48d66f89e09	TSV	TCGA-A2-A0EQ-01A-11R-A034-07	open	713df9b5-ea25-464c-b13e-fe8b61fe363d.rna_seq.augmented_star_gene_counts.tsv	7aff6eab-f308-4d27-9a98-ee3f0afbc99c	Transcriptome Profiling	gene_expression	Illumina	4238604	2021-12-13T22:37:56.393996-06:00	f1804349e2b4fc7438bb780634a3d130	2024-07-30T10:06:15.013710-05:00	c3f4adee-86da-42fa-b37a-d48d66f89e09	Gene Expression Quantification	released	RNA-Seq	1	32.0 - 46.0	TCGA-BRCA	2e600108-7275-4cad-8130-3c5152189400	released	713df9b5-ea25-464c-b13e-fe8b61fe363d_star__counts	https://github.com/NCI-GDC/gdc-rnaseq-cwl/blob/5d8c131bbff59fb0c969217fc1d44e6d1503cd1f/rnaseq-star-align/star2pass.rnaseq_harmonization.cwl	STAR - Counts	5d8c131bbff59fb0c969217fc1d44e6d1503cd1f	Primary Tumor	NA	TCGA-A2-A0EQ	TCGA-A2-A0EQ-01A
c95841fa-ea90-4a12-99aa-5c342af9e0e8	TSV	TCGA-BH-A209-11A-42R-A157-07	open	4bd484be-2364-4a9c-841e-b60bee25af79.rna_seq.augmented_star_gene_counts.tsv	39c641d3-d457-4afc-ae81-2782a3395d6a	Transcriptome Profiling	gene_expression	Illumina	4256504	2021-12-13T21:56:18.053195-06:00	bec61cd1fcd18ee05d1d3db42d8b05bf	2024-07-30T09:42:15.898113-05:00	c95841fa-ea90-4a12-99aa-5c342af9e0e8	Gene Expression Quantification	released	RNA-Seq	1	32.0 - 46.0	TCGA-BRCA	66823b25-8cbf-4def-b80e-0a78558a075f	released	4bd484be-2364-4a9c-841e-b60bee25af79_star__counts	https://github.com/NCI-GDC/gdc-rnaseq-cwl/blob/5d8c131bbff59fb0c969217fc1d44e6d1503cd1f/rnaseq-star-align/star2pass.rnaseq_harmonization.cwl	STAR - Counts	5d8c131bbff59fb0c969217fc1d44e6d1503cd1f	Solid Tissue Normal	NA	TCGA-BH-A209	TCGA-BH-A209-11A
bb761704-bced-4fd6-9a90-187595b1d005	TSV	TCGA-AC-A2FK-01A-12R-A180-07	open	05ebe1e0-bf0d-4622-bc45-b0eacffdebcc.rna_seq.augmented_star_gene_counts.tsv	d7012989-97c5-4729-861b-528721dc3389	Transcriptome Profiling	gene_expression	Illumina	4247132	2021-12-13T22:25:50.938778-06:00	91816c864a31cf822d8035c3b754ae4c	2024-07-30T09:18:25.908398-05:00	bb761704-bced-4fd6-9a90-187595b1d005	Gene Expression Quantification	released	RNA-Seq	1	32.0 - 46.0	TCGA-BRCA	5c0afe12-25c5-4b61-8de1-4dc2b4abf8d1	released	05ebe1e0-bf0d-4622-bc45-b0eacffdebcc_star__counts	https://github.com/NCI-GDC/gdc-rnaseq-cwl/blob/5d8c131bbff59fb0c969217fc1d44e6d1503cd1f/rnaseq-star-align/star2pass.rnaseq_harmonization.cwl	STAR - Counts	5d8c131bbff59fb0c969217fc1d44e6d1503cd1f	Primary Tumor	NA	TCGA-AC-A2FK	TCGA-AC-A2FK-01A
aa4bc249-100e-4cf6-8356-1dc96b7dbea9	TSV	TCGA-BH-A0B5-01A-11R-A12P-07	open	48e1886c-614d-4e2c-bf34-936fd82969c1.rna_seq.augmented_star_gene_counts.tsv	1138945a-c2e4-4638-b073-bd04bf8ee95a	Transcriptome Profiling	gene_expression	Illumina	4251389	2021-12-13T22:29:51.948804-06:00	66cbd7509e2c9d6590838ceec1f253cf	2024-07-30T09:18:34.539087-05:00	aa4bc249-100e-4cf6-8356-1dc96b7dbea9	Gene Expression Quantification	released	RNA-Seq	1	32.0 - 46.0	TCGA-BRCA	7a7aeb09-8e3f-492c-8f7a-5cc7540382ad	released	48e1886c-614d-4e2c-bf34-936fd82969c1_star__counts	https://github.com/NCI-GDC/gdc-rnaseq-cwl/blob/5d8c131bbff59fb0c969217fc1d44e6d1503cd1f/rnaseq-star-align/star2pass.rnaseq_harmonization.cwl	STAR - Counts	5d8c131bbff59fb0c969217fc1d44e6d1503cd1f	Primary Tumor	NA	TCGA-BH-A0B5	TCGA-BH-A0B5-01A
a17d51b5-c397-4591-a227-dc0425948420	TSV	TCGA-GM-A2DK-01A-21R-A180-07	open	3f4afc9c-562a-4ef4-a6cb-ff426357a614.rna_seq.augmented_star_gene_counts.tsv	57656b90-4841-4fc0-932c-34e94b97cecb	Transcriptome Profiling	gene_expression	Illumina	4236406	2021-12-13T22:28:48.056004-06:00	bd89cc177620eaa610560f2746876e82	2024-07-30T09:23:19.044435-05:00	a17d51b5-c397-4591-a227-dc0425948420	Gene Expression Quantification	released	RNA-Seq	1	32.0 - 46.0	TCGA-BRCA	93164875-d206-4664-ab40-b6280882d704	released	3f4afc9c-562a-4ef4-a6cb-ff426357a614_star__counts	https://github.com/NCI-GDC/gdc-rnaseq-cwl/blob/5d8c131bbff59fb0c969217fc1d44e6d1503cd1f/rnaseq-star-align/star2pass.rnaseq_harmonization.cwl	STAR - Counts	5d8c131bbff59fb0c969217fc1d44e6d1503cd1f	Primary Tumor	NA	TCGA-GM-A2DK	TCGA-GM-A2DK-01A
ae2e0936-a225-491b-8361-3c20663768d9	TSV	TCGA-C8-A131-01A-11R-A115-07	open	a0707dab-b8bd-4a57-a890-69a3f4daacf6.rna_seq.augmented_star_gene_counts.tsv	7fc12b4a-31a3-4449-9877-b2e2c7528e02	Transcriptome Profiling	gene_expression	Illumina	4232338	2021-12-13T22:28:56.004213-06:00	ddf434fd48abb854f0ec908b03f42bf5	2024-07-30T09:59:44.318959-05:00	ae2e0936-a225-491b-8361-3c20663768d9	Gene Expression Quantification	released	RNA-Seq	1	32.0 - 46.0	TCGA-BRCA	4924c4ce-ce9c-47a1-86c4-69b38696ffdb	released	a0707dab-b8bd-4a57-a890-69a3f4daacf6_star__counts	https://github.com/NCI-GDC/gdc-rnaseq-cwl/blob/5d8c131bbff59fb0c969217fc1d44e6d1503cd1f/rnaseq-star-align/star2pass.rnaseq_harmonization.cwl	STAR - Counts	5d8c131bbff59fb0c969217fc1d44e6d1503cd1f	Primary Tumor	NA	TCGA-C8-A131	TCGA-C8-A131-01A
1cb0d51d-def6-40ec-9c5f-4a98315b0382	TSV	TCGA-A8-A06N-01A-11R-A00Z-07	open	a2a798c5-3b1e-4192-8c6a-8c627cd0879e.rna_seq.augmented_star_gene_counts.tsv	8a44b0db-bd03-4161-97d1-94b6698c4efc	Transcriptome Profiling	gene_expression	Illumina	4253034	2021-12-13T22:38:03.631284-06:00	7e32f8736310851716ab2a7698495ed8	2024-07-30T09:26:06.940177-05:00	1cb0d51d-def6-40ec-9c5f-4a98315b0382	Gene Expression Quantification	released	RNA-Seq	1	32.0 - 46.0	TCGA-BRCA	167dc264-0996-440f-964d-2fbc6a8880ce	released	a2a798c5-3b1e-4192-8c6a-8c627cd0879e_star__counts	https://github.com/NCI-GDC/gdc-rnaseq-cwl/blob/5d8c131bbff59fb0c969217fc1d44e6d1503cd1f/rnaseq-star-align/star2pass.rnaseq_harmonization.cwl	STAR - Counts	5d8c131bbff59fb0c969217fc1d44e6d1503cd1f	Primary Tumor	NA	TCGA-A8-A06N	TCGA-A8-A06N-01A
ece7c643-e0b9-4b65-b6f5-89c414c1bfea	TSV	TCGA-D8-A1X6-01A-11R-A14M-07	open	7e6ed4fc-b4bf-46c7-9f31-24a0c32c039e.rna_seq.augmented_star_gene_counts.tsv	9685921c-bba4-4485-8c11-bf0cb3268fe1	Transcriptome Profiling	gene_expression	Illumina	4247809	2021-12-13T22:35:10.830680-06:00	7e032c9132f1ba39335b819afd53c06f	2024-07-30T10:01:37.677701-05:00	ece7c643-e0b9-4b65-b6f5-89c414c1bfea	Gene Expression Quantification	released	RNA-Seq	1	32.0 - 46.0	TCGA-BRCA	e6b193c4-d48e-4de5-8b0d-0ee91e4474a0	released	7e6ed4fc-b4bf-46c7-9f31-24a0c32c039e_star__counts	https://github.com/NCI-GDC/gdc-rnaseq-cwl/blob/5d8c131bbff59fb0c969217fc1d44e6d1503cd1f/rnaseq-star-align/star2pass.rnaseq_harmonization.cwl	STAR - Counts	5d8c131bbff59fb0c969217fc1d44e6d1503cd1f	Primary Tumor	NA	TCGA-D8-A1X6	TCGA-D8-A1X6-01A
ed76d903-de08-4060-ab15-b4add3c551f0	TSV	TCGA-AN-A046-01A-21R-A034-07	open	05ea028e-6b8a-4352-88aa-057494cf5e80.rna_seq.augmented_star_gene_counts.tsv	68f18577-1a7d-42fb-98b2-fcac51102e8e	Transcriptome Profiling	gene_expression	Illumina	4240597	2021-12-13T21:44:07.156704-06:00	d18988612c2dadf8c24a138d8e829b4d	2024-07-30T09:21:01.908374-05:00	ed76d903-de08-4060-ab15-b4add3c551f0	Gene Expression Quantification	released	RNA-Seq	1	32.0 - 46.0	TCGA-BRCA	5f71c9c4-30d1-4d5b-8ce5-96ba10872bf0	released	05ea028e-6b8a-4352-88aa-057494cf5e80_star__counts	https://github.com/NCI-GDC/gdc-rnaseq-cwl/blob/5d8c131bbff59fb0c969217fc1d44e6d1503cd1f/rnaseq-star-align/star2pass.rnaseq_harmonization.cwl	STAR - Counts	5d8c131bbff59fb0c969217fc1d44e6d1503cd1f	Primary Tumor	NA	TCGA-AN-A046	TCGA-AN-A046-01A
71175258-a00a-4035-8f33-eb48bf04066f	TSV	TCGA-E9-A5UO-01A-11R-A28M-07	open	c98940e5-aff4-4eec-9cd7-708584356a5f.rna_seq.augmented_star_gene_counts.tsv	77bdf26d-b9fd-4acf-a7a0-79b19d843c81	Transcriptome Profiling	gene_expression	Illumina	4233113	2021-12-13T22:24:14.171027-06:00	858a5ae7fc5cc984d4178cb1edecf7d8	2024-07-30T09:36:56.549350-05:00	71175258-a00a-4035-8f33-eb48bf04066f	Gene Expression Quantification	released	RNA-Seq	1	32.0 - 46.0	TCGA-BRCA	ba384ced-066e-42cb-a83e-eb35cf52b6ca	released	c98940e5-aff4-4eec-9cd7-708584356a5f_star__counts	https://github.com/NCI-GDC/gdc-rnaseq-cwl/blob/5d8c131bbff59fb0c969217fc1d44e6d1503cd1f/rnaseq-star-align/star2pass.rnaseq_harmonization.cwl	STAR - Counts	5d8c131bbff59fb0c969217fc1d44e6d1503cd1f	Primary Tumor	NA	TCGA-E9-A5UO	TCGA-E9-A5UO-01A
02a0b95f-ea0f-4c0d-ba2d-9724ed9ad712	TSV	TCGA-EW-A1IX-01A-12R-A144-07	open	5fd42405-ebfe-4210-bc2f-d8310e3e14ee.rna_seq.augmented_star_gene_counts.tsv	7cf878d1-e169-474f-89d9-b7f6770437a5	Transcriptome Profiling	gene_expression	Illumina	4246583	2021-12-13T22:25:59.854587-06:00	f8b1e5d2df5c02a8854a53bccae100e4	2024-07-30T09:24:02.489031-05:00	02a0b95f-ea0f-4c0d-ba2d-9724ed9ad712	Gene Expression Quantification	released	RNA-Seq	1	32.0 - 46.0	TCGA-BRCA	f6b6f768-ce45-4eb0-b046-5570b4171141	released	5fd42405-ebfe-4210-bc2f-d8310e3e14ee_star__counts	https://github.com/NCI-GDC/gdc-rnaseq-cwl/blob/5d8c131bbff59fb0c969217fc1d44e6d1503cd1f/rnaseq-star-align/star2pass.rnaseq_harmonization.cwl	STAR - Counts	5d8c131bbff59fb0c969217fc1d44e6d1503cd1f	Primary Tumor	NA	TCGA-EW-A1IX	TCGA-EW-A1IX-01A
8a7fe670-bcef-4fcb-9759-9892ff5f4f61	TSV	TCGA-BH-A0BL-01A-11R-A115-07	open	a7428d3b-f84b-4c2f-a996-14a11af6b6df.rna_seq.augmented_star_gene_counts.tsv	8ab9f0e4-ddca-4f14-a866-f99f48e80ba7	Transcriptome Profiling	gene_expression	Illumina	4257837	2021-12-13T22:33:14.841015-06:00	0d687cb5c21070d7f026b730cc1f98e6	2024-07-30T09:42:18.321094-05:00	8a7fe670-bcef-4fcb-9759-9892ff5f4f61	Gene Expression Quantification	released	RNA-Seq	1	32.0 - 46.0	TCGA-BRCA	cccb2782-7995-4fd2-b1f1-484a9f827be9	released	a7428d3b-f84b-4c2f-a996-14a11af6b6df_star__counts	https://github.com/NCI-GDC/gdc-rnaseq-cwl/blob/5d8c131bbff59fb0c969217fc1d44e6d1503cd1f/rnaseq-star-align/star2pass.rnaseq_harmonization.cwl	STAR - Counts	5d8c131bbff59fb0c969217fc1d44e6d1503cd1f	Primary Tumor	NA	TCGA-BH-A0BL	TCGA-BH-A0BL-01A
6a40f728-eee2-4777-a8e0-67fd6f9f7927	TSV	TCGA-AN-A0XP-01A-11R-A109-07	open	c8e8f4e7-7aae-41f7-9d36-5938d2c2fc04.rna_seq.augmented_star_gene_counts.tsv	ec42fe02-e7b7-4eef-b8dc-6a75a61bc12c	Transcriptome Profiling	gene_expression	Illumina	4241371	2021-12-13T21:44:35.475590-06:00	1030a6f26912e98e40822228c79f54e0	2024-07-30T09:36:03.467028-05:00	6a40f728-eee2-4777-a8e0-67fd6f9f7927	Gene Expression Quantification	released	RNA-Seq	1	32.0 - 46.0	TCGA-BRCA	3255d06d-2616-4467-8102-9e9a9762a029	released	c8e8f4e7-7aae-41f7-9d36-5938d2c2fc04_star__counts	https://github.com/NCI-GDC/gdc-rnaseq-cwl/blob/5d8c131bbff59fb0c969217fc1d44e6d1503cd1f/rnaseq-star-align/star2pass.rnaseq_harmonization.cwl	STAR - Counts	5d8c131bbff59fb0c969217fc1d44e6d1503cd1f	Primary Tumor	NA	TCGA-AN-A0XP	TCGA-AN-A0XP-01A
81f86e31-55db-4483-b6e0-55451ffbd1db	TSV	TCGA-AO-A03M-01B-11R-A10J-07	open	a31cd337-8f1a-451d-9b90-b722590d3105.rna_seq.augmented_star_gene_counts.tsv	738ff2ec-1d66-409a-9d5d-b80250e0d83b	Transcriptome Profiling	gene_expression	Illumina	4251415	2021-12-13T22:40:20.505882-06:00	62fdcfc9517e3d2d318f97386003af4f	2024-07-30T09:36:45.917323-05:00	81f86e31-55db-4483-b6e0-55451ffbd1db	Gene Expression Quantification	released	RNA-Seq	1	32.0 - 46.0	TCGA-BRCA	9b038c32-a592-4b2f-8680-760920adc98e	released	a31cd337-8f1a-451d-9b90-b722590d3105_star__counts	https://github.com/NCI-GDC/gdc-rnaseq-cwl/blob/5d8c131bbff59fb0c969217fc1d44e6d1503cd1f/rnaseq-star-align/star2pass.rnaseq_harmonization.cwl	STAR - Counts	5d8c131bbff59fb0c969217fc1d44e6d1503cd1f	Primary Tumor	NA	TCGA-AO-A03M	TCGA-AO-A03M-01B
8e475a5c-0a90-4c31-a472-b1ae0946633d	TSV	TCGA-AR-A1AL-01A-21R-A12P-07	open	f5b6634d-5891-4550-bde6-7a0383e5e3da.rna_seq.augmented_star_gene_counts.tsv	95eb458d-6410-4fe8-90c1-b4a6399fe7ce	Transcriptome Profiling	gene_expression	Illumina	4253008	2021-12-13T22:34:41.864981-06:00	e7f80f6196ccf0ea7848b80e65271e42	2024-07-30T09:31:30.924988-05:00	8e475a5c-0a90-4c31-a472-b1ae0946633d	Gene Expression Quantification	released	RNA-Seq	1	32.0 - 46.0	TCGA-BRCA	2cbc5544-1895-4000-8874-bafea7794bc2	released	f5b6634d-5891-4550-bde6-7a0383e5e3da_star__counts	https://github.com/NCI-GDC/gdc-rnaseq-cwl/blob/5d8c131bbff59fb0c969217fc1d44e6d1503cd1f/rnaseq-star-align/star2pass.rnaseq_harmonization.cwl	STAR - Counts	5d8c131bbff59fb0c969217fc1d44e6d1503cd1f	Primary Tumor	NA	TCGA-AR-A1AL	TCGA-AR-A1AL-01A
e2a43c17-8973-49bc-a1f3-30afa26ef5f1	TSV	TCGA-B6-A0IC-01A-11R-A034-07	open	4ac28e68-1f0c-4e95-bdb3-4afc7dcfc34c.rna_seq.augmented_star_gene_counts.tsv	d7191c2b-3c76-463c-bdc1-dbf036392fe0	Transcriptome Profiling	gene_expression	Illumina	4250639	2021-12-13T22:12:23.729236-06:00	0f8f43e8d3fa45f91f5974b0277934f0	2024-07-30T09:38:51.861941-05:00	e2a43c17-8973-49bc-a1f3-30afa26ef5f1	Gene Expression Quantification	released	RNA-Seq	1	32.0 - 46.0	TCGA-BRCA	4fdf4cc5-b0c7-489e-8586-6b9d14238211	released	4ac28e68-1f0c-4e95-bdb3-4afc7dcfc34c_star__counts	https://github.com/NCI-GDC/gdc-rnaseq-cwl/blob/5d8c131bbff59fb0c969217fc1d44e6d1503cd1f/rnaseq-star-align/star2pass.rnaseq_harmonization.cwl	STAR - Counts	5d8c131bbff59fb0c969217fc1d44e6d1503cd1f	Primary Tumor	NA	TCGA-B6-A0IC	TCGA-B6-A0IC-01A
70c9af7f-8a58-434f-8f45-098ef0450319	TSV	TCGA-BH-A1ES-01A-11R-A137-07	open	e3c0a094-5504-4b74-9e0d-c73e84dc3901.rna_seq.augmented_star_gene_counts.tsv	a4bbe2ee-d8b3-4475-8697-735f45c49fd9	Transcriptome Profiling	gene_expression	Illumina	4217912	2021-12-13T22:25:09.953783-06:00	9dcb9bb192dacbe97c6b2e994b0178a2	2024-07-30T09:41:11.622260-05:00	70c9af7f-8a58-434f-8f45-098ef0450319	Gene Expression Quantification	released	RNA-Seq	1	32.0 - 46.0	TCGA-BRCA	ec58e55b-a13b-4136-801f-2b75358220dc	released	e3c0a094-5504-4b74-9e0d-c73e84dc3901_star__counts	https://github.com/NCI-GDC/gdc-rnaseq-cwl/blob/5d8c131bbff59fb0c969217fc1d44e6d1503cd1f/rnaseq-star-align/star2pass.rnaseq_harmonization.cwl	STAR - Counts	5d8c131bbff59fb0c969217fc1d44e6d1503cd1f	Primary Tumor	NA	TCGA-BH-A1ES	TCGA-BH-A1ES-01A
1936f1a9-66bc-4e48-8189-f0e3a67a5593	TSV	TCGA-BH-A0DT-01A-21R-A12D-07	open	674907a1-381a-4952-924a-52e2adf5ad19.rna_seq.augmented_star_gene_counts.tsv	2f35baed-117b-4f95-99b4-a0de99322490	Transcriptome Profiling	gene_expression	Illumina	4244911	2021-12-13T22:10:09.456353-06:00	773fc28929c9d51a08c52d2888c38c2f	2024-07-30T09:40:06.110865-05:00	1936f1a9-66bc-4e48-8189-f0e3a67a5593	Gene Expression Quantification	released	RNA-Seq	1	32.0 - 46.0	TCGA-BRCA	6988d3c3-9b7d-4eff-bb07-7d31dfef31db	released	674907a1-381a-4952-924a-52e2adf5ad19_star__counts	https://github.com/NCI-GDC/gdc-rnaseq-cwl/blob/5d8c131bbff59fb0c969217fc1d44e6d1503cd1f/rnaseq-star-align/star2pass.rnaseq_harmonization.cwl	STAR - Counts	5d8c131bbff59fb0c969217fc1d44e6d1503cd1f	Primary Tumor	NA	TCGA-BH-A0DT	TCGA-BH-A0DT-01A
da333184-1ddd-4cd7-9c0d-e4526a03a1c9	TSV	TCGA-A8-A0A9-01A-11R-A00Z-07	open	c102587f-0390-4dd5-8b35-d819e0083134.rna_seq.augmented_star_gene_counts.tsv	090c1587-8a0f-4bf6-bdb8-5aec88ef61e9	Transcriptome Profiling	gene_expression	Illumina	4250112	2021-12-13T22:13:20.246274-06:00	de14ed0ec5c0cf940ab6fb08fda45b77	2024-07-30T09:38:00.563309-05:00	da333184-1ddd-4cd7-9c0d-e4526a03a1c9	Gene Expression Quantification	released	RNA-Seq	1	32.0 - 46.0	TCGA-BRCA	a20fb695-a4c8-42fb-8c79-904e1794ff0f	released	c102587f-0390-4dd5-8b35-d819e0083134_star__counts	https://github.com/NCI-GDC/gdc-rnaseq-cwl/blob/5d8c131bbff59fb0c969217fc1d44e6d1503cd1f/rnaseq-star-align/star2pass.rnaseq_harmonization.cwl	STAR - Counts	5d8c131bbff59fb0c969217fc1d44e6d1503cd1f	Primary Tumor	NA	TCGA-A8-A0A9	TCGA-A8-A0A9-01A
9684fb22-becb-44dc-8d84-4c8540507c8c	TSV	TCGA-C8-A12X-01A-11R-A115-07	open	13295142-1853-417f-a798-60c41fd90166.rna_seq.augmented_star_gene_counts.tsv	1aa6f69e-266f-4f6c-8269-9152ab99e038	Transcriptome Profiling	gene_expression	Illumina	4218353	2021-12-13T21:59:00.243177-06:00	72431dc8e48f4207f5acbb46b022c3d3	2024-07-30T09:50:17.388578-05:00	9684fb22-becb-44dc-8d84-4c8540507c8c	Gene Expression Quantification	released	RNA-Seq	1	32.0 - 46.0	TCGA-BRCA	6d328d64-585d-426e-ab36-82e24aef238c	released	13295142-1853-417f-a798-60c41fd90166_star__counts	https://github.com/NCI-GDC/gdc-rnaseq-cwl/blob/5d8c131bbff59fb0c969217fc1d44e6d1503cd1f/rnaseq-star-align/star2pass.rnaseq_harmonization.cwl	STAR - Counts	5d8c131bbff59fb0c969217fc1d44e6d1503cd1f	Primary Tumor	NA	TCGA-C8-A12X	TCGA-C8-A12X-01A
bd86e2d9-6098-4f78-9e9b-f2f95367c739	TSV	TCGA-AC-A2BK-01A-11R-A21T-07	open	952883cf-24c2-4ed7-bb96-3f736c15ae3d.rna_seq.augmented_star_gene_counts.tsv	fd396dcf-b6df-4cd2-ab11-1d24dce5a912	Transcriptome Profiling	gene_expression	Illumina	4241309	2021-12-13T22:18:00.798522-06:00	4c2b78b92ef166e74622914cbcd491f6	2024-07-30T09:43:41.864732-05:00	bd86e2d9-6098-4f78-9e9b-f2f95367c739	Gene Expression Quantification	released	RNA-Seq	1	32.0 - 46.0	TCGA-BRCA	8391dc75-dc50-40fe-bec2-f9a60eb12f04	released	952883cf-24c2-4ed7-bb96-3f736c15ae3d_star__counts	https://github.com/NCI-GDC/gdc-rnaseq-cwl/blob/5d8c131bbff59fb0c969217fc1d44e6d1503cd1f/rnaseq-star-align/star2pass.rnaseq_harmonization.cwl	STAR - Counts	5d8c131bbff59fb0c969217fc1d44e6d1503cd1f	Primary Tumor	NA	TCGA-AC-A2BK	TCGA-AC-A2BK-01A
2a3dc057-3c00-405e-a18f-23e8c43494d4	TSV	TCGA-E2-A15A-01A-11R-A12D-07	open	6c40b30a-d103-4397-997f-9b2bda66793a.rna_seq.augmented_star_gene_counts.tsv	a31755c8-1d4e-451e-adc6-5c73c9a3a14a	Transcriptome Profiling	gene_expression	Illumina	4246669	2021-12-13T22:36:53.297899-06:00	cd1d4e429dc6ba16ad178567cedcd5ae	2024-07-30T09:57:06.873850-05:00	2a3dc057-3c00-405e-a18f-23e8c43494d4	Gene Expression Quantification	released	RNA-Seq	1	32.0 - 46.0	TCGA-BRCA	ed14353f-5045-4ad1-a2a2-50e40920f936	released	6c40b30a-d103-4397-997f-9b2bda66793a_star__counts	https://github.com/NCI-GDC/gdc-rnaseq-cwl/blob/5d8c131bbff59fb0c969217fc1d44e6d1503cd1f/rnaseq-star-align/star2pass.rnaseq_harmonization.cwl	STAR - Counts	5d8c131bbff59fb0c969217fc1d44e6d1503cd1f	Primary Tumor	NA	TCGA-E2-A15A	TCGA-E2-A15A-01A
0648c6fc-df6d-450a-a5a0-e5655febbdf1	TSV	TCGA-E2-A14N-01A-31R-A137-07	open	f532a6be-de3e-420c-960a-23627589e7ad.rna_seq.augmented_star_gene_counts.tsv	32f65394-9c0f-45ff-800c-3337b0721111	Transcriptome Profiling	gene_expression	Illumina	4231354	2021-12-13T22:17:32.209718-06:00	e00657cea54665d6777e038af0d8c5f5	2024-07-30T09:58:18.291808-05:00	0648c6fc-df6d-450a-a5a0-e5655febbdf1	Gene Expression Quantification	released	RNA-Seq	1	32.0 - 46.0	TCGA-BRCA	c902ecc0-8539-46cc-a664-9039971fea6e	released	f532a6be-de3e-420c-960a-23627589e7ad_star__counts	https://github.com/NCI-GDC/gdc-rnaseq-cwl/blob/5d8c131bbff59fb0c969217fc1d44e6d1503cd1f/rnaseq-star-align/star2pass.rnaseq_harmonization.cwl	STAR - Counts	5d8c131bbff59fb0c969217fc1d44e6d1503cd1f	Primary Tumor	NA	TCGA-E2-A14N	TCGA-E2-A14N-01A
ee447251-5c90-426f-a0c7-bd2041189761	TSV	TCGA-Z7-A8R5-01A-42R-A41B-07	open	06a03e45-7315-4a8d-9fef-d841a4a8043c.rna_seq.augmented_star_gene_counts.tsv	70421d96-9d69-40ca-89cf-e1073e8b2bdb	Transcriptome Profiling	gene_expression	Illumina	4229873	2021-12-13T22:31:22.256448-06:00	a908ce6cc170c70d3b3c4d9646acff27	2024-07-30T09:24:07.410832-05:00	ee447251-5c90-426f-a0c7-bd2041189761	Gene Expression Quantification	released	RNA-Seq	1	32.0 - 46.0	TCGA-BRCA	a49fe2f5-588b-44f3-810b-5e285b9cd5d7	released	06a03e45-7315-4a8d-9fef-d841a4a8043c_star__counts	https://github.com/NCI-GDC/gdc-rnaseq-cwl/blob/5d8c131bbff59fb0c969217fc1d44e6d1503cd1f/rnaseq-star-align/star2pass.rnaseq_harmonization.cwl	STAR - Counts	5d8c131bbff59fb0c969217fc1d44e6d1503cd1f	Primary Tumor	NA	TCGA-Z7-A8R5	TCGA-Z7-A8R5-01A
64bfe46f-8152-4c70-b69d-ea412a4dfcff	TSV	TCGA-A2-A0D2-01A-21R-A034-07	open	b25117ce-5a14-4b43-bbfe-513b957464d0.rna_seq.augmented_star_gene_counts.tsv	f895fb16-48aa-4c6d-8927-1855030eca2f	Transcriptome Profiling	gene_expression	Illumina	4238941	2021-12-13T22:06:55.988686-06:00	4c10ed2ed8b6b870437d52ebf83b2fa3	2024-07-30T09:48:17.158092-05:00	64bfe46f-8152-4c70-b69d-ea412a4dfcff	Gene Expression Quantification	released	RNA-Seq	1	32.0 - 46.0	TCGA-BRCA	1564fe7c-c67c-49ca-9451-fce4832be3cf	released	b25117ce-5a14-4b43-bbfe-513b957464d0_star__counts	https://github.com/NCI-GDC/gdc-rnaseq-cwl/blob/5d8c131bbff59fb0c969217fc1d44e6d1503cd1f/rnaseq-star-align/star2pass.rnaseq_harmonization.cwl	STAR - Counts	5d8c131bbff59fb0c969217fc1d44e6d1503cd1f	Primary Tumor	NA	TCGA-A2-A0D2	TCGA-A2-A0D2-01A
5997bdf5-2741-42c5-a01c-807864504c55	TSV	TCGA-C8-A8HQ-01A-11R-A36F-07	open	675732d7-23c5-436b-b21a-104081feb1be.rna_seq.augmented_star_gene_counts.tsv	bf69faa6-faa8-4ea0-9496-726ec7fdaacd	Transcriptome Profiling	gene_expression	Illumina	4253111	2021-12-13T22:07:36.822142-06:00	692f305d6bc1cd65cc680ece0036a0e3	2024-07-30T09:33:05.310364-05:00	5997bdf5-2741-42c5-a01c-807864504c55	Gene Expression Quantification	released	RNA-Seq	1	32.0 - 46.0	TCGA-BRCA	72678053-32f3-4383-b884-1998aa60b56d	released	675732d7-23c5-436b-b21a-104081feb1be_star__counts	https://github.com/NCI-GDC/gdc-rnaseq-cwl/blob/5d8c131bbff59fb0c969217fc1d44e6d1503cd1f/rnaseq-star-align/star2pass.rnaseq_harmonization.cwl	STAR - Counts	5d8c131bbff59fb0c969217fc1d44e6d1503cd1f	Primary Tumor	NA	TCGA-C8-A8HQ	TCGA-C8-A8HQ-01A
bab81011-81b1-4fa4-bda1-fddec99245f5	TSV	TCGA-A2-A4S2-01A-12R-A266-07	open	c07f871d-fea0-401a-b0c5-ec5685c311d7.rna_seq.augmented_star_gene_counts.tsv	1c34f129-2ab2-47f0-a89f-692e092c205e	Transcriptome Profiling	gene_expression	Illumina	4237428	2021-12-13T22:09:05.051937-06:00	cf6c163f68930031833efa96a2522713	2024-07-30T09:29:53.281578-05:00	bab81011-81b1-4fa4-bda1-fddec99245f5	Gene Expression Quantification	released	RNA-Seq	1	32.0 - 46.0	TCGA-BRCA	2cef7c6f-7e9d-4fe1-a8d7-09d3e39209ed	released	c07f871d-fea0-401a-b0c5-ec5685c311d7_star__counts	https://github.com/NCI-GDC/gdc-rnaseq-cwl/blob/5d8c131bbff59fb0c969217fc1d44e6d1503cd1f/rnaseq-star-align/star2pass.rnaseq_harmonization.cwl	STAR - Counts	5d8c131bbff59fb0c969217fc1d44e6d1503cd1f	Primary Tumor	NA	TCGA-A2-A4S2	TCGA-A2-A4S2-01A
a853d2bb-b696-493a-9451-59dcedde5f20	TSV	TCGA-AC-A3TM-01A-11R-A22K-07	open	d078b2ae-790a-4220-98a0-18d311996ed5.rna_seq.augmented_star_gene_counts.tsv	d867d33a-ea6b-42e6-9cbe-36d4308a137d	Transcriptome Profiling	gene_expression	Illumina	4238656	2021-12-13T22:42:21.234534-06:00	9894fa8282e53f3d77a44c7a16ebe91f	2024-07-30T09:43:02.631611-05:00	a853d2bb-b696-493a-9451-59dcedde5f20	Gene Expression Quantification	released	RNA-Seq	1	32.0 - 46.0	TCGA-BRCA	8bbbc1cd-1464-4282-89c5-b1d1ae9e30c6	released	d078b2ae-790a-4220-98a0-18d311996ed5_star__counts	https://github.com/NCI-GDC/gdc-rnaseq-cwl/blob/5d8c131bbff59fb0c969217fc1d44e6d1503cd1f/rnaseq-star-align/star2pass.rnaseq_harmonization.cwl	STAR - Counts	5d8c131bbff59fb0c969217fc1d44e6d1503cd1f	Primary Tumor	NA	TCGA-AC-A3TM	TCGA-AC-A3TM-01A
236805b9-ea89-43b4-ba51-c09276778e90	TSV	TCGA-LL-A5YP-01A-21R-A28M-07	open	0bceb3fb-af69-4427-8ce1-767da4b31c37.rna_seq.augmented_star_gene_counts.tsv	de25f2a4-43f9-45d3-a550-1551e5eea4bf	Transcriptome Profiling	gene_expression	Illumina	4237836	2021-12-13T22:05:34.344403-06:00	96abd8c1bdc92d41c491fd423a7dee45	2024-07-30T09:27:57.048672-05:00	236805b9-ea89-43b4-ba51-c09276778e90	Gene Expression Quantification	released	RNA-Seq	1	32.0 - 46.0	TCGA-BRCA	fea7c926-ac96-450d-a366-3ad7a6b2bde3	released	0bceb3fb-af69-4427-8ce1-767da4b31c37_star__counts	https://github.com/NCI-GDC/gdc-rnaseq-cwl/blob/5d8c131bbff59fb0c969217fc1d44e6d1503cd1f/rnaseq-star-align/star2pass.rnaseq_harmonization.cwl	STAR - Counts	5d8c131bbff59fb0c969217fc1d44e6d1503cd1f	Primary Tumor	NA	TCGA-LL-A5YP	TCGA-LL-A5YP-01A
4c9005a5-2cca-4cc3-9a6d-09eb76d780ab	TSV	TCGA-D8-A1JA-01A-11R-A13Q-07	open	fb9c23f2-8694-41ca-a126-a5a131abeac1.rna_seq.augmented_star_gene_counts.tsv	aa6c0563-f408-4774-b350-4935e1691449	Transcriptome Profiling	gene_expression	Illumina	4247208	2021-12-13T22:34:23.048490-06:00	22267d02f261cb4a58fd249ed147000d	2024-07-30T09:48:45.660048-05:00	4c9005a5-2cca-4cc3-9a6d-09eb76d780ab	Gene Expression Quantification	released	RNA-Seq	1	32.0 - 46.0	TCGA-BRCA	a79e65f0-6f4e-4f0b-b1cb-d91fb8adc3a9	released	fb9c23f2-8694-41ca-a126-a5a131abeac1_star__counts	https://github.com/NCI-GDC/gdc-rnaseq-cwl/blob/5d8c131bbff59fb0c969217fc1d44e6d1503cd1f/rnaseq-star-align/star2pass.rnaseq_harmonization.cwl	STAR - Counts	5d8c131bbff59fb0c969217fc1d44e6d1503cd1f	Primary Tumor	NA	TCGA-D8-A1JA	TCGA-D8-A1JA-01A
6d505305-dc5f-4dc7-8721-817f444ff7ee	TSV	TCGA-AN-A04C-01A-21R-A034-07	open	d681e327-7e74-4f6a-811f-e006470e568f.rna_seq.augmented_star_gene_counts.tsv	3be11238-17bb-48b6-a5f9-6c9072d9dd54	Transcriptome Profiling	gene_expression	Illumina	4239943	2021-12-13T21:48:51.368287-06:00	96018fc75b5a7330f1eb5b3813083661	2024-07-30T10:06:26.271745-05:00	6d505305-dc5f-4dc7-8721-817f444ff7ee	Gene Expression Quantification	released	RNA-Seq	1	32.0 - 46.0	TCGA-BRCA	1c6e448e-f4a5-42ae-80b5-3b74a2515ef8	released	d681e327-7e74-4f6a-811f-e006470e568f_star__counts	https://github.com/NCI-GDC/gdc-rnaseq-cwl/blob/5d8c131bbff59fb0c969217fc1d44e6d1503cd1f/rnaseq-star-align/star2pass.rnaseq_harmonization.cwl	STAR - Counts	5d8c131bbff59fb0c969217fc1d44e6d1503cd1f	Primary Tumor	NA	TCGA-AN-A04C	TCGA-AN-A04C-01A
e5393dc3-65d0-4d65-bb75-2fed770af595	TSV	TCGA-D8-A27E-01A-11R-A16F-07	open	d636f6ce-e820-4e8a-969f-c3ac2d46b191.rna_seq.augmented_star_gene_counts.tsv	4153f565-45b1-4ae8-9592-3e8846bde585	Transcriptome Profiling	gene_expression	Illumina	4246959	2021-12-13T22:21:45.071709-06:00	abf4e4109f7051c970266754de99b5e1	2024-07-30T10:07:28.610601-05:00	e5393dc3-65d0-4d65-bb75-2fed770af595	Gene Expression Quantification	released	RNA-Seq	1	32.0 - 46.0	TCGA-BRCA	93995d53-ba6e-4e33-86f4-9659ab1240ed	released	d636f6ce-e820-4e8a-969f-c3ac2d46b191_star__counts	https://github.com/NCI-GDC/gdc-rnaseq-cwl/blob/5d8c131bbff59fb0c969217fc1d44e6d1503cd1f/rnaseq-star-align/star2pass.rnaseq_harmonization.cwl	STAR - Counts	5d8c131bbff59fb0c969217fc1d44e6d1503cd1f	Primary Tumor	NA	TCGA-D8-A27E	TCGA-D8-A27E-01A
23ac8b84-f000-45ea-ad35-a46323d3670a	TSV	TCGA-A7-A26J-01A-11R-A169-07	open	df6189e5-bd61-4be2-9d31-efef56cb4739.rna_seq.augmented_star_gene_counts.tsv	dec0a533-38b2-4e23-9691-26986b7cf32b	Transcriptome Profiling	gene_expression	Illumina	4253247	2021-12-13T21:56:03.306869-06:00	434e86b5aede1baa14eee57c2cce013b	2024-07-30T09:19:21.838557-05:00	23ac8b84-f000-45ea-ad35-a46323d3670a	Gene Expression Quantification	released	RNA-Seq	1	32.0 - 46.0	TCGA-BRCA	2a685bda-3a14-4057-b372-f00370342798	released	df6189e5-bd61-4be2-9d31-efef56cb4739_star__counts	https://github.com/NCI-GDC/gdc-rnaseq-cwl/blob/5d8c131bbff59fb0c969217fc1d44e6d1503cd1f/rnaseq-star-align/star2pass.rnaseq_harmonization.cwl	STAR - Counts	5d8c131bbff59fb0c969217fc1d44e6d1503cd1f	Primary Tumor	NA	TCGA-A7-A26J	TCGA-A7-A26J-01A
0019c951-16c5-48d0-85c8-58d96b12d330	TSV	TCGA-D8-A1XO-01A-11R-A14M-07	open	ba295155-272e-43eb-9d6a-e4c9c392e68b.rna_seq.augmented_star_gene_counts.tsv	524c1263-88ef-4112-ad35-f40f8de948d3	Transcriptome Profiling	gene_expression	Illumina	4251623	2021-12-13T21:53:57.611184-06:00	603d5a827abe6b3f4921f12dbcaeb25b	2024-07-30T09:31:55.835789-05:00	0019c951-16c5-48d0-85c8-58d96b12d330	Gene Expression Quantification	released	RNA-Seq	1	32.0 - 46.0	TCGA-BRCA	fe5124f7-48ff-4bf2-bd87-b5260d9d3b85	released	ba295155-272e-43eb-9d6a-e4c9c392e68b_star__counts	https://github.com/NCI-GDC/gdc-rnaseq-cwl/blob/5d8c131bbff59fb0c969217fc1d44e6d1503cd1f/rnaseq-star-align/star2pass.rnaseq_harmonization.cwl	STAR - Counts	5d8c131bbff59fb0c969217fc1d44e6d1503cd1f	Primary Tumor	NA	TCGA-D8-A1XO	TCGA-D8-A1XO-01A
0972f396-9045-4faa-98f8-e8c3e02f9901	TSV	TCGA-BH-A1F2-11A-32R-A13Q-07	open	37157138-01ef-49a5-bc74-c45feaf411e2.rna_seq.augmented_star_gene_counts.tsv	2cc0d8da-e6f6-4ffd-b2c0-ba33925da227	Transcriptome Profiling	gene_expression	Illumina	4257345	2021-12-13T22:09:40.573346-06:00	3507d2d812abb9f61cd797432307a479	2024-07-30T09:47:41.766780-05:00	0972f396-9045-4faa-98f8-e8c3e02f9901	Gene Expression Quantification	released	RNA-Seq	1	32.0 - 46.0	TCGA-BRCA	0c2c6473-55e4-4f5b-b4d2-236e517e409d	released	37157138-01ef-49a5-bc74-c45feaf411e2_star__counts	https://github.com/NCI-GDC/gdc-rnaseq-cwl/blob/5d8c131bbff59fb0c969217fc1d44e6d1503cd1f/rnaseq-star-align/star2pass.rnaseq_harmonization.cwl	STAR - Counts	5d8c131bbff59fb0c969217fc1d44e6d1503cd1f	Solid Tissue Normal	NA	TCGA-BH-A1F2	TCGA-BH-A1F2-11A
2e753306-2df6-4666-b1ce-06992d109d02	TSV	TCGA-A1-A0SO-01A-22R-A084-07	open	3a6cc4be-eff8-4725-a416-46ed35316192.rna_seq.augmented_star_gene_counts.tsv	e11eaf82-0fc3-48be-b098-4fd8a34dabad	Transcriptome Profiling	gene_expression	Illumina	4246227	2021-12-13T22:17:02.539501-06:00	00f59ad3e2697e8fc4206c705829c06a	2024-07-30T09:52:41.509861-05:00	2e753306-2df6-4666-b1ce-06992d109d02	Gene Expression Quantification	released	RNA-Seq	1	32.0 - 46.0	TCGA-BRCA	f6f51bfe-19ab-4c48-a025-39243428a77e	released	3a6cc4be-eff8-4725-a416-46ed35316192_star__counts	https://github.com/NCI-GDC/gdc-rnaseq-cwl/blob/5d8c131bbff59fb0c969217fc1d44e6d1503cd1f/rnaseq-star-align/star2pass.rnaseq_harmonization.cwl	STAR - Counts	5d8c131bbff59fb0c969217fc1d44e6d1503cd1f	Primary Tumor	NA	TCGA-A1-A0SO	TCGA-A1-A0SO-01A
ae7a394e-b030-46d3-8cf2-c378c0afdc81	TSV	TCGA-C8-A12W-01A-11R-A115-07	open	c48d2d0e-5626-42b3-b508-75b3cceb053f.rna_seq.augmented_star_gene_counts.tsv	402bd933-d0a0-4d32-9dde-bcadc8a03dfb	Transcriptome Profiling	gene_expression	Illumina	4236608	2021-12-13T21:48:45.882404-06:00	c0db94905a495416a87264a1f99b4e9c	2024-07-30T09:22:05.173790-05:00	ae7a394e-b030-46d3-8cf2-c378c0afdc81	Gene Expression Quantification	released	RNA-Seq	1	32.0 - 46.0	TCGA-BRCA	32d54f15-25e7-4cb3-a531-7fccc878fc91	released	c48d2d0e-5626-42b3-b508-75b3cceb053f_star__counts	quay.io/ncigdc	STAR - Counts	470801dfbc085958058a5b50518e4f3a5e4721c3	Primary Tumor	NA	TCGA-C8-A12W	TCGA-C8-A12W-01A
e914127b-20a0-4ef1-a614-06b697da648c	TSV	TCGA-AC-A2FB-11A-13R-A17B-07	open	526d20dd-9df1-44c4-ab04-82109fafd3a3.rna_seq.augmented_star_gene_counts.tsv	4b07568c-8f6e-458e-a723-6f9db82aa691	Transcriptome Profiling	gene_expression	Illumina	4255248	2021-12-13T22:42:58.053404-06:00	6b681f4fd3ba95c41959fd633202a586	2024-07-30T09:38:16.996300-05:00	e914127b-20a0-4ef1-a614-06b697da648c	Gene Expression Quantification	released	RNA-Seq	1	32.0 - 46.0	TCGA-BRCA	e42acee0-0607-4e77-a4d0-bdd9e1f9ee93	released	526d20dd-9df1-44c4-ab04-82109fafd3a3_star__counts	https://github.com/NCI-GDC/gdc-rnaseq-cwl/blob/5d8c131bbff59fb0c969217fc1d44e6d1503cd1f/rnaseq-star-align/star2pass.rnaseq_harmonization.cwl	STAR - Counts	5d8c131bbff59fb0c969217fc1d44e6d1503cd1f	Solid Tissue Normal	NA	TCGA-AC-A2FB	TCGA-AC-A2FB-11A
2b519fff-dd2a-458e-ac2b-573167aeb7f2	TSV	TCGA-A7-A26E-01A-11R-A169-07	open	a02fb212-a6cc-40b2-9d31-481fc1ce0911.rna_seq.augmented_star_gene_counts.tsv	860e99df-71d4-45cf-a0cb-8490aa992ce3	Transcriptome Profiling	gene_expression	Illumina	4255868	2021-12-13T21:56:43.622607-06:00	37e33763b42e600b4e1cc818633ac5a4	2024-07-30T09:21:59.187481-05:00	2b519fff-dd2a-458e-ac2b-573167aeb7f2	Gene Expression Quantification	released	RNA-Seq	1	32.0 - 46.0	TCGA-BRCA	f6cfc886-7e60-4729-b962-d81fccaf08a9	released	a02fb212-a6cc-40b2-9d31-481fc1ce0911_star__counts	https://github.com/NCI-GDC/gdc-rnaseq-cwl/blob/5d8c131bbff59fb0c969217fc1d44e6d1503cd1f/rnaseq-star-align/star2pass.rnaseq_harmonization.cwl	STAR - Counts	5d8c131bbff59fb0c969217fc1d44e6d1503cd1f	Primary Tumor	NA	TCGA-A7-A26E	TCGA-A7-A26E-01A
87af5cf5-08e6-443b-a23b-6221f7433a65	TSV	TCGA-C8-A12K-01A-21R-A115-07	open	3628bc49-6968-47a8-96e4-e47421a7152a.rna_seq.augmented_star_gene_counts.tsv	151cc6e3-70de-4c7e-af2a-d8d1c65c18e1	Transcriptome Profiling	gene_expression	Illumina	4249033	2021-12-13T21:45:23.659550-06:00	d41df4a45c8c1a4810ceee911ac21fee	2024-07-30T09:42:12.224926-05:00	87af5cf5-08e6-443b-a23b-6221f7433a65	Gene Expression Quantification	released	RNA-Seq	1	32.0 - 46.0	TCGA-BRCA	9e66a2e2-2975-457e-a142-bd9a28939957	released	3628bc49-6968-47a8-96e4-e47421a7152a_star__counts	https://github.com/NCI-GDC/gdc-rnaseq-cwl/blob/5d8c131bbff59fb0c969217fc1d44e6d1503cd1f/rnaseq-star-align/star2pass.rnaseq_harmonization.cwl	STAR - Counts	5d8c131bbff59fb0c969217fc1d44e6d1503cd1f	Primary Tumor	NA	TCGA-C8-A12K	TCGA-C8-A12K-01A
f0107961-a5e1-46ec-b232-a47f0049bc5f	TSV	TCGA-AR-A24O-01A-11R-A169-07	open	a2744918-6659-412c-a5e3-a02b9712890e.rna_seq.augmented_star_gene_counts.tsv	3b866a33-4cf6-4d26-95f1-ef03b7700374	Transcriptome Profiling	gene_expression	Illumina	4251206	2021-12-13T21:53:32.589610-06:00	fe1692235eb3ba5dc922e50326b30503	2024-07-30T09:33:02.836570-05:00	f0107961-a5e1-46ec-b232-a47f0049bc5f	Gene Expression Quantification	released	RNA-Seq	1	32.0 - 46.0	TCGA-BRCA	986e0a95-4a1e-427f-8f55-117a9d319faa	released	a2744918-6659-412c-a5e3-a02b9712890e_star__counts	https://github.com/NCI-GDC/gdc-rnaseq-cwl/blob/5d8c131bbff59fb0c969217fc1d44e6d1503cd1f/rnaseq-star-align/star2pass.rnaseq_harmonization.cwl	STAR - Counts	5d8c131bbff59fb0c969217fc1d44e6d1503cd1f	Primary Tumor	NA	TCGA-AR-A24O	TCGA-AR-A24O-01A
2d5b0962-b5c4-4482-9f28-47e4dcdb6df6	TSV	TCGA-5L-AAT1-01A-12R-A41B-07	open	602e3d24-a45d-4fe4-9b70-a679d93f470d.rna_seq.augmented_star_gene_counts.tsv	40157473-bfa9-402b-944a-07d0968d3346	Transcriptome Profiling	gene_expression	Illumina	4221019	2021-12-13T22:33:25.705276-06:00	e55f74a99e6c797b03ecd3fdb43bc27a	2024-07-30T09:24:36.429931-05:00	2d5b0962-b5c4-4482-9f28-47e4dcdb6df6	Gene Expression Quantification	released	RNA-Seq	1	32.0 - 46.0	TCGA-BRCA	0ce78f05-c581-4513-b65f-180d64a8bff0	released	602e3d24-a45d-4fe4-9b70-a679d93f470d_star__counts	https://github.com/NCI-GDC/gdc-rnaseq-cwl/blob/5d8c131bbff59fb0c969217fc1d44e6d1503cd1f/rnaseq-star-align/star2pass.rnaseq_harmonization.cwl	STAR - Counts	5d8c131bbff59fb0c969217fc1d44e6d1503cd1f	Primary Tumor	NA	TCGA-5L-AAT1	TCGA-5L-AAT1-01A
45584684-6082-422f-abe5-ef918f8ee77a	TSV	TCGA-A8-A06T-01A-11R-A00Z-07	open	44beea06-28a7-490a-b6bb-4e023230e51c.rna_seq.augmented_star_gene_counts.tsv	4dbf7f8f-0c08-4b94-86f5-94ecd7d73fd4	Transcriptome Profiling	gene_expression	Illumina	4252972	2021-12-13T22:10:00.665843-06:00	0e49970857c401cd32d811c27b8bff70	2024-07-30T09:39:50.563427-05:00	45584684-6082-422f-abe5-ef918f8ee77a	Gene Expression Quantification	released	RNA-Seq	1	32.0 - 46.0	TCGA-BRCA	04a6e8d5-db87-4032-a3a8-3531bb3d885b	released	44beea06-28a7-490a-b6bb-4e023230e51c_star__counts	https://github.com/NCI-GDC/gdc-rnaseq-cwl/blob/5d8c131bbff59fb0c969217fc1d44e6d1503cd1f/rnaseq-star-align/star2pass.rnaseq_harmonization.cwl	STAR - Counts	5d8c131bbff59fb0c969217fc1d44e6d1503cd1f	Primary Tumor	NA	TCGA-A8-A06T	TCGA-A8-A06T-01A
068841a8-af6a-4925-bad0-586005f59521	TSV	TCGA-A8-A06U-01A-11R-A00Z-07	open	f09cc0c7-2896-479b-84db-401f14780092.rna_seq.augmented_star_gene_counts.tsv	cf20a317-8cd4-46bb-a41a-ff3484b93904	Transcriptome Profiling	gene_expression	Illumina	4238099	2021-12-13T21:49:58.762356-06:00	24e84b3f1e1c0eca38d049576cd53385	2024-07-30T09:56:37.569646-05:00	068841a8-af6a-4925-bad0-586005f59521	Gene Expression Quantification	released	RNA-Seq	1	32.0 - 46.0	TCGA-BRCA	f38307eb-c277-48fb-ad2a-cc10b0448e53	released	f09cc0c7-2896-479b-84db-401f14780092_star__counts	https://github.com/NCI-GDC/gdc-rnaseq-cwl/blob/5d8c131bbff59fb0c969217fc1d44e6d1503cd1f/rnaseq-star-align/star2pass.rnaseq_harmonization.cwl	STAR - Counts	5d8c131bbff59fb0c969217fc1d44e6d1503cd1f	Primary Tumor	NA	TCGA-A8-A06U	TCGA-A8-A06U-01A
7286a685-17ef-4ef5-9b7b-2696c6e7e1a6	TSV	TCGA-PL-A8LV-01A-21R-A41B-07	open	3572211c-0611-4d67-9e71-c5a8f704bd1f.rna_seq.augmented_star_gene_counts.tsv	4a83ecea-8c9c-4c2b-a753-f2479410dfef	Transcriptome Profiling	gene_expression	Illumina	4240106	2021-12-13T22:33:53.775781-06:00	24f2aa8e80fb2cdae453f315f388cc09	2024-07-30T09:25:36.435195-05:00	7286a685-17ef-4ef5-9b7b-2696c6e7e1a6	Gene Expression Quantification	released	RNA-Seq	1	32.0 - 46.0	TCGA-BRCA	d818e0d0-6685-4b7c-9575-d7f777f8943f	released	3572211c-0611-4d67-9e71-c5a8f704bd1f_star__counts	https://github.com/NCI-GDC/gdc-rnaseq-cwl/blob/5d8c131bbff59fb0c969217fc1d44e6d1503cd1f/rnaseq-star-align/star2pass.rnaseq_harmonization.cwl	STAR - Counts	5d8c131bbff59fb0c969217fc1d44e6d1503cd1f	Primary Tumor	NA	TCGA-PL-A8LV	TCGA-PL-A8LV-01A
4bb6eb79-4256-4b19-b158-883da969a582	TSV	TCGA-AR-A0U0-01A-11R-A109-07	open	90950125-1b6b-499d-97e2-5d6b78b3e6fe.rna_seq.augmented_star_gene_counts.tsv	e553e532-072e-48b9-884c-3655f6384fb9	Transcriptome Profiling	gene_expression	Illumina	4238048	2021-12-13T21:46:53.496603-06:00	ca15f07112ba0bc6a04aca3698f161a2	2024-07-30T09:58:10.897145-05:00	4bb6eb79-4256-4b19-b158-883da969a582	Gene Expression Quantification	released	RNA-Seq	1	32.0 - 46.0	TCGA-BRCA	967a6cf7-30e6-430e-bfad-723f5038cb48	released	90950125-1b6b-499d-97e2-5d6b78b3e6fe_star__counts	https://github.com/NCI-GDC/gdc-rnaseq-cwl/blob/5d8c131bbff59fb0c969217fc1d44e6d1503cd1f/rnaseq-star-align/star2pass.rnaseq_harmonization.cwl	STAR - Counts	5d8c131bbff59fb0c969217fc1d44e6d1503cd1f	Primary Tumor	NA	TCGA-AR-A0U0	TCGA-AR-A0U0-01A
67d73608-5dfb-41c1-85d3-52f1eba7daa2	TSV	TCGA-AO-A1KQ-01A-11R-A13Q-07	open	c33e4a5e-f54e-48e0-bcbf-4e019e63a352.rna_seq.augmented_star_gene_counts.tsv	f66d14e7-e94d-4fcf-bd98-80f8e1ccebc5	Transcriptome Profiling	gene_expression	Illumina	4236158	2021-12-13T22:18:02.306783-06:00	60e003b349f65f3ab2fcfd4ab33520d2	2024-07-30T09:18:49.437973-05:00	67d73608-5dfb-41c1-85d3-52f1eba7daa2	Gene Expression Quantification	released	RNA-Seq	1	32.0 - 46.0	TCGA-BRCA	9848ca1a-ce41-4427-bcd5-354989b898be	released	c33e4a5e-f54e-48e0-bcbf-4e019e63a352_star__counts	https://github.com/NCI-GDC/gdc-rnaseq-cwl/blob/5d8c131bbff59fb0c969217fc1d44e6d1503cd1f/rnaseq-star-align/star2pass.rnaseq_harmonization.cwl	STAR - Counts	5d8c131bbff59fb0c969217fc1d44e6d1503cd1f	Primary Tumor	NA	TCGA-AO-A1KQ	TCGA-AO-A1KQ-01A
58037e4a-a82f-42a9-84a1-715966343bd4	TSV	TCGA-E9-A1R2-01A-11R-A14D-07	open	2b67c3b5-330e-41e4-95cf-028d37fe91e1.rna_seq.augmented_star_gene_counts.tsv	738f49d5-a061-4887-9e5f-cbccfb802cc5	Transcriptome Profiling	gene_expression	Illumina	4240456	2021-12-13T22:18:54.993407-06:00	0e87faa1ca64c661f5a259893623f9e3	2024-07-30T09:30:02.745995-05:00	58037e4a-a82f-42a9-84a1-715966343bd4	Gene Expression Quantification	released	RNA-Seq	1	32.0 - 46.0	TCGA-BRCA	5e06af22-94d2-4c2d-8edc-d522a205ae6a	released	2b67c3b5-330e-41e4-95cf-028d37fe91e1_star__counts	https://github.com/NCI-GDC/gdc-rnaseq-cwl/blob/5d8c131bbff59fb0c969217fc1d44e6d1503cd1f/rnaseq-star-align/star2pass.rnaseq_harmonization.cwl	STAR - Counts	5d8c131bbff59fb0c969217fc1d44e6d1503cd1f	Primary Tumor	NA	TCGA-E9-A1R2	TCGA-E9-A1R2-01A
836f61df-2b3d-4e1f-abcc-37734091b746	TSV	TCGA-BH-A18L-01A-32R-A12D-07	open	815b70e5-858d-416d-94aa-6749960883ce.rna_seq.augmented_star_gene_counts.tsv	9cdae80d-3cc2-4d5f-8229-afff7e063f69	Transcriptome Profiling	gene_expression	Illumina	4241117	2021-12-13T21:48:17.951729-06:00	e0908c4e8ffac4b7a18ab83c36578225	2024-07-30T09:20:13.780955-05:00	836f61df-2b3d-4e1f-abcc-37734091b746	Gene Expression Quantification	released	RNA-Seq	1	32.0 - 46.0	TCGA-BRCA	9860a97b-ec5d-435c-9b9e-360c576dd915	released	815b70e5-858d-416d-94aa-6749960883ce_star__counts	https://github.com/NCI-GDC/gdc-rnaseq-cwl/blob/5d8c131bbff59fb0c969217fc1d44e6d1503cd1f/rnaseq-star-align/star2pass.rnaseq_harmonization.cwl	STAR - Counts	5d8c131bbff59fb0c969217fc1d44e6d1503cd1f	Primary Tumor	NA	TCGA-BH-A18L	TCGA-BH-A18L-01A
54a6b5bc-f788-4bea-b92c-e4dc9c71d99e	TSV	TCGA-E2-A1IG-01A-11R-A144-07	open	b58811d7-8ee0-4b65-a892-17319cc9ecaf.rna_seq.augmented_star_gene_counts.tsv	3ffc87a5-33f1-4451-9cfd-45471f2bf496	Transcriptome Profiling	gene_expression	Illumina	4239697	2021-12-13T22:24:49.244493-06:00	9b183dfacccf4aeb11e3b9ad43e2ecb7	2024-07-30T10:06:38.673996-05:00	54a6b5bc-f788-4bea-b92c-e4dc9c71d99e	Gene Expression Quantification	released	RNA-Seq	1	32.0 - 46.0	TCGA-BRCA	984f1317-83db-488e-987a-9dea4b2360a8	released	b58811d7-8ee0-4b65-a892-17319cc9ecaf_star__counts	https://github.com/NCI-GDC/gdc-rnaseq-cwl/blob/5d8c131bbff59fb0c969217fc1d44e6d1503cd1f/rnaseq-star-align/star2pass.rnaseq_harmonization.cwl	STAR - Counts	5d8c131bbff59fb0c969217fc1d44e6d1503cd1f	Primary Tumor	NA	TCGA-E2-A1IG	TCGA-E2-A1IG-01A
0877bc64-fbf4-427f-a889-21a4a9102600	TSV	TCGA-D8-A1XV-01A-11R-A14M-07	open	13cc2a80-d6fe-49ff-9868-c9eac6df3c5e.rna_seq.augmented_star_gene_counts.tsv	52d4d039-5ebc-4f18-9c3c-c40ae0996445	Transcriptome Profiling	gene_expression	Illumina	4223933	2021-12-13T22:22:26.814905-06:00	f2ec56a32acb013c5ceb714b8ddd3ed6	2024-07-30T09:43:47.771338-05:00	0877bc64-fbf4-427f-a889-21a4a9102600	Gene Expression Quantification	released	RNA-Seq	1	32.0 - 46.0	TCGA-BRCA	c57aed9b-ed3c-4152-a1bb-75bd2f699096	released	13cc2a80-d6fe-49ff-9868-c9eac6df3c5e_star__counts	https://github.com/NCI-GDC/gdc-rnaseq-cwl/blob/5d8c131bbff59fb0c969217fc1d44e6d1503cd1f/rnaseq-star-align/star2pass.rnaseq_harmonization.cwl	STAR - Counts	5d8c131bbff59fb0c969217fc1d44e6d1503cd1f	Primary Tumor	NA	TCGA-D8-A1XV	TCGA-D8-A1XV-01A
0437af11-bb89-4901-9764-bb410c2e94c5	TSV	TCGA-BH-A1FD-01A-11R-A13Q-07	open	5a61d29b-5ae6-41b6-8842-865463f72990.rna_seq.augmented_star_gene_counts.tsv	866f21a5-d30f-45ad-a1b4-a0beca90113c	Transcriptome Profiling	gene_expression	Illumina	4246686	2021-12-13T22:10:32.672414-06:00	99139f15a19876a3be51353113b92e77	2024-07-30T09:18:22.370345-05:00	0437af11-bb89-4901-9764-bb410c2e94c5	Gene Expression Quantification	released	RNA-Seq	1	32.0 - 46.0	TCGA-BRCA	72cd4745-e9a8-4f32-afc5-76d7b61c2f37	released	5a61d29b-5ae6-41b6-8842-865463f72990_star__counts	https://github.com/NCI-GDC/gdc-rnaseq-cwl/blob/5d8c131bbff59fb0c969217fc1d44e6d1503cd1f/rnaseq-star-align/star2pass.rnaseq_harmonization.cwl	STAR - Counts	5d8c131bbff59fb0c969217fc1d44e6d1503cd1f	Primary Tumor	NA	TCGA-BH-A1FD	TCGA-BH-A1FD-01A
b8c05229-16e4-4888-9f44-556c5570a4af	TSV	TCGA-AR-A2LM-01A-11R-A180-07	open	1a3dcc95-64bf-4886-9807-9511b24f30af.rna_seq.augmented_star_gene_counts.tsv	70cb196d-c4f2-4ace-972f-114e9b7bace9	Transcriptome Profiling	gene_expression	Illumina	4256753	2021-12-13T22:29:32.063171-06:00	9eb9f6d5e59178f5a0499d5e247f958d	2024-07-30T09:21:29.225979-05:00	b8c05229-16e4-4888-9f44-556c5570a4af	Gene Expression Quantification	released	RNA-Seq	1	32.0 - 46.0	TCGA-BRCA	e6f3eb28-e529-4fb0-809a-94372f44e482	released	1a3dcc95-64bf-4886-9807-9511b24f30af_star__counts	https://github.com/NCI-GDC/gdc-rnaseq-cwl/blob/5d8c131bbff59fb0c969217fc1d44e6d1503cd1f/rnaseq-star-align/star2pass.rnaseq_harmonization.cwl	STAR - Counts	5d8c131bbff59fb0c969217fc1d44e6d1503cd1f	Primary Tumor	NA	TCGA-AR-A2LM	TCGA-AR-A2LM-01A
e3a49d98-c7d6-45a1-a8cb-33bab31186c2	TSV	TCGA-D8-A27R-01A-11R-A16F-07	open	93f8d395-2512-41fc-992e-236b706dd281.rna_seq.augmented_star_gene_counts.tsv	e233f452-3ed9-4c4e-a810-2224142fa1c2	Transcriptome Profiling	gene_expression	Illumina	4253184	2021-12-13T22:13:11.555558-06:00	502686ff76a8a589a9853beccce44b21	2024-07-30T09:50:38.187411-05:00	e3a49d98-c7d6-45a1-a8cb-33bab31186c2	Gene Expression Quantification	released	RNA-Seq	1	32.0 - 46.0	TCGA-BRCA	c821258e-d4b3-4ca2-bcb5-d590b78a825c	released	93f8d395-2512-41fc-992e-236b706dd281_star__counts	https://github.com/NCI-GDC/gdc-rnaseq-cwl/blob/5d8c131bbff59fb0c969217fc1d44e6d1503cd1f/rnaseq-star-align/star2pass.rnaseq_harmonization.cwl	STAR - Counts	5d8c131bbff59fb0c969217fc1d44e6d1503cd1f	Primary Tumor	NA	TCGA-D8-A27R	TCGA-D8-A27R-01A
bbe70939-24be-4397-a125-510cad51337c	TSV	TCGA-A8-A07S-01A-11R-A034-07	open	870c128f-49d0-462a-8970-5175e791096b.rna_seq.augmented_star_gene_counts.tsv	1e1ab3f8-f06d-45e5-a6a3-feaedc932255	Transcriptome Profiling	gene_expression	Illumina	4241333	2021-12-13T21:44:31.645920-06:00	43125dbaf6708320c8313f1328f75ea0	2024-07-30T09:52:20.959227-05:00	bbe70939-24be-4397-a125-510cad51337c	Gene Expression Quantification	released	RNA-Seq	1	32.0 - 46.0	TCGA-BRCA	f532b41a-7bbc-438e-8d54-018dc2e4b82a	released	870c128f-49d0-462a-8970-5175e791096b_star__counts	https://github.com/NCI-GDC/gdc-rnaseq-cwl/blob/5d8c131bbff59fb0c969217fc1d44e6d1503cd1f/rnaseq-star-align/star2pass.rnaseq_harmonization.cwl	STAR - Counts	5d8c131bbff59fb0c969217fc1d44e6d1503cd1f	Primary Tumor	NA	TCGA-A8-A07S	TCGA-A8-A07S-01A
da2cff7a-9b9d-4ae8-aa49-d717a77906e1	TSV	TCGA-A2-A0CO-01A-13R-A22K-07	open	834c833a-1e2d-48b6-87d5-e19bf2db6e1a.rna_seq.augmented_star_gene_counts.tsv	4daa166c-4760-4204-adf8-0d3771887e53	Transcriptome Profiling	gene_expression	Illumina	4248853	2021-12-13T22:05:51.155512-06:00	bcd8211b0832bff99cd110269fb215bd	2024-07-30T09:37:56.148732-05:00	da2cff7a-9b9d-4ae8-aa49-d717a77906e1	Gene Expression Quantification	released	RNA-Seq	1	32.0 - 46.0	TCGA-BRCA	5ac88156-375f-42d5-928b-3dea1af4a36d	released	834c833a-1e2d-48b6-87d5-e19bf2db6e1a_star__counts	https://github.com/NCI-GDC/gdc-rnaseq-cwl/blob/5d8c131bbff59fb0c969217fc1d44e6d1503cd1f/rnaseq-star-align/star2pass.rnaseq_harmonization.cwl	STAR - Counts	5d8c131bbff59fb0c969217fc1d44e6d1503cd1f	Primary Tumor	NA	TCGA-A2-A0CO	TCGA-A2-A0CO-01A
0e56b380-a3d6-4e81-8299-9f8a62330d7b	TSV	TCGA-BH-A0DI-01A-21R-A12P-07	open	f13d5df0-7293-4453-942f-2b49a3d33057.rna_seq.augmented_star_gene_counts.tsv	e439deda-6336-4978-9149-645198dc8b64	Transcriptome Profiling	gene_expression	Illumina	4240992	2021-12-13T22:42:19.613087-06:00	59158a70e6c542b0fa84cde9f815395d	2024-07-30T09:43:01.385419-05:00	0e56b380-a3d6-4e81-8299-9f8a62330d7b	Gene Expression Quantification	released	RNA-Seq	1	32.0 - 46.0	TCGA-BRCA	ca2e3405-7d97-42e8-8825-e010a51cb5a7	released	f13d5df0-7293-4453-942f-2b49a3d33057_star__counts	https://github.com/NCI-GDC/gdc-rnaseq-cwl/blob/5d8c131bbff59fb0c969217fc1d44e6d1503cd1f/rnaseq-star-align/star2pass.rnaseq_harmonization.cwl	STAR - Counts	5d8c131bbff59fb0c969217fc1d44e6d1503cd1f	Primary Tumor	NA	TCGA-BH-A0DI	TCGA-BH-A0DI-01A
17b87e41-8f42-48d8-90f8-d2c9b8553481	TSV	TCGA-BH-A0BS-01A-11R-A12P-07	open	b35809ed-747b-46b9-9921-e14d859e5b5d.rna_seq.augmented_star_gene_counts.tsv	2ee5953a-c4dc-494e-80d6-634240bdac52	Transcriptome Profiling	gene_expression	Illumina	4236157	2021-12-13T22:33:56.796608-06:00	9ac50e58e8b845430e983100d0902c56	2024-07-30T09:25:58.001262-05:00	17b87e41-8f42-48d8-90f8-d2c9b8553481	Gene Expression Quantification	released	RNA-Seq	1	32.0 - 46.0	TCGA-BRCA	3c1b6b0c-2bf7-42ec-8825-a90d83f47890	released	b35809ed-747b-46b9-9921-e14d859e5b5d_star__counts	https://github.com/NCI-GDC/gdc-rnaseq-cwl/blob/5d8c131bbff59fb0c969217fc1d44e6d1503cd1f/rnaseq-star-align/star2pass.rnaseq_harmonization.cwl	STAR - Counts	5d8c131bbff59fb0c969217fc1d44e6d1503cd1f	Primary Tumor	NA	TCGA-BH-A0BS	TCGA-BH-A0BS-01A
a6f96d96-c761-4e98-9120-25138aa43e67	TSV	TCGA-E2-A15R-01A-11R-A115-07	open	d0dc0f54-e23f-40fb-a0ac-56fbd55108f0.rna_seq.augmented_star_gene_counts.tsv	fdf247ed-b372-4898-9c28-b1d4be2dd8fe	Transcriptome Profiling	gene_expression	Illumina	4254685	2021-12-13T22:42:42.210216-06:00	4c6b7951e611a48e3b37f303d5c2f5f3	2024-07-30T10:02:51.660764-05:00	a6f96d96-c761-4e98-9120-25138aa43e67	Gene Expression Quantification	released	RNA-Seq	1	32.0 - 46.0	TCGA-BRCA	257d90e7-0dd8-4acc-835a-bf80e669f4e4	released	d0dc0f54-e23f-40fb-a0ac-56fbd55108f0_star__counts	https://github.com/NCI-GDC/gdc-rnaseq-cwl/blob/5d8c131bbff59fb0c969217fc1d44e6d1503cd1f/rnaseq-star-align/star2pass.rnaseq_harmonization.cwl	STAR - Counts	5d8c131bbff59fb0c969217fc1d44e6d1503cd1f	Primary Tumor	NA	TCGA-E2-A15R	TCGA-E2-A15R-01A
65582670-1c71-4606-91b5-a886144fdfa6	TSV	TCGA-E9-A1NA-11A-33R-A144-07	open	5c4f28b0-b83c-4b52-8545-2f26c9d0734f.rna_seq.augmented_star_gene_counts.tsv	cde0733e-a7f0-4666-946c-6378d8a4ffc5	Transcriptome Profiling	gene_expression	Illumina	4245638	2021-12-13T21:55:02.403382-06:00	a5ddbc5ddfb0a2bd4c461862b6a145a4	2024-07-30T09:38:08.620755-05:00	65582670-1c71-4606-91b5-a886144fdfa6	Gene Expression Quantification	released	RNA-Seq	1	32.0 - 46.0	TCGA-BRCA	f1d18d1b-c5ff-4263-bdc8-a22dbe22f656	released	5c4f28b0-b83c-4b52-8545-2f26c9d0734f_star__counts	https://github.com/NCI-GDC/gdc-rnaseq-cwl/blob/5d8c131bbff59fb0c969217fc1d44e6d1503cd1f/rnaseq-star-align/star2pass.rnaseq_harmonization.cwl	STAR - Counts	5d8c131bbff59fb0c969217fc1d44e6d1503cd1f	Solid Tissue Normal	NA	TCGA-E9-A1NA	TCGA-E9-A1NA-11A
ea4c3031-5f48-4048-90ff-a525271cfebc	TSV	TCGA-BH-A0W5-01A-11R-A109-07	open	671bc03b-e3a8-45f6-88e4-ce138c716886.rna_seq.augmented_star_gene_counts.tsv	5267da1c-84e8-47f6-937f-b1e72b0e1501	Transcriptome Profiling	gene_expression	Illumina	4255496	2021-12-13T22:42:09.274475-06:00	72b09638fad0abd38a796bfbcccdad83	2024-07-30T09:23:07.685393-05:00	ea4c3031-5f48-4048-90ff-a525271cfebc	Gene Expression Quantification	released	RNA-Seq	1	32.0 - 46.0	TCGA-BRCA	8ab67662-3efa-4d69-b3e0-6860f478d69a	released	671bc03b-e3a8-45f6-88e4-ce138c716886_star__counts	https://github.com/NCI-GDC/gdc-rnaseq-cwl/blob/5d8c131bbff59fb0c969217fc1d44e6d1503cd1f/rnaseq-star-align/star2pass.rnaseq_harmonization.cwl	STAR - Counts	5d8c131bbff59fb0c969217fc1d44e6d1503cd1f	Primary Tumor	NA	TCGA-BH-A0W5	TCGA-BH-A0W5-01A
e3e859ed-2cc7-4842-a9dd-72938cd2170c	TSV	TCGA-AR-A24T-01A-11R-A169-07	open	a1ba2be6-2ba6-4be5-9cc8-6db7950601c9.rna_seq.augmented_star_gene_counts.tsv	dc1c5927-ef8b-465a-b008-fc8ae1191b39	Transcriptome Profiling	gene_expression	Illumina	4248313	2021-12-13T21:58:17.064843-06:00	22cf7258784bbe402ae4589d797d1fd8	2024-07-30T09:29:22.733628-05:00	e3e859ed-2cc7-4842-a9dd-72938cd2170c	Gene Expression Quantification	released	RNA-Seq	1	32.0 - 46.0	TCGA-BRCA	7554e3af-1548-4259-9e30-c6ddd92b847f	released	a1ba2be6-2ba6-4be5-9cc8-6db7950601c9_star__counts	https://github.com/NCI-GDC/gdc-rnaseq-cwl/blob/5d8c131bbff59fb0c969217fc1d44e6d1503cd1f/rnaseq-star-align/star2pass.rnaseq_harmonization.cwl	STAR - Counts	5d8c131bbff59fb0c969217fc1d44e6d1503cd1f	Primary Tumor	NA	TCGA-AR-A24T	TCGA-AR-A24T-01A
0e0df72c-33c0-4e4f-939c-a4d45a6e1ea3	TSV	TCGA-A1-A0SB-01A-11R-A144-07	open	36125e17-48fd-4eea-874c-ed2e2e218402.rna_seq.augmented_star_gene_counts.tsv	31af9635-125f-43a8-a373-7008f0ea0fed	Transcriptome Profiling	gene_expression	Illumina	4238809	2021-12-13T22:37:37.614519-06:00	45b96ac6c7a4f1fe0d20373d77d6bb8a	2024-07-30T10:04:35.878442-05:00	0e0df72c-33c0-4e4f-939c-a4d45a6e1ea3	Gene Expression Quantification	released	RNA-Seq	1	32.0 - 46.0	TCGA-BRCA	863c0b94-2b23-4dda-ba8e-76cfc68e5ee0	released	36125e17-48fd-4eea-874c-ed2e2e218402_star__counts	https://github.com/NCI-GDC/gdc-rnaseq-cwl/blob/5d8c131bbff59fb0c969217fc1d44e6d1503cd1f/rnaseq-star-align/star2pass.rnaseq_harmonization.cwl	STAR - Counts	5d8c131bbff59fb0c969217fc1d44e6d1503cd1f	Primary Tumor	NA	TCGA-A1-A0SB	TCGA-A1-A0SB-01A
cd002ab8-a52b-4d20-9089-11b3e1dbaeb7	TSV	TCGA-E2-A572-01A-13R-A31O-07	open	597c71b0-5c49-409d-84ff-cc31b185c620.rna_seq.augmented_star_gene_counts.tsv	9699b234-621f-4963-bc43-162b9c070b5e	Transcriptome Profiling	gene_expression	Illumina	4224554	2021-12-13T22:31:01.217141-06:00	e63c2f199aff5e2e52cfc489387aafc1	2024-07-30T09:20:38.626614-05:00	cd002ab8-a52b-4d20-9089-11b3e1dbaeb7	Gene Expression Quantification	released	RNA-Seq	1	32.0 - 46.0	TCGA-BRCA	e23f7b4c-6fe6-4ace-a09e-7c6bdb92052a	released	597c71b0-5c49-409d-84ff-cc31b185c620_star__counts	https://github.com/NCI-GDC/gdc-rnaseq-cwl/blob/5d8c131bbff59fb0c969217fc1d44e6d1503cd1f/rnaseq-star-align/star2pass.rnaseq_harmonization.cwl	STAR - Counts	5d8c131bbff59fb0c969217fc1d44e6d1503cd1f	Primary Tumor	NA	TCGA-E2-A572	TCGA-E2-A572-01A
e64c5a32-13c4-495e-ab4c-b5000332c09d	TSV	TCGA-OL-A66K-01A-11R-A29R-07	open	dede0990-1733-4473-bc48-78605f16834c.rna_seq.augmented_star_gene_counts.tsv	d8b5d665-4cce-4b1a-bcd1-81a556ba7032	Transcriptome Profiling	gene_expression	Illumina	4244870	2021-12-13T22:07:56.366485-06:00	290b75b3909378228bb4e8cd830559d3	2024-07-30T09:49:28.295248-05:00	e64c5a32-13c4-495e-ab4c-b5000332c09d	Gene Expression Quantification	released	RNA-Seq	1	32.0 - 46.0	TCGA-BRCA	2654731e-0478-47d4-913a-ca8813a050a5	released	dede0990-1733-4473-bc48-78605f16834c_star__counts	https://github.com/NCI-GDC/gdc-rnaseq-cwl/blob/5d8c131bbff59fb0c969217fc1d44e6d1503cd1f/rnaseq-star-align/star2pass.rnaseq_harmonization.cwl	STAR - Counts	5d8c131bbff59fb0c969217fc1d44e6d1503cd1f	Primary Tumor	NA	TCGA-OL-A66K	TCGA-OL-A66K-01A
d52eff00-a7b7-42f0-82fe-ec4c054b1dd9	TSV	TCGA-A8-A0A2-01A-11R-A034-07	open	56f92378-3707-489e-b4bc-6f7485122484.rna_seq.augmented_star_gene_counts.tsv	bae5bf72-734f-4814-82e3-3d3a07249d6e	Transcriptome Profiling	gene_expression	Illumina	4255249	2021-12-13T21:50:37.310425-06:00	d2e7ee9d555e4e47e152f1acd1b506a3	2024-07-30T09:47:36.054429-05:00	d52eff00-a7b7-42f0-82fe-ec4c054b1dd9	Gene Expression Quantification	released	RNA-Seq	1	32.0 - 46.0	TCGA-BRCA	f80959b6-59c1-4d12-91fe-04baa2d67a98	released	56f92378-3707-489e-b4bc-6f7485122484_star__counts	https://github.com/NCI-GDC/gdc-rnaseq-cwl/blob/5d8c131bbff59fb0c969217fc1d44e6d1503cd1f/rnaseq-star-align/star2pass.rnaseq_harmonization.cwl	STAR - Counts	5d8c131bbff59fb0c969217fc1d44e6d1503cd1f	Primary Tumor	NA	TCGA-A8-A0A2	TCGA-A8-A0A2-01A
71ce6854-2231-48ad-ba1b-54bb4ec7d713	TSV	TCGA-C8-A12V-01A-11R-A115-07	open	c50bf088-8ad3-495c-b7b5-1eca9bb546ba.rna_seq.augmented_star_gene_counts.tsv	fe0f0295-0b00-4eef-af65-e29ea31d7072	Transcriptome Profiling	gene_expression	Illumina	4243394	2021-12-13T21:51:48.828722-06:00	eec3e72e22419d2e8aee420e22369430	2024-07-30T09:42:11.062129-05:00	71ce6854-2231-48ad-ba1b-54bb4ec7d713	Gene Expression Quantification	released	RNA-Seq	1	32.0 - 46.0	TCGA-BRCA	9bcfbd18-682a-41bb-9302-4b7f9f1a2742	released	c50bf088-8ad3-495c-b7b5-1eca9bb546ba_star__counts	https://github.com/NCI-GDC/gdc-rnaseq-cwl/blob/5d8c131bbff59fb0c969217fc1d44e6d1503cd1f/rnaseq-star-align/star2pass.rnaseq_harmonization.cwl	STAR - Counts	5d8c131bbff59fb0c969217fc1d44e6d1503cd1f	Primary Tumor	NA	TCGA-C8-A12V	TCGA-C8-A12V-01A
dc8b305a-6f43-410e-9ce6-96ac24827550	TSV	TCGA-A8-A095-01A-11R-A00Z-07	open	e7a1cdcf-ec99-44fd-a13b-604cf15b2bd4.rna_seq.augmented_star_gene_counts.tsv	cdb7ac12-393c-41bb-a6d9-743abe197d80	Transcriptome Profiling	gene_expression	Illumina	4247290	2021-12-13T22:01:45.374626-06:00	2782044b79cefc40a317fa7060cce252	2024-07-30T09:41:00.790048-05:00	dc8b305a-6f43-410e-9ce6-96ac24827550	Gene Expression Quantification	released	RNA-Seq	1	32.0 - 46.0	TCGA-BRCA	86922733-b282-49bc-8b2f-d7141741a70a	released	e7a1cdcf-ec99-44fd-a13b-604cf15b2bd4_star__counts	https://github.com/NCI-GDC/gdc-rnaseq-cwl/blob/5d8c131bbff59fb0c969217fc1d44e6d1503cd1f/rnaseq-star-align/star2pass.rnaseq_harmonization.cwl	STAR - Counts	5d8c131bbff59fb0c969217fc1d44e6d1503cd1f	Primary Tumor	NA	TCGA-A8-A095	TCGA-A8-A095-01A
eedfb6fb-3db6-4eae-8c6c-8b6722ae72b6	TSV	TCGA-BH-A1EN-01A-11R-A13Q-07	open	d504a28c-f8e7-4c5e-b01a-23b4cdd1dd8a.rna_seq.augmented_star_gene_counts.tsv	3cc07792-9216-43f1-b603-bac4db5b33cd	Transcriptome Profiling	gene_expression	Illumina	4233466	2021-12-13T22:14:03.761964-06:00	77f8d7d585e713708bdd0f3fb7220268	2024-07-30T09:45:30.679412-05:00	eedfb6fb-3db6-4eae-8c6c-8b6722ae72b6	Gene Expression Quantification	released	RNA-Seq	1	32.0 - 46.0	TCGA-BRCA	407d9cfb-41c3-4df4-a48d-1248bfd0b94b	released	d504a28c-f8e7-4c5e-b01a-23b4cdd1dd8a_star__counts	https://github.com/NCI-GDC/gdc-rnaseq-cwl/blob/5d8c131bbff59fb0c969217fc1d44e6d1503cd1f/rnaseq-star-align/star2pass.rnaseq_harmonization.cwl	STAR - Counts	5d8c131bbff59fb0c969217fc1d44e6d1503cd1f	Primary Tumor	NA	TCGA-BH-A1EN	TCGA-BH-A1EN-01A
1ab2be1b-4a61-480e-aa1b-eafab958f1f7	TSV	TCGA-BH-A0BW-01A-11R-A115-07	open	aeee03c3-20b3-4f96-b686-52111ce99a63.rna_seq.augmented_star_gene_counts.tsv	476f3aa8-91d7-47cf-b105-6ce9e541744d	Transcriptome Profiling	gene_expression	Illumina	4248247	2021-12-13T21:51:12.777891-06:00	59f7833753825e8bf3b0821a0a149e66	2024-07-30T09:41:22.919146-05:00	1ab2be1b-4a61-480e-aa1b-eafab958f1f7	Gene Expression Quantification	released	RNA-Seq	1	32.0 - 46.0	TCGA-BRCA	1f8c222b-79ad-452d-8233-07900b2e3eb2	released	aeee03c3-20b3-4f96-b686-52111ce99a63_star__counts	https://github.com/NCI-GDC/gdc-rnaseq-cwl/blob/5d8c131bbff59fb0c969217fc1d44e6d1503cd1f/rnaseq-star-align/star2pass.rnaseq_harmonization.cwl	STAR - Counts	5d8c131bbff59fb0c969217fc1d44e6d1503cd1f	Primary Tumor	NA	TCGA-BH-A0BW	TCGA-BH-A0BW-01A
e59d6b6e-1a01-4f3f-b298-06f2c6c7b111	TSV	TCGA-A2-A3XW-01A-11R-A239-07	open	f6ec2075-052d-4677-8423-378ae45593ba.rna_seq.augmented_star_gene_counts.tsv	11ec0bac-806e-4899-9205-e3d0007c7788	Transcriptome Profiling	gene_expression	Illumina	4244226	2021-12-13T22:40:10.270982-06:00	40d3409b401a93d1a693f82c6b81d56b	2024-07-30T09:59:48.022526-05:00	e59d6b6e-1a01-4f3f-b298-06f2c6c7b111	Gene Expression Quantification	released	RNA-Seq	1	32.0 - 46.0	TCGA-BRCA	fd9899dc-e2aa-4875-bee2-0bff8684f2da	released	f6ec2075-052d-4677-8423-378ae45593ba_star__counts	https://github.com/NCI-GDC/gdc-rnaseq-cwl/blob/5d8c131bbff59fb0c969217fc1d44e6d1503cd1f/rnaseq-star-align/star2pass.rnaseq_harmonization.cwl	STAR - Counts	5d8c131bbff59fb0c969217fc1d44e6d1503cd1f	Primary Tumor	NA	TCGA-A2-A3XW	TCGA-A2-A3XW-01A
7ff8696e-3809-4b96-9259-be654631d952	TSV	TCGA-B6-A0WT-01A-11R-A109-07	open	db01aba1-3a00-4bf9-9f24-8fba144144f3.rna_seq.augmented_star_gene_counts.tsv	aebe98ff-81c7-46b7-ac94-0c455053871e	Transcriptome Profiling	gene_expression	Illumina	4229193	2021-12-13T22:17:13.761902-06:00	1aa5c4f02df1ba2a160bd1c705f8658c	2024-07-30T09:26:53.931432-05:00	7ff8696e-3809-4b96-9259-be654631d952	Gene Expression Quantification	released	RNA-Seq	1	32.0 - 46.0	TCGA-BRCA	e388e3f8-33dc-4db3-ba94-e84ad2c510dc	released	db01aba1-3a00-4bf9-9f24-8fba144144f3_star__counts	https://github.com/NCI-GDC/gdc-rnaseq-cwl/blob/5d8c131bbff59fb0c969217fc1d44e6d1503cd1f/rnaseq-star-align/star2pass.rnaseq_harmonization.cwl	STAR - Counts	5d8c131bbff59fb0c969217fc1d44e6d1503cd1f	Primary Tumor	NA	TCGA-B6-A0WT	TCGA-B6-A0WT-01A
d9b6b523-00de-4638-a3f3-8de841fb7183	TSV	TCGA-BH-A1FB-01A-11R-A13Q-07	open	39a75bde-24a0-4d26-8377-df045423f786.rna_seq.augmented_star_gene_counts.tsv	abd1d916-2de4-4d4d-b693-5e692ba66b14	Transcriptome Profiling	gene_expression	Illumina	4259884	2021-12-13T21:57:26.202539-06:00	65006e52dcffc837e85032ae33432f83	2024-07-30T09:35:17.487466-05:00	d9b6b523-00de-4638-a3f3-8de841fb7183	Gene Expression Quantification	released	RNA-Seq	1	32.0 - 46.0	TCGA-BRCA	e3bf2b13-f2bc-467d-9f8b-ae95ec83258c	released	39a75bde-24a0-4d26-8377-df045423f786_star__counts	https://github.com/NCI-GDC/gdc-rnaseq-cwl/blob/5d8c131bbff59fb0c969217fc1d44e6d1503cd1f/rnaseq-star-align/star2pass.rnaseq_harmonization.cwl	STAR - Counts	5d8c131bbff59fb0c969217fc1d44e6d1503cd1f	Primary Tumor	NA	TCGA-BH-A1FB	TCGA-BH-A1FB-01A
62c0cac5-05eb-46ea-b165-a2e9e342a259	TSV	TCGA-EW-A1PC-01B-11R-A21T-07	open	d702ead2-f1df-43e1-b1a4-c506902b14df.rna_seq.augmented_star_gene_counts.tsv	5aa5ade5-a157-4ca2-98ad-891dc6ed6b96	Transcriptome Profiling	gene_expression	Illumina	4257631	2021-12-13T22:32:39.712209-06:00	b8961e0d9b259472a0ce5463d3ae47c1	2024-07-30T09:32:48.311646-05:00	62c0cac5-05eb-46ea-b165-a2e9e342a259	Gene Expression Quantification	released	RNA-Seq	1	32.0 - 46.0	TCGA-BRCA	f5ffba41-3910-4344-8597-6f557b4434e1	released	d702ead2-f1df-43e1-b1a4-c506902b14df_star__counts	https://github.com/NCI-GDC/gdc-rnaseq-cwl/blob/5d8c131bbff59fb0c969217fc1d44e6d1503cd1f/rnaseq-star-align/star2pass.rnaseq_harmonization.cwl	STAR - Counts	5d8c131bbff59fb0c969217fc1d44e6d1503cd1f	Primary Tumor	NA	TCGA-EW-A1PC	TCGA-EW-A1PC-01B
3ce988e2-61c5-4f53-b9c8-cfc280649c1f	TSV	TCGA-BH-A1F8-01A-11R-A13Q-07	open	8d2f240f-43c3-4e0d-a6cc-79f6b174dace.rna_seq.augmented_star_gene_counts.tsv	415920ba-141b-49a9-aef5-5364d3e9fdf9	Transcriptome Profiling	gene_expression	Illumina	4246409	2021-12-13T22:00:56.004895-06:00	baeed408238645d8c71ef319050fd06d	2024-07-30T09:49:48.765269-05:00	3ce988e2-61c5-4f53-b9c8-cfc280649c1f	Gene Expression Quantification	released	RNA-Seq	1	32.0 - 46.0	TCGA-BRCA	689e882f-95c8-422b-9e14-54026dd4b82a	released	8d2f240f-43c3-4e0d-a6cc-79f6b174dace_star__counts	https://github.com/NCI-GDC/gdc-rnaseq-cwl/blob/5d8c131bbff59fb0c969217fc1d44e6d1503cd1f/rnaseq-star-align/star2pass.rnaseq_harmonization.cwl	STAR - Counts	5d8c131bbff59fb0c969217fc1d44e6d1503cd1f	Primary Tumor	NA	TCGA-BH-A1F8	TCGA-BH-A1F8-01A
80902247-a485-4374-836b-4b67db4c4981	TSV	TCGA-D8-A1Y3-01A-11R-A157-07	open	2e41a573-7a9d-4f96-873f-48aa12b3ab96.rna_seq.augmented_star_gene_counts.tsv	486c2e9c-147b-49f7-bb57-a2a457bf54d9	Transcriptome Profiling	gene_expression	Illumina	4237655	2021-12-13T22:07:22.728533-06:00	e51751a6d18ff9f79fc3a81732e851a4	2024-07-30T10:02:23.264889-05:00	80902247-a485-4374-836b-4b67db4c4981	Gene Expression Quantification	released	RNA-Seq	1	32.0 - 46.0	TCGA-BRCA	9d30f3c1-9ca1-4e59-837b-2df7fc9cbbb7	released	2e41a573-7a9d-4f96-873f-48aa12b3ab96_star__counts	https://github.com/NCI-GDC/gdc-rnaseq-cwl/blob/5d8c131bbff59fb0c969217fc1d44e6d1503cd1f/rnaseq-star-align/star2pass.rnaseq_harmonization.cwl	STAR - Counts	5d8c131bbff59fb0c969217fc1d44e6d1503cd1f	Primary Tumor	NA	TCGA-D8-A1Y3	TCGA-D8-A1Y3-01A
12c6b269-434e-4a18-aa93-844bc9c5eb4d	TSV	TCGA-BH-A0HL-01A-11R-A10U-07	open	947967e5-9255-49e1-886b-3dd81909a9da.rna_seq.augmented_star_gene_counts.tsv	8373e3d1-2ada-42d9-9acf-5c0046ec15ac	Transcriptome Profiling	gene_expression	Illumina	4247032	2021-12-13T22:26:02.408586-06:00	e8e608183ae77edb68b4daf905f542e0	2024-07-30T09:27:51.865464-05:00	12c6b269-434e-4a18-aa93-844bc9c5eb4d	Gene Expression Quantification	released	RNA-Seq	1	32.0 - 46.0	TCGA-BRCA	7ee221ec-cfe0-453f-91ab-0a5c0dc9589d	released	947967e5-9255-49e1-886b-3dd81909a9da_star__counts	https://github.com/NCI-GDC/gdc-rnaseq-cwl/blob/5d8c131bbff59fb0c969217fc1d44e6d1503cd1f/rnaseq-star-align/star2pass.rnaseq_harmonization.cwl	STAR - Counts	5d8c131bbff59fb0c969217fc1d44e6d1503cd1f	Primary Tumor	NA	TCGA-BH-A0HL	TCGA-BH-A0HL-01A
dbe79158-b616-4c7b-94d7-5f127b3013ff	TSV	TCGA-A8-A08P-01A-11R-A00Z-07	open	2dc9eaca-6dfc-4e7f-a12b-1495986e1ad4.rna_seq.augmented_star_gene_counts.tsv	8da2fed3-6bd6-4e19-b32e-a7ad7c382300	Transcriptome Profiling	gene_expression	Illumina	4238991	2021-12-13T22:38:40.133198-06:00	320f2de487f52ed4b81e13c456d35d35	2024-07-30T10:02:37.093998-05:00	dbe79158-b616-4c7b-94d7-5f127b3013ff	Gene Expression Quantification	released	RNA-Seq	1	32.0 - 46.0	TCGA-BRCA	50285540-fa1b-454c-9da2-4724fc6764da	released	2dc9eaca-6dfc-4e7f-a12b-1495986e1ad4_star__counts	https://github.com/NCI-GDC/gdc-rnaseq-cwl/blob/5d8c131bbff59fb0c969217fc1d44e6d1503cd1f/rnaseq-star-align/star2pass.rnaseq_harmonization.cwl	STAR - Counts	5d8c131bbff59fb0c969217fc1d44e6d1503cd1f	Primary Tumor	NA	TCGA-A8-A08P	TCGA-A8-A08P-01A
71ea0cc0-d979-4efd-a670-1e8e8a329aca	TSV	TCGA-EW-A1J2-01A-21R-A13Q-07	open	0394cdb2-85e8-4cea-b572-4cb4ed779774.rna_seq.augmented_star_gene_counts.tsv	b0cd1360-38a3-4a70-967a-98cf71c2182a	Transcriptome Profiling	gene_expression	Illumina	4261808	2021-12-13T22:22:18.912065-06:00	d443efb846b5ff9e8c5543b03b34a9ab	2024-07-30T09:21:33.023950-05:00	71ea0cc0-d979-4efd-a670-1e8e8a329aca	Gene Expression Quantification	released	RNA-Seq	1	32.0 - 46.0	TCGA-BRCA	ac9fcb27-9b5e-4650-a041-a395cf0d58d1	released	0394cdb2-85e8-4cea-b572-4cb4ed779774_star__counts	https://github.com/NCI-GDC/gdc-rnaseq-cwl/blob/5d8c131bbff59fb0c969217fc1d44e6d1503cd1f/rnaseq-star-align/star2pass.rnaseq_harmonization.cwl	STAR - Counts	5d8c131bbff59fb0c969217fc1d44e6d1503cd1f	Primary Tumor	NA	TCGA-EW-A1J2	TCGA-EW-A1J2-01A
f78dec09-cb25-49c1-828c-6a88cf2be7d3	TSV	TCGA-BH-A0B2-01A-11R-A10J-07	open	c355cc80-6344-44b2-82e0-79d701fef03c.rna_seq.augmented_star_gene_counts.tsv	95b7a357-9882-46e4-bade-1cc3636691a4	Transcriptome Profiling	gene_expression	Illumina	4244586	2021-12-13T22:37:16.461512-06:00	82d041be773a830f4f978220de33481e	2024-07-30T09:35:31.369944-05:00	f78dec09-cb25-49c1-828c-6a88cf2be7d3	Gene Expression Quantification	released	RNA-Seq	1	32.0 - 46.0	TCGA-BRCA	150535c4-9190-4125-8634-0dc445065a16	released	c355cc80-6344-44b2-82e0-79d701fef03c_star__counts	https://github.com/NCI-GDC/gdc-rnaseq-cwl/blob/5d8c131bbff59fb0c969217fc1d44e6d1503cd1f/rnaseq-star-align/star2pass.rnaseq_harmonization.cwl	STAR - Counts	5d8c131bbff59fb0c969217fc1d44e6d1503cd1f	Primary Tumor	NA	TCGA-BH-A0B2	TCGA-BH-A0B2-01A
ad4b2d76-b4bb-457d-903f-823630a4d37b	TSV	TCGA-BH-A0H9-01A-11R-A056-07	open	0940092b-46da-4975-bde7-f205fe12707b.rna_seq.augmented_star_gene_counts.tsv	b53d4582-aa6a-4a61-adab-0f12a4304ef0	Transcriptome Profiling	gene_expression	Illumina	4236411	2021-12-13T22:32:44.809029-06:00	bdce42c86cd0534dd4ed3e7bc239844d	2024-07-30T09:51:59.840177-05:00	ad4b2d76-b4bb-457d-903f-823630a4d37b	Gene Expression Quantification	released	RNA-Seq	1	32.0 - 46.0	TCGA-BRCA	51aeb039-d8fc-4168-840e-e9999c253548	released	0940092b-46da-4975-bde7-f205fe12707b_star__counts	https://github.com/NCI-GDC/gdc-rnaseq-cwl/blob/5d8c131bbff59fb0c969217fc1d44e6d1503cd1f/rnaseq-star-align/star2pass.rnaseq_harmonization.cwl	STAR - Counts	5d8c131bbff59fb0c969217fc1d44e6d1503cd1f	Primary Tumor	NA	TCGA-BH-A0H9	TCGA-BH-A0H9-01A
68881256-49b8-4a19-87a9-afac4f1841d2	TSV	TCGA-BH-A0BQ-11A-33R-A115-07	open	7b4b9d66-e494-48e8-949f-7cdb42e490f9.rna_seq.augmented_star_gene_counts.tsv	298d6fcd-ebf3-4a53-ac32-34d3c682eff2	Transcriptome Profiling	gene_expression	Illumina	4248367	2021-12-13T22:31:53.342693-06:00	a82b9c19fe88132acc12f9e6c3289022	2024-07-30T09:42:32.459832-05:00	68881256-49b8-4a19-87a9-afac4f1841d2	Gene Expression Quantification	released	RNA-Seq	1	32.0 - 46.0	TCGA-BRCA	c0da19df-d24a-4fed-8f98-6fdb328288d6	released	7b4b9d66-e494-48e8-949f-7cdb42e490f9_star__counts	https://github.com/NCI-GDC/gdc-rnaseq-cwl/blob/5d8c131bbff59fb0c969217fc1d44e6d1503cd1f/rnaseq-star-align/star2pass.rnaseq_harmonization.cwl	STAR - Counts	5d8c131bbff59fb0c969217fc1d44e6d1503cd1f	Solid Tissue Normal	NA	TCGA-BH-A0BQ	TCGA-BH-A0BQ-11A
c71bfebf-e152-4706-bd72-07103f936a85	TSV	TCGA-B6-A0IH-01A-11R-A115-07	open	b35a11fb-548c-4b6c-99e7-c4114be6411a.rna_seq.augmented_star_gene_counts.tsv	239ed06e-6c68-4684-b28e-ef334bb971d9	Transcriptome Profiling	gene_expression	Illumina	4237997	2021-12-13T21:51:41.861794-06:00	8f9009161ce30dc51a3b8ae9067c7360	2024-07-30T10:07:26.223200-05:00	c71bfebf-e152-4706-bd72-07103f936a85	Gene Expression Quantification	released	RNA-Seq	1	32.0 - 46.0	TCGA-BRCA	fe6d5d80-fc5b-4d92-a1bd-2f7f2ea195e9	released	b35a11fb-548c-4b6c-99e7-c4114be6411a_star__counts	https://github.com/NCI-GDC/gdc-rnaseq-cwl/blob/5d8c131bbff59fb0c969217fc1d44e6d1503cd1f/rnaseq-star-align/star2pass.rnaseq_harmonization.cwl	STAR - Counts	5d8c131bbff59fb0c969217fc1d44e6d1503cd1f	Primary Tumor	NA	TCGA-B6-A0IH	TCGA-B6-A0IH-01A
67317cce-4a8c-4313-bb26-4ef7759071b9	TSV	TCGA-EW-A1PH-01A-11R-A14M-07	open	3b509602-c9b3-4dba-86a4-13e2a3857bb4.rna_seq.augmented_star_gene_counts.tsv	1b55b802-162c-4787-9158-aaf39c880d0e	Transcriptome Profiling	gene_expression	Illumina	4249865	2021-12-13T22:33:23.299772-06:00	505f06d7345d85995044e4630116ccb5	2024-07-30T09:52:33.218430-05:00	67317cce-4a8c-4313-bb26-4ef7759071b9	Gene Expression Quantification	released	RNA-Seq	1	32.0 - 46.0	TCGA-BRCA	86643c10-4699-46a9-b2ed-e3bb44af1693	released	3b509602-c9b3-4dba-86a4-13e2a3857bb4_star__counts	https://github.com/NCI-GDC/gdc-rnaseq-cwl/blob/5d8c131bbff59fb0c969217fc1d44e6d1503cd1f/rnaseq-star-align/star2pass.rnaseq_harmonization.cwl	STAR - Counts	5d8c131bbff59fb0c969217fc1d44e6d1503cd1f	Primary Tumor	NA	TCGA-EW-A1PH	TCGA-EW-A1PH-01A
00469928-b243-4cae-acd7-134508e99ceb	TSV	TCGA-AC-A62X-01A-11R-A29R-07	open	2f51534b-248b-4999-bc3f-e42a2e98332e.rna_seq.augmented_star_gene_counts.tsv	89f214d8-a8b5-4ff3-a9cd-8230bacef8af	Transcriptome Profiling	gene_expression	Illumina	4232860	2021-12-13T22:24:56.005752-06:00	e2fff70f2db6eaa2f2f6c5fc9e32f5ab	2024-07-30T10:07:23.705185-05:00	00469928-b243-4cae-acd7-134508e99ceb	Gene Expression Quantification	released	RNA-Seq	1	32.0 - 46.0	TCGA-BRCA	101bd86a-7bc8-4d38-bae8-a488658af831	released	2f51534b-248b-4999-bc3f-e42a2e98332e_star__counts	https://github.com/NCI-GDC/gdc-rnaseq-cwl/blob/5d8c131bbff59fb0c969217fc1d44e6d1503cd1f/rnaseq-star-align/star2pass.rnaseq_harmonization.cwl	STAR - Counts	5d8c131bbff59fb0c969217fc1d44e6d1503cd1f	Primary Tumor	NA	TCGA-AC-A62X	TCGA-AC-A62X-01A
e24e6f7c-49c1-498e-b269-4bee014007af	TSV	TCGA-A8-A083-01A-21R-A00Z-07	open	aa3d8e3d-68cb-47dc-80c0-d50917cb4878.rna_seq.augmented_star_gene_counts.tsv	49f61b81-09a8-4d8f-be11-0158218f3104	Transcriptome Profiling	gene_expression	Illumina	4248256	2021-12-13T22:12:11.604510-06:00	86f5d92e10eb49de00d266bfe1f32d86	2024-07-30T09:23:41.650781-05:00	e24e6f7c-49c1-498e-b269-4bee014007af	Gene Expression Quantification	released	RNA-Seq	1	32.0 - 46.0	TCGA-BRCA	f8e4cd85-ed4e-46e8-8333-c218fdedb431	released	aa3d8e3d-68cb-47dc-80c0-d50917cb4878_star__counts	https://github.com/NCI-GDC/gdc-rnaseq-cwl/blob/5d8c131bbff59fb0c969217fc1d44e6d1503cd1f/rnaseq-star-align/star2pass.rnaseq_harmonization.cwl	STAR - Counts	5d8c131bbff59fb0c969217fc1d44e6d1503cd1f	Primary Tumor	NA	TCGA-A8-A083	TCGA-A8-A083-01A
845def46-3502-40a8-aff1-8d021906cee5	TSV	TCGA-EW-A424-01A-11R-A24H-07	open	4abffa72-e45a-405a-b53b-73900d48253d.rna_seq.augmented_star_gene_counts.tsv	0e03b9f3-af30-4d38-bd6d-a74ce861c521	Transcriptome Profiling	gene_expression	Illumina	4253931	2021-12-13T22:18:13.947149-06:00	5d9a2e2c4d93a0bc9eb3554a0c759406	2024-07-30T09:31:05.752347-05:00	845def46-3502-40a8-aff1-8d021906cee5	Gene Expression Quantification	released	RNA-Seq	1	32.0 - 46.0	TCGA-BRCA	b901f622-f4ab-4a2f-8947-cf885f71b51c	released	4abffa72-e45a-405a-b53b-73900d48253d_star__counts	https://github.com/NCI-GDC/gdc-rnaseq-cwl/blob/5d8c131bbff59fb0c969217fc1d44e6d1503cd1f/rnaseq-star-align/star2pass.rnaseq_harmonization.cwl	STAR - Counts	5d8c131bbff59fb0c969217fc1d44e6d1503cd1f	Primary Tumor	NA	TCGA-EW-A424	TCGA-EW-A424-01A
064215bd-9ec9-4a16-8ea2-9c6604156398	TSV	TCGA-E2-A15S-01A-11R-A115-07	open	af83a9af-a11f-4c29-a61f-8f0d2b5868c1.rna_seq.augmented_star_gene_counts.tsv	91b409bb-bbf8-43c9-b2a1-f8cf58c6e4f7	Transcriptome Profiling	gene_expression	Illumina	4253697	2021-12-13T21:51:15.305363-06:00	bfffdb8c2737fa2b2330fd7c474088fe	2024-07-30T09:58:29.494355-05:00	064215bd-9ec9-4a16-8ea2-9c6604156398	Gene Expression Quantification	released	RNA-Seq	1	32.0 - 46.0	TCGA-BRCA	44253232-3897-4aa9-8a9b-4a3986c0f664	released	af83a9af-a11f-4c29-a61f-8f0d2b5868c1_star__counts	https://github.com/NCI-GDC/gdc-rnaseq-cwl/blob/5d8c131bbff59fb0c969217fc1d44e6d1503cd1f/rnaseq-star-align/star2pass.rnaseq_harmonization.cwl	STAR - Counts	5d8c131bbff59fb0c969217fc1d44e6d1503cd1f	Primary Tumor	NA	TCGA-E2-A15S	TCGA-E2-A15S-01A
6df72103-ccfb-4a53-b839-2e8c47ec2145	TSV	TCGA-B6-A0RO-01A-22R-A084-07	open	b4e60c29-6c4d-49b4-878e-b91e20e17dad.rna_seq.augmented_star_gene_counts.tsv	d7f6521a-6582-4966-a563-e13a3bf19113	Transcriptome Profiling	gene_expression	Illumina	4241282	2021-12-13T21:47:28.364570-06:00	9716aad1296de30b453de82c415c5319	2024-07-30T09:25:37.623997-05:00	6df72103-ccfb-4a53-b839-2e8c47ec2145	Gene Expression Quantification	released	RNA-Seq	1	32.0 - 46.0	TCGA-BRCA	407cc358-1116-4149-9936-2493814eca97	released	b4e60c29-6c4d-49b4-878e-b91e20e17dad_star__counts	https://github.com/NCI-GDC/gdc-rnaseq-cwl/blob/5d8c131bbff59fb0c969217fc1d44e6d1503cd1f/rnaseq-star-align/star2pass.rnaseq_harmonization.cwl	STAR - Counts	5d8c131bbff59fb0c969217fc1d44e6d1503cd1f	Primary Tumor	NA	TCGA-B6-A0RO	TCGA-B6-A0RO-01A
b3b6d3bf-426f-4720-9adb-98783faa0eff	TSV	TCGA-A7-A4SF-01A-11R-A266-07	open	5782ee15-ce76-43d2-ba6c-e84284f4a99f.rna_seq.augmented_star_gene_counts.tsv	c88cd6f6-2289-49b7-8010-5cbfc74c678c	Transcriptome Profiling	gene_expression	Illumina	4225818	2021-12-13T22:38:33.667626-06:00	96cd6140c1994925d02aa1cbea83c39a	2024-07-30T09:48:36.064259-05:00	b3b6d3bf-426f-4720-9adb-98783faa0eff	Gene Expression Quantification	released	RNA-Seq	1	32.0 - 46.0	TCGA-BRCA	24e44c3d-5c60-4390-bdc9-31d47ba7e3e0	released	5782ee15-ce76-43d2-ba6c-e84284f4a99f_star__counts	https://github.com/NCI-GDC/gdc-rnaseq-cwl/blob/5d8c131bbff59fb0c969217fc1d44e6d1503cd1f/rnaseq-star-align/star2pass.rnaseq_harmonization.cwl	STAR - Counts	5d8c131bbff59fb0c969217fc1d44e6d1503cd1f	Primary Tumor	NA	TCGA-A7-A4SF	TCGA-A7-A4SF-01A
0c0ddcd7-8b4c-4489-b642-e48c4ab4602a	TSV	TCGA-D8-A27I-01A-11R-A16F-07	open	d1ad6c3b-4e2a-40cd-b3e6-098b845d59cb.rna_seq.augmented_star_gene_counts.tsv	1749dcf2-3cdb-4646-a81c-edab68de164d	Transcriptome Profiling	gene_expression	Illumina	4259629	2021-12-13T22:17:49.972451-06:00	62d19a6352cd8df21b7e383299c2f1b4	2024-07-30T09:43:52.674509-05:00	0c0ddcd7-8b4c-4489-b642-e48c4ab4602a	Gene Expression Quantification	released	RNA-Seq	1	32.0 - 46.0	TCGA-BRCA	d4c5c86b-1293-4411-b7d8-8b507707f41c	released	d1ad6c3b-4e2a-40cd-b3e6-098b845d59cb_star__counts	https://github.com/NCI-GDC/gdc-rnaseq-cwl/blob/5d8c131bbff59fb0c969217fc1d44e6d1503cd1f/rnaseq-star-align/star2pass.rnaseq_harmonization.cwl	STAR - Counts	5d8c131bbff59fb0c969217fc1d44e6d1503cd1f	Primary Tumor	NA	TCGA-D8-A27I	TCGA-D8-A27I-01A
cf53cdad-a323-475e-a84a-87b68d13e262	TSV	TCGA-E2-A15I-01A-21R-A137-07	open	37d359b3-d8f5-44cf-8f30-57dfdbbab8c1.rna_seq.augmented_star_gene_counts.tsv	63e4e9d1-ff3e-403e-87ed-5026c80cf2f0	Transcriptome Profiling	gene_expression	Illumina	4252356	2021-12-13T22:23:57.187501-06:00	9d6830c4ca06204797f38bc01a6727bb	2024-07-30T09:53:01.297974-05:00	cf53cdad-a323-475e-a84a-87b68d13e262	Gene Expression Quantification	released	RNA-Seq	1	32.0 - 46.0	TCGA-BRCA	b7c4ce7c-bc6a-45a5-94f7-d81bc6e44224	released	37d359b3-d8f5-44cf-8f30-57dfdbbab8c1_star__counts	https://github.com/NCI-GDC/gdc-rnaseq-cwl/blob/5d8c131bbff59fb0c969217fc1d44e6d1503cd1f/rnaseq-star-align/star2pass.rnaseq_harmonization.cwl	STAR - Counts	5d8c131bbff59fb0c969217fc1d44e6d1503cd1f	Primary Tumor	NA	TCGA-E2-A15I	TCGA-E2-A15I-01A
ff1f2f31-8607-4627-b487-c5e39e7c30f5	TSV	TCGA-BH-A18G-01A-11R-A12D-07	open	deb7967f-9339-4bb1-ae0b-81a72a472bba.rna_seq.augmented_star_gene_counts.tsv	f6c3c955-7198-4af4-a98c-c1d3a60b41dd	Transcriptome Profiling	gene_expression	Illumina	4217312	2021-12-13T22:35:39.717441-06:00	536cbed0ca9f0c319c019d2c436140ec	2024-07-30T10:09:18.714374-05:00	ff1f2f31-8607-4627-b487-c5e39e7c30f5	Gene Expression Quantification	released	RNA-Seq	1	32.0 - 46.0	TCGA-BRCA	1fcec487-1ca5-4cb9-97d2-115938fbca92	released	deb7967f-9339-4bb1-ae0b-81a72a472bba_star__counts	https://github.com/NCI-GDC/gdc-rnaseq-cwl/blob/5d8c131bbff59fb0c969217fc1d44e6d1503cd1f/rnaseq-star-align/star2pass.rnaseq_harmonization.cwl	STAR - Counts	5d8c131bbff59fb0c969217fc1d44e6d1503cd1f	Primary Tumor	NA	TCGA-BH-A18G	TCGA-BH-A18G-01A
62a4b965-7aaa-4bd4-b469-57a713b2e9fd	TSV	TCGA-BH-A0DT-11A-12R-A12D-07	open	064d1578-9fb7-439c-9644-d4cb6389ec9d.rna_seq.augmented_star_gene_counts.tsv	5d5bf061-bb94-4548-9095-a9607c144d80	Transcriptome Profiling	gene_expression	Illumina	4252172	2021-12-13T21:49:20.052221-06:00	613f2feadffe04aecd532ec2c1b9d1d1	2024-07-30T09:34:10.201950-05:00	62a4b965-7aaa-4bd4-b469-57a713b2e9fd	Gene Expression Quantification	released	RNA-Seq	1	32.0 - 46.0	TCGA-BRCA	7a0954d4-6b71-462e-a72c-910316cea93d	released	064d1578-9fb7-439c-9644-d4cb6389ec9d_star__counts	https://github.com/NCI-GDC/gdc-rnaseq-cwl/blob/5d8c131bbff59fb0c969217fc1d44e6d1503cd1f/rnaseq-star-align/star2pass.rnaseq_harmonization.cwl	STAR - Counts	5d8c131bbff59fb0c969217fc1d44e6d1503cd1f	Solid Tissue Normal	NA	TCGA-BH-A0DT	TCGA-BH-A0DT-11A
75d5bcb2-3055-4b6a-822c-1aa37a9f1337	TSV	TCGA-A2-A0EV-01A-11R-A034-07	open	b8542fa9-5521-48bc-ae1b-4e12a1744e0d.rna_seq.augmented_star_gene_counts.tsv	261d6818-b027-426d-91b4-3f5ec4e82af4	Transcriptome Profiling	gene_expression	Illumina	4243035	2021-12-13T21:55:19.340848-06:00	b99bf9b3190e506ff106247a3f820385	2024-07-30T09:48:29.261492-05:00	75d5bcb2-3055-4b6a-822c-1aa37a9f1337	Gene Expression Quantification	released	RNA-Seq	1	32.0 - 46.0	TCGA-BRCA	87f08c62-b677-44af-8ba5-57e683cf5234	released	b8542fa9-5521-48bc-ae1b-4e12a1744e0d_star__counts	https://github.com/NCI-GDC/gdc-rnaseq-cwl/blob/5d8c131bbff59fb0c969217fc1d44e6d1503cd1f/rnaseq-star-align/star2pass.rnaseq_harmonization.cwl	STAR - Counts	5d8c131bbff59fb0c969217fc1d44e6d1503cd1f	Primary Tumor	NA	TCGA-A2-A0EV	TCGA-A2-A0EV-01A
1f5bbb4e-9b0e-4953-a360-83fd7b6a2267	TSV	TCGA-AR-A0U4-01A-11R-A109-07	open	d61a8ec1-aa99-41c3-8633-018cdb0ccb1a.rna_seq.augmented_star_gene_counts.tsv	8e478f4b-5f97-4607-b9a3-1d0193195e49	Transcriptome Profiling	gene_expression	Illumina	4242522	2021-12-13T22:10:12.004337-06:00	5fea9da6efe4a400a7785171ecdaa734	2024-07-30T10:00:15.763194-05:00	1f5bbb4e-9b0e-4953-a360-83fd7b6a2267	Gene Expression Quantification	released	RNA-Seq	1	32.0 - 46.0	TCGA-BRCA	b81dc990-cf69-4d43-907a-2816b3ffd572	released	d61a8ec1-aa99-41c3-8633-018cdb0ccb1a_star__counts	https://github.com/NCI-GDC/gdc-rnaseq-cwl/blob/5d8c131bbff59fb0c969217fc1d44e6d1503cd1f/rnaseq-star-align/star2pass.rnaseq_harmonization.cwl	STAR - Counts	5d8c131bbff59fb0c969217fc1d44e6d1503cd1f	Primary Tumor	NA	TCGA-AR-A0U4	TCGA-AR-A0U4-01A
3690d431-165d-40bb-af61-cfda445b3be8	TSV	TCGA-BH-A18I-01A-11R-A12D-07	open	0e8857f9-6f8b-46c5-a019-9c69bdc50525.rna_seq.augmented_star_gene_counts.tsv	7686d77d-c72a-471b-94fb-cf108f6f7d92	Transcriptome Profiling	gene_expression	Illumina	4256760	2021-12-13T22:27:07.178379-06:00	416f2d872285efa99d76277d2785ee92	2024-07-30T09:57:28.017904-05:00	3690d431-165d-40bb-af61-cfda445b3be8	Gene Expression Quantification	released	RNA-Seq	1	32.0 - 46.0	TCGA-BRCA	6d0667dc-7c07-4db3-9fd0-155a36ff398e	released	0e8857f9-6f8b-46c5-a019-9c69bdc50525_star__counts	https://github.com/NCI-GDC/gdc-rnaseq-cwl/blob/5d8c131bbff59fb0c969217fc1d44e6d1503cd1f/rnaseq-star-align/star2pass.rnaseq_harmonization.cwl	STAR - Counts	5d8c131bbff59fb0c969217fc1d44e6d1503cd1f	Primary Tumor	NA	TCGA-BH-A18I	TCGA-BH-A18I-01A
23bf74db-bb4e-44c5-8473-e651b818e460	TSV	TCGA-A7-A0CE-11A-21R-A089-07	open	308e15c9-16b0-4f24-b9dc-e9dc91038579.rna_seq.augmented_star_gene_counts.tsv	8c603269-f5a4-42b1-802a-fd995dba13de	Transcriptome Profiling	gene_expression	Illumina	4258207	2021-12-13T21:52:51.547356-06:00	f18e21a3660cda11ede50ccdbebd7493	2024-07-30T09:58:54.469427-05:00	23bf74db-bb4e-44c5-8473-e651b818e460	Gene Expression Quantification	released	RNA-Seq	1	32.0 - 46.0	TCGA-BRCA	07106160-a13c-485f-80cc-579484f7fa84	released	308e15c9-16b0-4f24-b9dc-e9dc91038579_star__counts	https://github.com/NCI-GDC/gdc-rnaseq-cwl/blob/5d8c131bbff59fb0c969217fc1d44e6d1503cd1f/rnaseq-star-align/star2pass.rnaseq_harmonization.cwl	STAR - Counts	5d8c131bbff59fb0c969217fc1d44e6d1503cd1f	Solid Tissue Normal	NA	TCGA-A7-A0CE	TCGA-A7-A0CE-11A
9bb406c8-2b8e-410e-8bca-02a778312056	TSV	TCGA-B6-A0RU-01A-11R-A084-07	open	4152a167-7b5f-4415-81f8-b22732cc6ef7.rna_seq.augmented_star_gene_counts.tsv	a2e98b4f-0779-499e-a836-87ccac62e71c	Transcriptome Profiling	gene_expression	Illumina	4243535	2021-12-13T21:55:51.915289-06:00	7cfb2ad5e17ef212d3140d7790fcde01	2024-07-30T10:07:56.721872-05:00	9bb406c8-2b8e-410e-8bca-02a778312056	Gene Expression Quantification	released	RNA-Seq	1	32.0 - 46.0	TCGA-BRCA	4ffcf15c-0384-4c7b-b6e1-61c59a5490e5	released	4152a167-7b5f-4415-81f8-b22732cc6ef7_star__counts	https://github.com/NCI-GDC/gdc-rnaseq-cwl/blob/5d8c131bbff59fb0c969217fc1d44e6d1503cd1f/rnaseq-star-align/star2pass.rnaseq_harmonization.cwl	STAR - Counts	5d8c131bbff59fb0c969217fc1d44e6d1503cd1f	Primary Tumor	NA	TCGA-B6-A0RU	TCGA-B6-A0RU-01A
b1ad91fb-fb78-4896-83cd-dad028a1d297	TSV	TCGA-A7-A26J-01B-02R-A277-07	open	e49fbda2-881a-43c1-9c16-0b07fdd281a7.rna_seq.augmented_star_gene_counts.tsv	35096afa-8bfe-4719-9b5a-0cf9f9311096	Transcriptome Profiling	gene_expression	Illumina	4228868	2021-12-13T21:47:54.345666-06:00	30722c7f785cc4216cfd3b61fc6c0e76	2024-07-30T09:48:41.984716-05:00	b1ad91fb-fb78-4896-83cd-dad028a1d297	Gene Expression Quantification	released	RNA-Seq	1	32.0 - 46.0	TCGA-BRCA	9e321791-1967-4e6f-ae56-3fe1fd71f793	released	e49fbda2-881a-43c1-9c16-0b07fdd281a7_star__counts	https://github.com/NCI-GDC/gdc-rnaseq-cwl/blob/5d8c131bbff59fb0c969217fc1d44e6d1503cd1f/rnaseq-star-align/star2pass.rnaseq_harmonization.cwl	STAR - Counts	5d8c131bbff59fb0c969217fc1d44e6d1503cd1f	Primary Tumor	NA	TCGA-A7-A26J	TCGA-A7-A26J-01B
d2b6c967-b505-4f52-a4f7-91b6e8acbd1f	TSV	TCGA-A7-A13G-01B-04R-A22O-07	open	56c85bd5-c353-457a-94a9-91a3cc0ac4e0.rna_seq.augmented_star_gene_counts.tsv	3264464e-3342-462d-b0b3-f760d2fb686f	Transcriptome Profiling	gene_expression	Illumina	4272295	2021-12-13T22:41:24.770611-06:00	3db54e9dd66ec8eaa9a2beb63f51a610	2024-07-30T09:30:56.662032-05:00	d2b6c967-b505-4f52-a4f7-91b6e8acbd1f	Gene Expression Quantification	released	RNA-Seq	1	32.0 - 46.0	TCGA-BRCA	f2f39395-c6e4-4be3-8d97-849e80d423c0	released	56c85bd5-c353-457a-94a9-91a3cc0ac4e0_star__counts	https://github.com/NCI-GDC/gdc-rnaseq-cwl/blob/5d8c131bbff59fb0c969217fc1d44e6d1503cd1f/rnaseq-star-align/star2pass.rnaseq_harmonization.cwl	STAR - Counts	5d8c131bbff59fb0c969217fc1d44e6d1503cd1f	Primary Tumor	NA	TCGA-A7-A13G	TCGA-A7-A13G-01B
94db1456-e7f2-4f5f-92e3-b8faa801097d	TSV	TCGA-A7-A3IY-01A-21R-A21T-07	open	d635a6e8-ecb3-4f9c-a56a-af1d0c714d7a.rna_seq.augmented_star_gene_counts.tsv	c3b7970f-6bd7-4684-b046-3f1e41005a62	Transcriptome Profiling	gene_expression	Illumina	4246072	2021-12-13T22:07:08.150448-06:00	3c7f6fc36fa077661ab5649e7853189f	2024-07-30T10:06:36.171999-05:00	94db1456-e7f2-4f5f-92e3-b8faa801097d	Gene Expression Quantification	released	RNA-Seq	1	32.0 - 46.0	TCGA-BRCA	2a889e2d-7e07-48e0-bf2a-34a6c4607e68	released	d635a6e8-ecb3-4f9c-a56a-af1d0c714d7a_star__counts	https://github.com/NCI-GDC/gdc-rnaseq-cwl/blob/5d8c131bbff59fb0c969217fc1d44e6d1503cd1f/rnaseq-star-align/star2pass.rnaseq_harmonization.cwl	STAR - Counts	5d8c131bbff59fb0c969217fc1d44e6d1503cd1f	Primary Tumor	NA	TCGA-A7-A3IY	TCGA-A7-A3IY-01A
3eadce70-ba3d-4806-b112-6ac83bc89dc4	TSV	TCGA-BH-A0C0-01A-21R-A056-07	open	a3595c7e-948b-4d93-a623-477d7af84e15.rna_seq.augmented_star_gene_counts.tsv	ad8e2842-fb86-4074-b9cb-d67197e99d6a	Transcriptome Profiling	gene_expression	Illumina	4236836	2021-12-13T22:38:43.586219-06:00	56dad300ad3f41c405fe2a0bc9f52f3c	2024-07-30T09:52:46.616500-05:00	3eadce70-ba3d-4806-b112-6ac83bc89dc4	Gene Expression Quantification	released	RNA-Seq	1	32.0 - 46.0	TCGA-BRCA	0d0d6651-8c0b-4d8d-98e4-daacee3c60b7	released	a3595c7e-948b-4d93-a623-477d7af84e15_star__counts	https://github.com/NCI-GDC/gdc-rnaseq-cwl/blob/5d8c131bbff59fb0c969217fc1d44e6d1503cd1f/rnaseq-star-align/star2pass.rnaseq_harmonization.cwl	STAR - Counts	5d8c131bbff59fb0c969217fc1d44e6d1503cd1f	Primary Tumor	NA	TCGA-BH-A0C0	TCGA-BH-A0C0-01A
15f0e499-8d53-4e97-a392-334875d25cf4	TSV	TCGA-BH-A0C0-11A-21R-A089-07	open	467bd108-f391-4dd1-92de-43879822400d.rna_seq.augmented_star_gene_counts.tsv	522725ff-1370-4ca6-9437-d8c9d06e2f28	Transcriptome Profiling	gene_expression	Illumina	4260296	2021-12-13T22:15:19.399965-06:00	a449648688482afd89a2479495859fd1	2024-07-30T09:21:43.174058-05:00	15f0e499-8d53-4e97-a392-334875d25cf4	Gene Expression Quantification	released	RNA-Seq	1	32.0 - 46.0	TCGA-BRCA	314caf20-abb1-4356-a60d-cf8751775739	released	467bd108-f391-4dd1-92de-43879822400d_star__counts	https://github.com/NCI-GDC/gdc-rnaseq-cwl/blob/5d8c131bbff59fb0c969217fc1d44e6d1503cd1f/rnaseq-star-align/star2pass.rnaseq_harmonization.cwl	STAR - Counts	5d8c131bbff59fb0c969217fc1d44e6d1503cd1f	Solid Tissue Normal	NA	TCGA-BH-A0C0	TCGA-BH-A0C0-11A
c8b0b391-320c-4fea-9b68-3070103cb148	TSV	TCGA-A2-A4RW-01A-21R-A266-07	open	508e541e-c751-42cd-8f8c-a57a835daf1b.rna_seq.augmented_star_gene_counts.tsv	b892dc2d-94fe-4a52-87d0-9bd543a0b546	Transcriptome Profiling	gene_expression	Illumina	4233925	2021-12-13T22:38:27.033571-06:00	6e9b7701c20aea3c39c983775897100e	2024-07-30T09:45:34.363041-05:00	c8b0b391-320c-4fea-9b68-3070103cb148	Gene Expression Quantification	released	RNA-Seq	1	32.0 - 46.0	TCGA-BRCA	46725528-a6e6-467a-80fc-bc43ce347f75	released	508e541e-c751-42cd-8f8c-a57a835daf1b_star__counts	https://github.com/NCI-GDC/gdc-rnaseq-cwl/blob/5d8c131bbff59fb0c969217fc1d44e6d1503cd1f/rnaseq-star-align/star2pass.rnaseq_harmonization.cwl	STAR - Counts	5d8c131bbff59fb0c969217fc1d44e6d1503cd1f	Primary Tumor	NA	TCGA-A2-A4RW	TCGA-A2-A4RW-01A
be002264-f534-49b3-90d1-fd5a3f622fb2	TSV	TCGA-D8-A143-01A-11R-A115-07	open	f0024165-4df2-454e-a0cb-17720455c0c9.rna_seq.augmented_star_gene_counts.tsv	bbc1a877-bad9-4dab-8224-eea640420499	Transcriptome Profiling	gene_expression	Illumina	4239294	2021-12-13T22:13:54.574400-06:00	b6a534c1153285f32b368966c7b94cfe	2024-07-30T09:39:24.624903-05:00	be002264-f534-49b3-90d1-fd5a3f622fb2	Gene Expression Quantification	released	RNA-Seq	1	32.0 - 46.0	TCGA-BRCA	77f8779f-91c8-48fe-9354-d21e8b388d60	released	f0024165-4df2-454e-a0cb-17720455c0c9_star__counts	https://github.com/NCI-GDC/gdc-rnaseq-cwl/blob/5d8c131bbff59fb0c969217fc1d44e6d1503cd1f/rnaseq-star-align/star2pass.rnaseq_harmonization.cwl	STAR - Counts	5d8c131bbff59fb0c969217fc1d44e6d1503cd1f	Primary Tumor	NA	TCGA-D8-A143	TCGA-D8-A143-01A
2700aca8-b120-4655-87ab-a9f8f7f633db	TSV	TCGA-A7-A4SB-01A-21R-A266-07	open	8c92ecf0-5d81-48c3-ad9f-9adf51860962.rna_seq.augmented_star_gene_counts.tsv	8707c7c9-57c6-4a13-accf-2374607cb82f	Transcriptome Profiling	gene_expression	Illumina	4232011	2021-12-13T22:33:48.410002-06:00	a751c4021464acac5ce2901d7af8b6ac	2024-07-30T09:42:25.895890-05:00	2700aca8-b120-4655-87ab-a9f8f7f633db	Gene Expression Quantification	released	RNA-Seq	1	32.0 - 46.0	TCGA-BRCA	30a062f0-28e7-49db-b11c-505b7a569d7e	released	8c92ecf0-5d81-48c3-ad9f-9adf51860962_star__counts	https://github.com/NCI-GDC/gdc-rnaseq-cwl/blob/5d8c131bbff59fb0c969217fc1d44e6d1503cd1f/rnaseq-star-align/star2pass.rnaseq_harmonization.cwl	STAR - Counts	5d8c131bbff59fb0c969217fc1d44e6d1503cd1f	Primary Tumor	NA	TCGA-A7-A4SB	TCGA-A7-A4SB-01A
fe7dfda5-6846-4238-9ccc-472978eb78a1	TSV	TCGA-A2-A0YM-01A-11R-A109-07	open	8a27980e-a506-4cb3-91f2-3f0e5a19acfe.rna_seq.augmented_star_gene_counts.tsv	d9f79023-a752-4d31-abc7-694221916611	Transcriptome Profiling	gene_expression	Illumina	4249051	2021-12-13T22:06:39.713399-06:00	5ab2e6521e4cfa4a63dec5b21bc66ff4	2024-07-30T10:09:14.981583-05:00	fe7dfda5-6846-4238-9ccc-472978eb78a1	Gene Expression Quantification	released	RNA-Seq	1	32.0 - 46.0	TCGA-BRCA	8e5789b2-f949-4d46-bee6-34d1907c37f2	released	8a27980e-a506-4cb3-91f2-3f0e5a19acfe_star__counts	https://github.com/NCI-GDC/gdc-rnaseq-cwl/blob/5d8c131bbff59fb0c969217fc1d44e6d1503cd1f/rnaseq-star-align/star2pass.rnaseq_harmonization.cwl	STAR - Counts	5d8c131bbff59fb0c969217fc1d44e6d1503cd1f	Primary Tumor	NA	TCGA-A2-A0YM	TCGA-A2-A0YM-01A
f3d5f550-311d-4c59-8576-81fde80db315	TSV	TCGA-E2-A1LE-01A-12R-A19W-07	open	1990cbfd-497e-4fcb-ad10-251e410c0d29.rna_seq.augmented_star_gene_counts.tsv	bfd4e9d7-a6e0-4dd1-948c-9367c298f57d	Transcriptome Profiling	gene_expression	Illumina	4239844	2021-12-13T21:54:43.253578-06:00	bf87d41858a0ee886b956d9247b0ef8c	2024-07-30T09:30:06.405754-05:00	f3d5f550-311d-4c59-8576-81fde80db315	Gene Expression Quantification	released	RNA-Seq	1	32.0 - 46.0	TCGA-BRCA	30779d2f-787a-44d1-87c0-f3a3f82eeaf9	released	1990cbfd-497e-4fcb-ad10-251e410c0d29_star__counts	https://github.com/NCI-GDC/gdc-rnaseq-cwl/blob/5d8c131bbff59fb0c969217fc1d44e6d1503cd1f/rnaseq-star-align/star2pass.rnaseq_harmonization.cwl	STAR - Counts	5d8c131bbff59fb0c969217fc1d44e6d1503cd1f	Primary Tumor	NA	TCGA-E2-A1LE	TCGA-E2-A1LE-01A
f63a40ad-26af-48d6-bb36-91fd91d32e6b	TSV	TCGA-E2-A1IG-11A-22R-A144-07	open	90a1bbd2-6b26-4d1c-b255-df5499d1da6c.rna_seq.augmented_star_gene_counts.tsv	0e16d4a0-b805-4794-a750-322e0f852b4c	Transcriptome Profiling	gene_expression	Illumina	4234478	2021-12-13T21:44:14.443662-06:00	2819e5ef9e526856834e276e3b72ee25	2024-07-30T09:37:12.264359-05:00	f63a40ad-26af-48d6-bb36-91fd91d32e6b	Gene Expression Quantification	released	RNA-Seq	1	32.0 - 46.0	TCGA-BRCA	e7184c0d-704c-418d-a268-02c5866e358e	released	90a1bbd2-6b26-4d1c-b255-df5499d1da6c_star__counts	https://github.com/NCI-GDC/gdc-rnaseq-cwl/blob/5d8c131bbff59fb0c969217fc1d44e6d1503cd1f/rnaseq-star-align/star2pass.rnaseq_harmonization.cwl	STAR - Counts	5d8c131bbff59fb0c969217fc1d44e6d1503cd1f	Solid Tissue Normal	NA	TCGA-E2-A1IG	TCGA-E2-A1IG-11A
5c0579f7-6184-4afa-805c-7aeec4a4c5d2	TSV	TCGA-AO-A03N-01B-11R-A10J-07	open	7c9a2493-5667-48ec-8998-81e13722b4ab.rna_seq.augmented_star_gene_counts.tsv	71a83fe3-7243-4bda-a8ca-e965dd605fbe	Transcriptome Profiling	gene_expression	Illumina	4225986	2021-12-13T21:50:27.439203-06:00	43eac32229024e930858844f116decf2	2024-07-30T09:21:54.258218-05:00	5c0579f7-6184-4afa-805c-7aeec4a4c5d2	Gene Expression Quantification	released	RNA-Seq	1	32.0 - 46.0	TCGA-BRCA	bd9b353c-f3b9-4064-921b-f1d9a8ce6d52	released	7c9a2493-5667-48ec-8998-81e13722b4ab_star__counts	https://github.com/NCI-GDC/gdc-rnaseq-cwl/blob/5d8c131bbff59fb0c969217fc1d44e6d1503cd1f/rnaseq-star-align/star2pass.rnaseq_harmonization.cwl	STAR - Counts	5d8c131bbff59fb0c969217fc1d44e6d1503cd1f	Primary Tumor	NA	TCGA-AO-A03N	TCGA-AO-A03N-01B
b0cc3c29-89fe-4010-8f56-137f2b897bce	TSV	TCGA-E2-A1LI-01A-12R-A157-07	open	f7c6320e-0c39-4b92-9a25-fd4e03b70362.rna_seq.augmented_star_gene_counts.tsv	61232ad9-f074-4f43-948f-a4534e2493a9	Transcriptome Profiling	gene_expression	Illumina	4251892	2021-12-13T22:37:09.715616-06:00	016eb5a5728bc9be533195ba3169c38f	2024-07-30T09:48:25.573468-05:00	b0cc3c29-89fe-4010-8f56-137f2b897bce	Gene Expression Quantification	released	RNA-Seq	1	32.0 - 46.0	TCGA-BRCA	2b1f7ecd-c4a2-4fc8-84cf-768ed6eedf05	released	f7c6320e-0c39-4b92-9a25-fd4e03b70362_star__counts	https://github.com/NCI-GDC/gdc-rnaseq-cwl/blob/5d8c131bbff59fb0c969217fc1d44e6d1503cd1f/rnaseq-star-align/star2pass.rnaseq_harmonization.cwl	STAR - Counts	5d8c131bbff59fb0c969217fc1d44e6d1503cd1f	Primary Tumor	NA	TCGA-E2-A1LI	TCGA-E2-A1LI-01A
df416c2a-523d-4409-98ac-b0900584a065	TSV	TCGA-BH-A1FD-11B-21R-A13Q-07	open	bcbe88a9-729e-4af8-9bb8-1ac65aa4bd23.rna_seq.augmented_star_gene_counts.tsv	8b0a61c0-a862-4e24-8b1d-c811752a5765	Transcriptome Profiling	gene_expression	Illumina	4249217	2021-12-13T21:46:34.878913-06:00	69cf11842fb313717d0d52838bc7508c	2024-07-30T09:48:07.384577-05:00	df416c2a-523d-4409-98ac-b0900584a065	Gene Expression Quantification	released	RNA-Seq	1	32.0 - 46.0	TCGA-BRCA	a9f89c2e-bfd0-470a-a665-ca69649622f4	released	bcbe88a9-729e-4af8-9bb8-1ac65aa4bd23_star__counts	https://github.com/NCI-GDC/gdc-rnaseq-cwl/blob/5d8c131bbff59fb0c969217fc1d44e6d1503cd1f/rnaseq-star-align/star2pass.rnaseq_harmonization.cwl	STAR - Counts	5d8c131bbff59fb0c969217fc1d44e6d1503cd1f	Solid Tissue Normal	NA	TCGA-BH-A1FD	TCGA-BH-A1FD-11B
987603ab-513b-44d6-8b8e-344fd299a81a	TSV	TCGA-D8-A1XR-01A-11R-A14M-07	open	204cf188-2162-43ac-bad4-8304622f3090.rna_seq.augmented_star_gene_counts.tsv	3add55fd-4202-4570-866c-00ab96fcf98a	Transcriptome Profiling	gene_expression	Illumina	4255150	2021-12-13T22:39:34.547803-06:00	ecb1d0f6c271e0f3c0ee5813a20a178f	2024-07-30T09:36:48.216138-05:00	987603ab-513b-44d6-8b8e-344fd299a81a	Gene Expression Quantification	released	RNA-Seq	1	32.0 - 46.0	TCGA-BRCA	7f44b263-d0c0-42d5-a9f7-6d1a99b19f2a	released	204cf188-2162-43ac-bad4-8304622f3090_star__counts	https://github.com/NCI-GDC/gdc-rnaseq-cwl/blob/5d8c131bbff59fb0c969217fc1d44e6d1503cd1f/rnaseq-star-align/star2pass.rnaseq_harmonization.cwl	STAR - Counts	5d8c131bbff59fb0c969217fc1d44e6d1503cd1f	Primary Tumor	NA	TCGA-D8-A1XR	TCGA-D8-A1XR-01A
07478a1d-adbe-4fa7-858b-0edb74171eec	TSV	TCGA-OL-A5RY-01A-21R-A28M-07	open	647221bc-8100-4bb5-86a5-973fb67fde0b.rna_seq.augmented_star_gene_counts.tsv	d5c34f04-1b47-4e0d-b046-f378c2fa1ece	Transcriptome Profiling	gene_expression	Illumina	4236038	2021-12-13T22:19:52.281965-06:00	ab78b39d0de588f66eccb7debc475b6d	2024-07-30T09:53:50.620232-05:00	07478a1d-adbe-4fa7-858b-0edb74171eec	Gene Expression Quantification	released	RNA-Seq	1	32.0 - 46.0	TCGA-BRCA	875f6668-5bec-46ee-a3b0-410e75b04e8a	released	647221bc-8100-4bb5-86a5-973fb67fde0b_star__counts	https://github.com/NCI-GDC/gdc-rnaseq-cwl/blob/5d8c131bbff59fb0c969217fc1d44e6d1503cd1f/rnaseq-star-align/star2pass.rnaseq_harmonization.cwl	STAR - Counts	5d8c131bbff59fb0c969217fc1d44e6d1503cd1f	Primary Tumor	NA	TCGA-OL-A5RY	TCGA-OL-A5RY-01A
268eed55-913e-470b-8940-68daae0b21aa	TSV	TCGA-D8-A1JJ-01A-31R-A14M-07	open	42b32308-71f1-4f21-935f-7e4e5751e332.rna_seq.augmented_star_gene_counts.tsv	fbe5a597-aab2-41d9-9715-d65d9ff0dc1d	Transcriptome Profiling	gene_expression	Illumina	4249043	2021-12-13T22:19:11.911779-06:00	f1a98648086b46da1a5eff1edb8e7b1b	2024-07-30T09:38:45.854794-05:00	268eed55-913e-470b-8940-68daae0b21aa	Gene Expression Quantification	released	RNA-Seq	1	32.0 - 46.0	TCGA-BRCA	23498332-f4a0-4e9b-911b-11290206dc15	released	42b32308-71f1-4f21-935f-7e4e5751e332_star__counts	https://github.com/NCI-GDC/gdc-rnaseq-cwl/blob/5d8c131bbff59fb0c969217fc1d44e6d1503cd1f/rnaseq-star-align/star2pass.rnaseq_harmonization.cwl	STAR - Counts	5d8c131bbff59fb0c969217fc1d44e6d1503cd1f	Primary Tumor	NA	TCGA-D8-A1JJ	TCGA-D8-A1JJ-01A
736fca14-66fb-481a-985e-7253f75243a8	TSV	TCGA-BH-A0BS-11A-11R-A12P-07	open	217558e4-a5f5-4c72-91b7-b430a17f457a.rna_seq.augmented_star_gene_counts.tsv	6915c9e8-edd6-46de-99b5-9c725218020f	Transcriptome Profiling	gene_expression	Illumina	4251169	2021-12-13T22:10:50.795431-06:00	d37ead104075a6695095f3d09f2d580a	2024-07-30T10:07:11.364806-05:00	736fca14-66fb-481a-985e-7253f75243a8	Gene Expression Quantification	released	RNA-Seq	1	32.0 - 46.0	TCGA-BRCA	49794697-5bf9-4ce0-8a15-0457d6eabace	released	217558e4-a5f5-4c72-91b7-b430a17f457a_star__counts	https://github.com/NCI-GDC/gdc-rnaseq-cwl/blob/5d8c131bbff59fb0c969217fc1d44e6d1503cd1f/rnaseq-star-align/star2pass.rnaseq_harmonization.cwl	STAR - Counts	5d8c131bbff59fb0c969217fc1d44e6d1503cd1f	Solid Tissue Normal	NA	TCGA-BH-A0BS	TCGA-BH-A0BS-11A
08671bd5-f67a-46fa-979d-4aa40fb6575a	TSV	TCGA-E9-A1NA-01A-11R-A144-07	open	ad01e71e-ed1f-4de6-81b5-8ef60f7a38d0.rna_seq.augmented_star_gene_counts.tsv	a73b8bcc-a987-4c18-afbd-611d32ad739f	Transcriptome Profiling	gene_expression	Illumina	4246136	2021-12-13T22:08:47.952835-06:00	8f00e2443c6d7e4a89b17f8e29cc483e	2024-07-30T09:43:54.945406-05:00	08671bd5-f67a-46fa-979d-4aa40fb6575a	Gene Expression Quantification	released	RNA-Seq	1	32.0 - 46.0	TCGA-BRCA	b02257c6-622f-4ca4-a4fb-389afe0e2890	released	ad01e71e-ed1f-4de6-81b5-8ef60f7a38d0_star__counts	https://github.com/NCI-GDC/gdc-rnaseq-cwl/blob/5d8c131bbff59fb0c969217fc1d44e6d1503cd1f/rnaseq-star-align/star2pass.rnaseq_harmonization.cwl	STAR - Counts	5d8c131bbff59fb0c969217fc1d44e6d1503cd1f	Primary Tumor	NA	TCGA-E9-A1NA	TCGA-E9-A1NA-01A
80d565a0-59f6-409e-8850-5d4e2b5b996d	TSV	TCGA-B6-A1KI-01A-11R-A14M-07	open	9da89066-8d82-4ace-80e1-889d3c73c8eb.rna_seq.augmented_star_gene_counts.tsv	a3aed093-6ff6-4ba4-8abe-71a66e4f98c7	Transcriptome Profiling	gene_expression	Illumina	4248823	2021-12-13T22:33:33.662815-06:00	c8cfbdeff2091175e907ba10d9a314d5	2024-07-30T09:57:57.008592-05:00	80d565a0-59f6-409e-8850-5d4e2b5b996d	Gene Expression Quantification	released	RNA-Seq	1	32.0 - 46.0	TCGA-BRCA	b227be6c-a553-4fcc-bccb-1eee47b0b82c	released	9da89066-8d82-4ace-80e1-889d3c73c8eb_star__counts	https://github.com/NCI-GDC/gdc-rnaseq-cwl/blob/5d8c131bbff59fb0c969217fc1d44e6d1503cd1f/rnaseq-star-align/star2pass.rnaseq_harmonization.cwl	STAR - Counts	5d8c131bbff59fb0c969217fc1d44e6d1503cd1f	Primary Tumor	NA	TCGA-B6-A1KI	TCGA-B6-A1KI-01A
9b5b1b38-58b8-47c9-badf-086676e44c1a	TSV	TCGA-S3-AA11-01A-31R-A41B-07	open	4541a5e4-240b-466d-bbc4-3904581490f3.rna_seq.augmented_star_gene_counts.tsv	e57c2040-7744-4922-85f9-b6249b926774	Transcriptome Profiling	gene_expression	Illumina	4240732	2021-12-13T22:07:26.960660-06:00	e471102c12d7d1cce3c2e4b0590b2511	2024-07-30T10:04:40.794449-05:00	9b5b1b38-58b8-47c9-badf-086676e44c1a	Gene Expression Quantification	released	RNA-Seq	1	32.0 - 46.0	TCGA-BRCA	906937a1-70b5-4cff-bd5a-944961ab0766	released	4541a5e4-240b-466d-bbc4-3904581490f3_star__counts	https://github.com/NCI-GDC/gdc-rnaseq-cwl/blob/5d8c131bbff59fb0c969217fc1d44e6d1503cd1f/rnaseq-star-align/star2pass.rnaseq_harmonization.cwl	STAR - Counts	5d8c131bbff59fb0c969217fc1d44e6d1503cd1f	Primary Tumor	NA	TCGA-S3-AA11	TCGA-S3-AA11-01A
760131f1-5fbf-469f-9629-43733014953d	TSV	TCGA-BH-A0EI-01A-11R-A115-07	open	039eaafb-c311-45ff-9df7-30c1b0bab00a.rna_seq.augmented_star_gene_counts.tsv	e2fafd83-2adc-4c02-83f8-faad152acde6	Transcriptome Profiling	gene_expression	Illumina	4243960	2021-12-13T21:48:11.009720-06:00	97b9aa35ae268d685ce0dba0b9b94744	2024-07-30T09:18:52.148488-05:00	760131f1-5fbf-469f-9629-43733014953d	Gene Expression Quantification	released	RNA-Seq	1	32.0 - 46.0	TCGA-BRCA	54fdebc6-3e56-4574-9c93-4d2b77a49fdf	released	039eaafb-c311-45ff-9df7-30c1b0bab00a_star__counts	https://github.com/NCI-GDC/gdc-rnaseq-cwl/blob/5d8c131bbff59fb0c969217fc1d44e6d1503cd1f/rnaseq-star-align/star2pass.rnaseq_harmonization.cwl	STAR - Counts	5d8c131bbff59fb0c969217fc1d44e6d1503cd1f	Primary Tumor	NA	TCGA-BH-A0EI	TCGA-BH-A0EI-01A
931442ba-af81-4b68-beca-7285fc44b1df	TSV	TCGA-3C-AALJ-01A-31R-A41B-07	open	f2dda955-5a39-43c1-93a2-83953b2b91d1.rna_seq.augmented_star_gene_counts.tsv	18307d01-a8f1-4d94-95db-0e4e5af4fa21	Transcriptome Profiling	gene_expression	Illumina	4218167	2021-12-13T22:07:00.208533-06:00	62f442c0a47673a11906a33993fb57e3	2024-07-30T10:05:35.640097-05:00	931442ba-af81-4b68-beca-7285fc44b1df	Gene Expression Quantification	released	RNA-Seq	1	32.0 - 46.0	TCGA-BRCA	67c46830-1032-46fd-aad9-0db64be11f8b	released	f2dda955-5a39-43c1-93a2-83953b2b91d1_star__counts	https://github.com/NCI-GDC/gdc-rnaseq-cwl/blob/5d8c131bbff59fb0c969217fc1d44e6d1503cd1f/rnaseq-star-align/star2pass.rnaseq_harmonization.cwl	STAR - Counts	5d8c131bbff59fb0c969217fc1d44e6d1503cd1f	Primary Tumor	NA	TCGA-3C-AALJ	TCGA-3C-AALJ-01A
c38adc46-f0f2-4c71-91b6-da2159dcb190	TSV	TCGA-AR-A0TW-01A-11R-A084-07	open	0f9b8032-b21a-4480-8434-d174760a7ddd.rna_seq.augmented_star_gene_counts.tsv	7f71bbe6-9bb1-41f9-b971-0f84ad4f1ee9	Transcriptome Profiling	gene_expression	Illumina	4234157	2021-12-13T22:38:30.585319-06:00	eecb7df6270d554f7ba621a96cce7b67	2024-07-30T09:38:34.853447-05:00	c38adc46-f0f2-4c71-91b6-da2159dcb190	Gene Expression Quantification	released	RNA-Seq	1	32.0 - 46.0	TCGA-BRCA	076dd00a-4f60-4bcf-b084-a85a7321fdac	released	0f9b8032-b21a-4480-8434-d174760a7ddd_star__counts	https://github.com/NCI-GDC/gdc-rnaseq-cwl/blob/5d8c131bbff59fb0c969217fc1d44e6d1503cd1f/rnaseq-star-align/star2pass.rnaseq_harmonization.cwl	STAR - Counts	5d8c131bbff59fb0c969217fc1d44e6d1503cd1f	Primary Tumor	NA	TCGA-AR-A0TW	TCGA-AR-A0TW-01A
5645320f-820e-45b7-b4cf-ea05085f53e3	TSV	TCGA-AR-A24M-01A-11R-A169-07	open	bb06ad3a-4d73-4f88-8f3c-954dce2b38ef.rna_seq.augmented_star_gene_counts.tsv	d04c649b-a71d-4407-895a-b0a1bf74d6e1	Transcriptome Profiling	gene_expression	Illumina	4252595	2021-12-13T22:30:42.214133-06:00	cbb10dd04265dd6d6e94e9c3bc0a216a	2024-07-30T09:20:17.445048-05:00	5645320f-820e-45b7-b4cf-ea05085f53e3	Gene Expression Quantification	released	RNA-Seq	1	32.0 - 46.0	TCGA-BRCA	65856550-f330-4398-a024-5928ffa71fe9	released	bb06ad3a-4d73-4f88-8f3c-954dce2b38ef_star__counts	https://github.com/NCI-GDC/gdc-rnaseq-cwl/blob/5d8c131bbff59fb0c969217fc1d44e6d1503cd1f/rnaseq-star-align/star2pass.rnaseq_harmonization.cwl	STAR - Counts	5d8c131bbff59fb0c969217fc1d44e6d1503cd1f	Primary Tumor	NA	TCGA-AR-A24M	TCGA-AR-A24M-01A
a63cca36-139d-4054-9d99-9b04ddae7ec2	TSV	TCGA-AO-A124-01A-11R-A10J-07	open	3d05d072-d042-4c02-aaf6-ee2e589003d6.rna_seq.augmented_star_gene_counts.tsv	2db4cd6c-30c8-4c91-afe6-9b3ad45710b0	Transcriptome Profiling	gene_expression	Illumina	4249197	2021-12-13T21:55:15.782366-06:00	f2f1a4fff2ed21eac2b8fb473d13a10b	2024-07-30T10:08:16.597031-05:00	a63cca36-139d-4054-9d99-9b04ddae7ec2	Gene Expression Quantification	released	RNA-Seq	1	32.0 - 46.0	TCGA-BRCA	f205b26c-ce20-4456-a8b2-b8ba9ca03f47	released	3d05d072-d042-4c02-aaf6-ee2e589003d6_star__counts	https://github.com/NCI-GDC/gdc-rnaseq-cwl/blob/5d8c131bbff59fb0c969217fc1d44e6d1503cd1f/rnaseq-star-align/star2pass.rnaseq_harmonization.cwl	STAR - Counts	5d8c131bbff59fb0c969217fc1d44e6d1503cd1f	Primary Tumor	NA	TCGA-AO-A124	TCGA-AO-A124-01A
08b0fe4c-ee3c-4510-b75a-6d240cb038cc	TSV	TCGA-B6-A0RT-01A-21R-A084-07	open	e5bcd6f9-680e-4d57-81f3-c8e6b40bb2af.rna_seq.augmented_star_gene_counts.tsv	825ba963-7477-450f-a275-85557865c349	Transcriptome Profiling	gene_expression	Illumina	4255630	2021-12-13T21:51:17.490893-06:00	f23675ba05ec4a00ef5d6a304c9e31d9	2024-07-30T09:29:28.791695-05:00	08b0fe4c-ee3c-4510-b75a-6d240cb038cc	Gene Expression Quantification	released	RNA-Seq	1	32.0 - 46.0	TCGA-BRCA	5c6854ca-6786-4fd1-9979-7e6d3dc15e24	released	e5bcd6f9-680e-4d57-81f3-c8e6b40bb2af_star__counts	https://github.com/NCI-GDC/gdc-rnaseq-cwl/blob/5d8c131bbff59fb0c969217fc1d44e6d1503cd1f/rnaseq-star-align/star2pass.rnaseq_harmonization.cwl	STAR - Counts	5d8c131bbff59fb0c969217fc1d44e6d1503cd1f	Primary Tumor	NA	TCGA-B6-A0RT	TCGA-B6-A0RT-01A
66dbe196-661b-4d0e-ac48-b82fc6a67cc8	TSV	TCGA-D8-A27G-01A-11R-A16F-07	open	0ba03a16-3c4f-4118-91aa-53d4a7c00d38.rna_seq.augmented_star_gene_counts.tsv	4801ab66-38dc-4c84-951a-5b4b0f922f00	Transcriptome Profiling	gene_expression	Illumina	4247678	2021-12-13T22:02:56.318913-06:00	87ae99b84bf7759a06ea9e0d6695ac9e	2024-07-30T09:57:45.033342-05:00	66dbe196-661b-4d0e-ac48-b82fc6a67cc8	Gene Expression Quantification	released	RNA-Seq	1	32.0 - 46.0	TCGA-BRCA	ae098751-2d53-4fd3-9a46-2c452a7d7d68	released	0ba03a16-3c4f-4118-91aa-53d4a7c00d38_star__counts	https://github.com/NCI-GDC/gdc-rnaseq-cwl/blob/5d8c131bbff59fb0c969217fc1d44e6d1503cd1f/rnaseq-star-align/star2pass.rnaseq_harmonization.cwl	STAR - Counts	5d8c131bbff59fb0c969217fc1d44e6d1503cd1f	Primary Tumor	NA	TCGA-D8-A27G	TCGA-D8-A27G-01A
e4f49b9c-faed-4f15-a79c-79664e2c03b6	TSV	TCGA-BH-A1FB-11A-33R-A13Q-07	open	61a614bb-2249-4611-8aac-1a8e53d4467b.rna_seq.augmented_star_gene_counts.tsv	1fc8f599-2b9d-40f1-b01b-82b57fe8ae57	Transcriptome Profiling	gene_expression	Illumina	4243854	2021-12-13T22:12:40.985324-06:00	614f4f9f5f3d9e908e4621cc254868d6	2024-07-30T09:52:00.968465-05:00	e4f49b9c-faed-4f15-a79c-79664e2c03b6	Gene Expression Quantification	released	RNA-Seq	1	32.0 - 46.0	TCGA-BRCA	9d6321f2-733e-4e35-a45c-7f13f17d8d94	released	61a614bb-2249-4611-8aac-1a8e53d4467b_star__counts	https://github.com/NCI-GDC/gdc-rnaseq-cwl/blob/5d8c131bbff59fb0c969217fc1d44e6d1503cd1f/rnaseq-star-align/star2pass.rnaseq_harmonization.cwl	STAR - Counts	5d8c131bbff59fb0c969217fc1d44e6d1503cd1f	Solid Tissue Normal	NA	TCGA-BH-A1FB	TCGA-BH-A1FB-11A
5428e771-3ea8-46d1-842e-50a270d26bd3	TSV	TCGA-E9-A5UP-01A-11R-A28M-07	open	8dc201bf-b152-458f-86ee-347744a1b9bd.rna_seq.augmented_star_gene_counts.tsv	51fdf677-9bab-4cf8-86d5-4a16bc0b0519	Transcriptome Profiling	gene_expression	Illumina	4233719	2021-12-13T22:13:03.568982-06:00	d2bcf0ec1a28abd55c030395b3b222ab	2024-07-30T09:47:01.141557-05:00	5428e771-3ea8-46d1-842e-50a270d26bd3	Gene Expression Quantification	released	RNA-Seq	1	32.0 - 46.0	TCGA-BRCA	cf7f9e66-ee28-497e-8459-81040736db12	released	8dc201bf-b152-458f-86ee-347744a1b9bd_star__counts	https://github.com/NCI-GDC/gdc-rnaseq-cwl/blob/5d8c131bbff59fb0c969217fc1d44e6d1503cd1f/rnaseq-star-align/star2pass.rnaseq_harmonization.cwl	STAR - Counts	5d8c131bbff59fb0c969217fc1d44e6d1503cd1f	Primary Tumor	NA	TCGA-E9-A5UP	TCGA-E9-A5UP-01A
6fe2f370-6592-4d85-992c-1b5449a62dbe	TSV	TCGA-A7-A26F-01B-04R-A22O-07	open	c9496c77-cfbf-42db-a862-af0b878b9852.rna_seq.augmented_star_gene_counts.tsv	48cecc80-66b3-4de3-99a6-f343278b95d3	Transcriptome Profiling	gene_expression	Illumina	4269738	2021-12-13T22:20:58.014203-06:00	d58597b3309b7914ef887449222e95ed	2024-07-30T09:32:56.821473-05:00	6fe2f370-6592-4d85-992c-1b5449a62dbe	Gene Expression Quantification	released	RNA-Seq	1	32.0 - 46.0	TCGA-BRCA	0c3b0bb4-2ceb-47c9-bbdd-8b28da345c85	released	c9496c77-cfbf-42db-a862-af0b878b9852_star__counts	https://github.com/NCI-GDC/gdc-rnaseq-cwl/blob/5d8c131bbff59fb0c969217fc1d44e6d1503cd1f/rnaseq-star-align/star2pass.rnaseq_harmonization.cwl	STAR - Counts	5d8c131bbff59fb0c969217fc1d44e6d1503cd1f	Primary Tumor	NA	TCGA-A7-A26F	TCGA-A7-A26F-01B
481c702a-58ee-4fab-9559-434a45615aa5	TSV	TCGA-E9-A1NF-01A-11R-A14D-07	open	dc3a76a7-bac2-43c0-90e2-e251e459c659.rna_seq.augmented_star_gene_counts.tsv	40f8012c-7659-4ad3-8075-ca72e2088084	Transcriptome Profiling	gene_expression	Illumina	4229633	2021-12-13T22:21:01.824756-06:00	546857d71271f970a7b74366e3945cc5	2024-07-30T09:24:29.166981-05:00	481c702a-58ee-4fab-9559-434a45615aa5	Gene Expression Quantification	released	RNA-Seq	1	32.0 - 46.0	TCGA-BRCA	f25ad4dc-9e53-4561-be7e-f63a06359db0	released	dc3a76a7-bac2-43c0-90e2-e251e459c659_star__counts	https://github.com/NCI-GDC/gdc-rnaseq-cwl/blob/5d8c131bbff59fb0c969217fc1d44e6d1503cd1f/rnaseq-star-align/star2pass.rnaseq_harmonization.cwl	STAR - Counts	5d8c131bbff59fb0c969217fc1d44e6d1503cd1f	Primary Tumor	NA	TCGA-E9-A1NF	TCGA-E9-A1NF-01A
c9ff3787-de6e-4535-be34-6425ccf9079f	TSV	TCGA-E2-A1IN-01A-11R-A13Q-07	open	81395cc8-c7d5-4ea7-957a-b5cb8d6bfd1a.rna_seq.augmented_star_gene_counts.tsv	ed469804-2d98-4a60-a109-2be130e0bb40	Transcriptome Profiling	gene_expression	Illumina	4252062	2021-12-13T21:47:09.924236-06:00	73b28ed38e0a22f8fbf407f1961f9206	2024-07-30T09:30:38.370653-05:00	c9ff3787-de6e-4535-be34-6425ccf9079f	Gene Expression Quantification	released	RNA-Seq	1	32.0 - 46.0	TCGA-BRCA	89e48df4-a777-4752-aab8-ba82504f39f6	released	81395cc8-c7d5-4ea7-957a-b5cb8d6bfd1a_star__counts	https://github.com/NCI-GDC/gdc-rnaseq-cwl/blob/5d8c131bbff59fb0c969217fc1d44e6d1503cd1f/rnaseq-star-align/star2pass.rnaseq_harmonization.cwl	STAR - Counts	5d8c131bbff59fb0c969217fc1d44e6d1503cd1f	Primary Tumor	NA	TCGA-E2-A1IN	TCGA-E2-A1IN-01A
1f9a9190-4157-457e-9794-a9217d2aa2f8	TSV	TCGA-E2-A14S-01A-11R-A12D-07	open	cf4160bb-9ef4-43c1-ac83-f6ca897101ee.rna_seq.augmented_star_gene_counts.tsv	35e9a0b5-6f1e-445f-b175-90a20713b9bc	Transcriptome Profiling	gene_expression	Illumina	4248776	2021-12-13T22:22:11.918419-06:00	a64d7559982aa695e38e6ba5b64b3b44	2024-07-30T09:41:51.188515-05:00	1f9a9190-4157-457e-9794-a9217d2aa2f8	Gene Expression Quantification	released	RNA-Seq	1	32.0 - 46.0	TCGA-BRCA	c8b47e06-a1c1-43d3-b4bd-857ed6ade023	released	cf4160bb-9ef4-43c1-ac83-f6ca897101ee_star__counts	https://github.com/NCI-GDC/gdc-rnaseq-cwl/blob/5d8c131bbff59fb0c969217fc1d44e6d1503cd1f/rnaseq-star-align/star2pass.rnaseq_harmonization.cwl	STAR - Counts	5d8c131bbff59fb0c969217fc1d44e6d1503cd1f	Primary Tumor	NA	TCGA-E2-A14S	TCGA-E2-A14S-01A
92dd3ded-2b51-4d1d-8c8a-09ed1f0b16ed	TSV	TCGA-E9-A1RI-01A-11R-A169-07	open	68bb844b-1bd7-4828-97d0-e284a7998cbf.rna_seq.augmented_star_gene_counts.tsv	d42626eb-0ded-4ee5-b4c4-3c679282d14d	Transcriptome Profiling	gene_expression	Illumina	4252225	2021-12-13T21:50:44.209080-06:00	4a2eec136254c40da6d8e3e3ff46458e	2024-07-30T09:38:50.649045-05:00	92dd3ded-2b51-4d1d-8c8a-09ed1f0b16ed	Gene Expression Quantification	released	RNA-Seq	1	32.0 - 46.0	TCGA-BRCA	51127a1e-d75e-4c1b-9d60-c6a2dc773557	released	68bb844b-1bd7-4828-97d0-e284a7998cbf_star__counts	https://github.com/NCI-GDC/gdc-rnaseq-cwl/blob/5d8c131bbff59fb0c969217fc1d44e6d1503cd1f/rnaseq-star-align/star2pass.rnaseq_harmonization.cwl	STAR - Counts	5d8c131bbff59fb0c969217fc1d44e6d1503cd1f	Primary Tumor	NA	TCGA-E9-A1RI	TCGA-E9-A1RI-01A
eba83203-1de1-447a-88d0-2ffbccc24990	TSV	TCGA-AR-A2LJ-01A-12R-A19W-07	open	fa94f266-1ed4-440a-8d10-3c72ce4100ba.rna_seq.augmented_star_gene_counts.tsv	d2719764-ab83-49d0-bbcc-e5e9b0fdfdd7	Transcriptome Profiling	gene_expression	Illumina	4240777	2021-12-13T22:28:36.002521-06:00	b861e79548498dbfc371208205e9d5a3	2024-07-30T09:52:57.689897-05:00	eba83203-1de1-447a-88d0-2ffbccc24990	Gene Expression Quantification	released	RNA-Seq	1	32.0 - 46.0	TCGA-BRCA	e160c136-efcd-4e76-b3bd-5c14a75ff7f5	released	fa94f266-1ed4-440a-8d10-3c72ce4100ba_star__counts	https://github.com/NCI-GDC/gdc-rnaseq-cwl/blob/5d8c131bbff59fb0c969217fc1d44e6d1503cd1f/rnaseq-star-align/star2pass.rnaseq_harmonization.cwl	STAR - Counts	5d8c131bbff59fb0c969217fc1d44e6d1503cd1f	Primary Tumor	NA	TCGA-AR-A2LJ	TCGA-AR-A2LJ-01A
c15e9ead-0373-486e-a99b-26b96bd3ccc4	TSV	TCGA-EW-A1P8-01A-11R-A144-07	open	27c65ed6-9e9d-4a9d-9b6f-76d2a12f7699.rna_seq.augmented_star_gene_counts.tsv	cc1ab19e-2031-417a-afaa-3cf8b1171e93	Transcriptome Profiling	gene_expression	Illumina	4242237	2021-12-13T21:47:31.260633-06:00	8ae59809488a8121e4706c1abcfbd072	2024-07-30T09:33:21.544390-05:00	c15e9ead-0373-486e-a99b-26b96bd3ccc4	Gene Expression Quantification	released	RNA-Seq	1	32.0 - 46.0	TCGA-BRCA	b6358295-3831-4e56-8c20-29a8b7ac2d7c	released	27c65ed6-9e9d-4a9d-9b6f-76d2a12f7699_star__counts	https://github.com/NCI-GDC/gdc-rnaseq-cwl/blob/5d8c131bbff59fb0c969217fc1d44e6d1503cd1f/rnaseq-star-align/star2pass.rnaseq_harmonization.cwl	STAR - Counts	5d8c131bbff59fb0c969217fc1d44e6d1503cd1f	Primary Tumor	NA	TCGA-EW-A1P8	TCGA-EW-A1P8-01A
91e43fc0-1bd1-41e3-a828-43ec6620feb6	TSV	TCGA-AR-A0U2-01A-11R-A109-07	open	1453285a-717a-4ae3-a537-57df2b8e65e2.rna_seq.augmented_star_gene_counts.tsv	7879aecd-9d8b-409a-815a-70bae41a5d8e	Transcriptome Profiling	gene_expression	Illumina	4250579	2021-12-13T22:30:01.865677-06:00	59ff0ee93e0c09caa5b69a44a519df48	2024-07-30T09:22:54.938215-05:00	91e43fc0-1bd1-41e3-a828-43ec6620feb6	Gene Expression Quantification	released	RNA-Seq	1	32.0 - 46.0	TCGA-BRCA	14799320-4bd9-40e7-b3ae-990af73c9b7b	released	1453285a-717a-4ae3-a537-57df2b8e65e2_star__counts	https://github.com/NCI-GDC/gdc-rnaseq-cwl/blob/5d8c131bbff59fb0c969217fc1d44e6d1503cd1f/rnaseq-star-align/star2pass.rnaseq_harmonization.cwl	STAR - Counts	5d8c131bbff59fb0c969217fc1d44e6d1503cd1f	Primary Tumor	NA	TCGA-AR-A0U2	TCGA-AR-A0U2-01A
5599b7dd-7c2a-4037-ad77-11a0b4ddcb54	TSV	TCGA-A2-A3KD-01A-12R-A213-07	open	6cbfdf8b-fd71-4b6a-b360-1573ee5241a1.rna_seq.augmented_star_gene_counts.tsv	cc498fee-bfde-4e86-a03e-b13f2b01b67a	Transcriptome Profiling	gene_expression	Illumina	4249344	2021-12-13T21:50:02.133442-06:00	46cd73fb74d2a995678e71e2e8920b45	2024-07-30T10:03:53.694574-05:00	5599b7dd-7c2a-4037-ad77-11a0b4ddcb54	Gene Expression Quantification	released	RNA-Seq	1	32.0 - 46.0	TCGA-BRCA	0695f44d-1d3a-455e-9f96-fc7673ae68c3	released	6cbfdf8b-fd71-4b6a-b360-1573ee5241a1_star__counts	https://github.com/NCI-GDC/gdc-rnaseq-cwl/blob/5d8c131bbff59fb0c969217fc1d44e6d1503cd1f/rnaseq-star-align/star2pass.rnaseq_harmonization.cwl	STAR - Counts	5d8c131bbff59fb0c969217fc1d44e6d1503cd1f	Primary Tumor	NA	TCGA-A2-A3KD	TCGA-A2-A3KD-01A
d657ed9a-fd92-493c-ae10-120c8b0c58d7	TSV	TCGA-BH-A1F5-01A-12R-A13Q-07	open	57730033-1db5-4e48-81ff-b6ee4f3c0ab4.rna_seq.augmented_star_gene_counts.tsv	6864bc1c-2197-4c31-9333-3a0fb880798c	Transcriptome Profiling	gene_expression	Illumina	4243530	2021-12-13T22:13:39.163886-06:00	11fda1ebc529d737ac2c40565ede2ef5	2024-07-30T10:06:48.330074-05:00	d657ed9a-fd92-493c-ae10-120c8b0c58d7	Gene Expression Quantification	released	RNA-Seq	1	32.0 - 46.0	TCGA-BRCA	59b5c7df-b284-42dd-835c-bf0695895c72	released	57730033-1db5-4e48-81ff-b6ee4f3c0ab4_star__counts	https://github.com/NCI-GDC/gdc-rnaseq-cwl/blob/5d8c131bbff59fb0c969217fc1d44e6d1503cd1f/rnaseq-star-align/star2pass.rnaseq_harmonization.cwl	STAR - Counts	5d8c131bbff59fb0c969217fc1d44e6d1503cd1f	Primary Tumor	NA	TCGA-BH-A1F5	TCGA-BH-A1F5-01A
2040d4e4-0ecb-4081-9478-9d2707833a1b	TSV	TCGA-C8-A1HK-01A-21R-A13Q-07	open	10376443-40df-451a-91e5-6be34850558c.rna_seq.augmented_star_gene_counts.tsv	2c5fbbac-5b40-4ad4-99e8-2482c271ca74	Transcriptome Profiling	gene_expression	Illumina	4228256	2021-12-13T21:59:32.675144-06:00	964354a7cb6390a22972920044ccd9e5	2024-07-30T09:54:25.557205-05:00	2040d4e4-0ecb-4081-9478-9d2707833a1b	Gene Expression Quantification	released	RNA-Seq	1	32.0 - 46.0	TCGA-BRCA	722173ec-8349-48e3-965d-18647bb12c04	released	10376443-40df-451a-91e5-6be34850558c_star__counts	https://github.com/NCI-GDC/gdc-rnaseq-cwl/blob/5d8c131bbff59fb0c969217fc1d44e6d1503cd1f/rnaseq-star-align/star2pass.rnaseq_harmonization.cwl	STAR - Counts	5d8c131bbff59fb0c969217fc1d44e6d1503cd1f	Primary Tumor	NA	TCGA-C8-A1HK	TCGA-C8-A1HK-01A
59915f69-8e37-44a8-a8f6-feb9e06b6703	TSV	TCGA-A8-A081-01A-11R-A00Z-07	open	e6e7d36e-b6c6-4e54-95ee-ee20e6f1f80e.rna_seq.augmented_star_gene_counts.tsv	64378ba8-3a54-46aa-809b-89d3f47498b8	Transcriptome Profiling	gene_expression	Illumina	4258993	2021-12-13T22:07:39.784982-06:00	f0ea2c7509f437c1d9b3354bf9ec0580	2024-07-30T09:33:43.889465-05:00	59915f69-8e37-44a8-a8f6-feb9e06b6703	Gene Expression Quantification	released	RNA-Seq	1	32.0 - 46.0	TCGA-BRCA	35dc4e61-53e0-46ca-a98f-88d7a13e2751	released	e6e7d36e-b6c6-4e54-95ee-ee20e6f1f80e_star__counts	https://github.com/NCI-GDC/gdc-rnaseq-cwl/blob/5d8c131bbff59fb0c969217fc1d44e6d1503cd1f/rnaseq-star-align/star2pass.rnaseq_harmonization.cwl	STAR - Counts	5d8c131bbff59fb0c969217fc1d44e6d1503cd1f	Primary Tumor	NA	TCGA-A8-A081	TCGA-A8-A081-01A
f94b47fb-764c-456f-946d-907a2fc154db	TSV	TCGA-A2-A0YT-01A-11R-A109-07	open	f72da140-1607-4609-a6bf-ebe538667a8c.rna_seq.augmented_star_gene_counts.tsv	12e51296-50c6-4834-a0d1-b774717519dc	Transcriptome Profiling	gene_expression	Illumina	4246807	2021-12-13T22:30:22.317575-06:00	8aba3a46a2dbb1d3054517dc0bb8a7ab	2024-07-30T09:20:28.758305-05:00	f94b47fb-764c-456f-946d-907a2fc154db	Gene Expression Quantification	released	RNA-Seq	1	32.0 - 46.0	TCGA-BRCA	760d6f6c-0cdf-4204-9004-2f3467357774	released	f72da140-1607-4609-a6bf-ebe538667a8c_star__counts	https://github.com/NCI-GDC/gdc-rnaseq-cwl/blob/5d8c131bbff59fb0c969217fc1d44e6d1503cd1f/rnaseq-star-align/star2pass.rnaseq_harmonization.cwl	STAR - Counts	5d8c131bbff59fb0c969217fc1d44e6d1503cd1f	Primary Tumor	NA	TCGA-A2-A0YT	TCGA-A2-A0YT-01A
deb932e6-470e-4fae-88f1-efb2e820325e	TSV	TCGA-D8-A1XC-01A-11R-A14D-07	open	d372fdcf-a087-4773-880a-169ecc0d1fd0.rna_seq.augmented_star_gene_counts.tsv	136eb150-052f-4825-88e1-532bb27c6449	Transcriptome Profiling	gene_expression	Illumina	4230151	2021-12-13T22:31:38.139541-06:00	32b0f851fecf8222a3e360c54b962983	2024-07-30T09:47:07.791088-05:00	deb932e6-470e-4fae-88f1-efb2e820325e	Gene Expression Quantification	released	RNA-Seq	1	32.0 - 46.0	TCGA-BRCA	dfd52bb0-50fa-4d9b-bc19-d2a47e05cbb1	released	d372fdcf-a087-4773-880a-169ecc0d1fd0_star__counts	https://github.com/NCI-GDC/gdc-rnaseq-cwl/blob/5d8c131bbff59fb0c969217fc1d44e6d1503cd1f/rnaseq-star-align/star2pass.rnaseq_harmonization.cwl	STAR - Counts	5d8c131bbff59fb0c969217fc1d44e6d1503cd1f	Primary Tumor	NA	TCGA-D8-A1XC	TCGA-D8-A1XC-01A
76bcf698-d2da-42de-b33c-c5deb721c643	TSV	TCGA-BH-A1F6-01A-11R-A13Q-07	open	1a2bc49d-edc6-4b84-88f0-73b6ed250d1b.rna_seq.augmented_star_gene_counts.tsv	e51209fe-5fe7-47c1-9f16-11efa59dd2d5	Transcriptome Profiling	gene_expression	Illumina	4233132	2021-12-13T22:21:52.404156-06:00	ce44205e8457d0a0303352a0b74b49ab	2024-07-30T09:29:33.828679-05:00	76bcf698-d2da-42de-b33c-c5deb721c643	Gene Expression Quantification	released	RNA-Seq	1	32.0 - 46.0	TCGA-BRCA	40940588-6601-4d4b-b27e-94ddaedfc3be	released	1a2bc49d-edc6-4b84-88f0-73b6ed250d1b_star__counts	https://github.com/NCI-GDC/gdc-rnaseq-cwl/blob/5d8c131bbff59fb0c969217fc1d44e6d1503cd1f/rnaseq-star-align/star2pass.rnaseq_harmonization.cwl	STAR - Counts	5d8c131bbff59fb0c969217fc1d44e6d1503cd1f	Primary Tumor	NA	TCGA-BH-A1F6	TCGA-BH-A1F6-01A
2faa9332-e577-4884-94e4-b895827db8b6	TSV	TCGA-C8-A12Q-01A-11R-A115-07	open	8b5be676-9118-4038-9d54-6b80b14e43dc.rna_seq.augmented_star_gene_counts.tsv	5cd29aae-4e39-41b0-a516-55cbf9c3630d	Transcriptome Profiling	gene_expression	Illumina	4249339	2021-12-13T21:46:44.160709-06:00	f7127c72f9c82b7b0d1275f7f692daad	2024-07-30T10:04:09.264162-05:00	2faa9332-e577-4884-94e4-b895827db8b6	Gene Expression Quantification	released	RNA-Seq	1	32.0 - 46.0	TCGA-BRCA	facd6169-dc42-46d1-b611-308e39491086	released	8b5be676-9118-4038-9d54-6b80b14e43dc_star__counts	https://github.com/NCI-GDC/gdc-rnaseq-cwl/blob/5d8c131bbff59fb0c969217fc1d44e6d1503cd1f/rnaseq-star-align/star2pass.rnaseq_harmonization.cwl	STAR - Counts	5d8c131bbff59fb0c969217fc1d44e6d1503cd1f	Primary Tumor	NA	TCGA-C8-A12Q	TCGA-C8-A12Q-01A
c7571e35-d912-4935-b2c3-bbba019fe9f8	TSV	TCGA-A2-A0EY-01A-11R-A034-07	open	0f3b932e-de72-483f-9ef6-74ae972637bd.rna_seq.augmented_star_gene_counts.tsv	85b86453-6589-4e87-a9ba-aa005b7bacb4	Transcriptome Profiling	gene_expression	Illumina	4247871	2021-12-13T22:23:59.923788-06:00	c243111658a7ee38e11dcaf3eeadfd59	2024-07-30T10:06:04.098454-05:00	c7571e35-d912-4935-b2c3-bbba019fe9f8	Gene Expression Quantification	released	RNA-Seq	1	32.0 - 46.0	TCGA-BRCA	5e3a678e-1597-4823-9c12-ea0fb55174a8	released	0f3b932e-de72-483f-9ef6-74ae972637bd_star__counts	https://github.com/NCI-GDC/gdc-rnaseq-cwl/blob/5d8c131bbff59fb0c969217fc1d44e6d1503cd1f/rnaseq-star-align/star2pass.rnaseq_harmonization.cwl	STAR - Counts	5d8c131bbff59fb0c969217fc1d44e6d1503cd1f	Primary Tumor	NA	TCGA-A2-A0EY	TCGA-A2-A0EY-01A
ad67e3a9-1751-4e6f-a962-2175f824f96d	TSV	TCGA-A8-A07U-01A-11R-A034-07	open	68503654-dd77-48f1-abab-aca55258dca4.rna_seq.augmented_star_gene_counts.tsv	d5f8018e-c73b-40c0-b7c4-1d6c01d409a4	Transcriptome Profiling	gene_expression	Illumina	4240644	2021-12-13T21:58:41.546676-06:00	79336625511450572cedc2d1ec133ddc	2024-07-30T09:46:42.327662-05:00	ad67e3a9-1751-4e6f-a962-2175f824f96d	Gene Expression Quantification	released	RNA-Seq	1	32.0 - 46.0	TCGA-BRCA	e553ab05-9ae0-442a-9955-d4334bd327a1	released	68503654-dd77-48f1-abab-aca55258dca4_star__counts	https://github.com/NCI-GDC/gdc-rnaseq-cwl/blob/5d8c131bbff59fb0c969217fc1d44e6d1503cd1f/rnaseq-star-align/star2pass.rnaseq_harmonization.cwl	STAR - Counts	5d8c131bbff59fb0c969217fc1d44e6d1503cd1f	Primary Tumor	NA	TCGA-A8-A07U	TCGA-A8-A07U-01A
d0dcec39-c407-4593-98e3-133714cf2f7b	TSV	TCGA-EW-A3E8-01B-11R-A24H-07	open	f18a5a92-2b2e-4834-8610-df98760db5aa.rna_seq.augmented_star_gene_counts.tsv	2cb6be82-01a0-4e6c-88fc-1d4f2b1cac0c	Transcriptome Profiling	gene_expression	Illumina	4259475	2021-12-13T22:33:41.467291-06:00	310362f804e65f174250c5231f3f7a7d	2024-07-30T09:45:01.151454-05:00	d0dcec39-c407-4593-98e3-133714cf2f7b	Gene Expression Quantification	released	RNA-Seq	1	32.0 - 46.0	TCGA-BRCA	a8ecc186-91c5-438d-bb03-b0fb03cd78f0	released	f18a5a92-2b2e-4834-8610-df98760db5aa_star__counts	https://github.com/NCI-GDC/gdc-rnaseq-cwl/blob/5d8c131bbff59fb0c969217fc1d44e6d1503cd1f/rnaseq-star-align/star2pass.rnaseq_harmonization.cwl	STAR - Counts	5d8c131bbff59fb0c969217fc1d44e6d1503cd1f	Primary Tumor	NA	TCGA-EW-A3E8	TCGA-EW-A3E8-01B
d84ce38f-afb8-4b1a-9a5f-f62d59577b3d	TSV	TCGA-BH-A0BV-01A-11R-A00Z-07	open	4066800d-0b9e-4263-ba24-cab271630e41.rna_seq.augmented_star_gene_counts.tsv	17e95a1a-7703-43a5-93a3-b8e515b67574	Transcriptome Profiling	gene_expression	Illumina	4238507	2021-12-13T22:17:54.246875-06:00	0f2a1d55eaa4724936e7a5af690f6755	2024-07-30T09:43:28.259783-05:00	d84ce38f-afb8-4b1a-9a5f-f62d59577b3d	Gene Expression Quantification	released	RNA-Seq	1	32.0 - 46.0	TCGA-BRCA	0228ffb2-ae4c-47ae-9dd6-fb4eb81b3267	released	4066800d-0b9e-4263-ba24-cab271630e41_star__counts	https://github.com/NCI-GDC/gdc-rnaseq-cwl/blob/5d8c131bbff59fb0c969217fc1d44e6d1503cd1f/rnaseq-star-align/star2pass.rnaseq_harmonization.cwl	STAR - Counts	5d8c131bbff59fb0c969217fc1d44e6d1503cd1f	Primary Tumor	NA	TCGA-BH-A0BV	TCGA-BH-A0BV-01A
4cac7145-605b-43d2-a1e3-309971cbe173	TSV	TCGA-A2-A04X-01A-21R-A034-07	open	94e93460-c9fc-48f9-a2de-3722231f54b6.rna_seq.augmented_star_gene_counts.tsv	ce0fced0-4b22-411a-b846-05905024f513	Transcriptome Profiling	gene_expression	Illumina	4244520	2021-12-13T22:16:25.303410-06:00	6a6a702b5f75a8c6eb8e5b768b30042e	2024-07-30T09:47:14.116374-05:00	4cac7145-605b-43d2-a1e3-309971cbe173	Gene Expression Quantification	released	RNA-Seq	1	32.0 - 46.0	TCGA-BRCA	b125fa73-427e-4231-bd78-a069ed102d61	released	94e93460-c9fc-48f9-a2de-3722231f54b6_star__counts	https://github.com/NCI-GDC/gdc-rnaseq-cwl/blob/5d8c131bbff59fb0c969217fc1d44e6d1503cd1f/rnaseq-star-align/star2pass.rnaseq_harmonization.cwl	STAR - Counts	5d8c131bbff59fb0c969217fc1d44e6d1503cd1f	Primary Tumor	NA	TCGA-A2-A04X	TCGA-A2-A04X-01A
fc1ea7f7-814a-43c5-a841-fb0c11734603	TSV	TCGA-GM-A3XG-01A-31R-A24H-07	open	10ce58cf-c9ee-4be2-899d-4c20c788effc.rna_seq.augmented_star_gene_counts.tsv	9b078170-9342-43ad-8bde-7feffc5badf0	Transcriptome Profiling	gene_expression	Illumina	4249835	2021-12-13T22:12:18.592576-06:00	30227d8cefd9f97d8f65186c53439204	2024-07-30T09:32:58.033427-05:00	fc1ea7f7-814a-43c5-a841-fb0c11734603	Gene Expression Quantification	released	RNA-Seq	1	32.0 - 46.0	TCGA-BRCA	b74785fc-aaa8-4eaf-80a1-d6feaf15b891	released	10ce58cf-c9ee-4be2-899d-4c20c788effc_star__counts	https://github.com/NCI-GDC/gdc-rnaseq-cwl/blob/5d8c131bbff59fb0c969217fc1d44e6d1503cd1f/rnaseq-star-align/star2pass.rnaseq_harmonization.cwl	STAR - Counts	5d8c131bbff59fb0c969217fc1d44e6d1503cd1f	Primary Tumor	NA	TCGA-GM-A3XG	TCGA-GM-A3XG-01A
97dd05b6-58a9-43ab-9e03-faa105d2a700	TSV	TCGA-BH-A18N-01A-11R-A12D-07	open	40a4fc74-f345-4940-be5c-249013782e4f.rna_seq.augmented_star_gene_counts.tsv	cefbb0a6-ee5e-4651-b49a-d8e3b36b178f	Transcriptome Profiling	gene_expression	Illumina	4244001	2021-12-13T22:35:32.828008-06:00	2d988be3a3f28a0d249123686fb4bf4e	2024-07-30T09:53:26.351972-05:00	97dd05b6-58a9-43ab-9e03-faa105d2a700	Gene Expression Quantification	released	RNA-Seq	1	32.0 - 46.0	TCGA-BRCA	f20bd44a-d9cd-4a45-a134-1fe1e7f89631	released	40a4fc74-f345-4940-be5c-249013782e4f_star__counts	https://github.com/NCI-GDC/gdc-rnaseq-cwl/blob/5d8c131bbff59fb0c969217fc1d44e6d1503cd1f/rnaseq-star-align/star2pass.rnaseq_harmonization.cwl	STAR - Counts	5d8c131bbff59fb0c969217fc1d44e6d1503cd1f	Primary Tumor	NA	TCGA-BH-A18N	TCGA-BH-A18N-01A
cba08218-0a7b-4425-8776-b240fac9b6cf	TSV	TCGA-AR-A5QM-01A-11R-A27Q-07	open	fd71e0e9-e77a-465b-b118-b1f9665d5797.rna_seq.augmented_star_gene_counts.tsv	93d8026c-3c98-484f-b5c0-d7deb4dad260	Transcriptome Profiling	gene_expression	Illumina	4242655	2021-12-13T22:19:26.236605-06:00	2dd35d7aa3409cc96c0eae666836018c	2024-07-30T09:21:56.902147-05:00	cba08218-0a7b-4425-8776-b240fac9b6cf	Gene Expression Quantification	released	RNA-Seq	1	32.0 - 46.0	TCGA-BRCA	5c861774-b41d-4985-b8a4-15babedb7457	released	fd71e0e9-e77a-465b-b118-b1f9665d5797_star__counts	https://github.com/NCI-GDC/gdc-rnaseq-cwl/blob/5d8c131bbff59fb0c969217fc1d44e6d1503cd1f/rnaseq-star-align/star2pass.rnaseq_harmonization.cwl	STAR - Counts	5d8c131bbff59fb0c969217fc1d44e6d1503cd1f	Primary Tumor	NA	TCGA-AR-A5QM	TCGA-AR-A5QM-01A
4662f2d3-edd6-4260-a4ad-04c46ca54443	TSV	TCGA-E2-A10C-01A-21R-A10J-07	open	960df455-dab8-4c59-9a99-579cdabe4d19.rna_seq.augmented_star_gene_counts.tsv	9ba0e140-8e99-4ae9-a00f-9ef537de953b	Transcriptome Profiling	gene_expression	Illumina	4237433	2021-12-13T22:10:25.631087-06:00	1c8cc10703d59c360f3a02a99f32036e	2024-07-30T09:18:10.743151-05:00	4662f2d3-edd6-4260-a4ad-04c46ca54443	Gene Expression Quantification	released	RNA-Seq	1	32.0 - 46.0	TCGA-BRCA	f4ad0d74-68ea-4d09-84b9-b404b15eee46	released	960df455-dab8-4c59-9a99-579cdabe4d19_star__counts	https://github.com/NCI-GDC/gdc-rnaseq-cwl/blob/5d8c131bbff59fb0c969217fc1d44e6d1503cd1f/rnaseq-star-align/star2pass.rnaseq_harmonization.cwl	STAR - Counts	5d8c131bbff59fb0c969217fc1d44e6d1503cd1f	Primary Tumor	NA	TCGA-E2-A10C	TCGA-E2-A10C-01A
59980021-265a-4817-b7ea-02908a52cbcb	TSV	TCGA-A2-A04Y-01A-21R-A034-07	open	2973fc8f-d20c-4cf3-b183-2ac32df73ae7.rna_seq.augmented_star_gene_counts.tsv	1a57369b-63a9-4bc5-b0c5-e2ecf27be187	Transcriptome Profiling	gene_expression	Illumina	4253583	2021-12-13T22:16:20.073184-06:00	d8c41f144682324957f69182f51791d3	2024-07-30T09:36:50.633442-05:00	59980021-265a-4817-b7ea-02908a52cbcb	Gene Expression Quantification	released	RNA-Seq	1	32.0 - 46.0	TCGA-BRCA	ecb1ff08-76a3-456c-94b9-248d7bb50a1e	released	2973fc8f-d20c-4cf3-b183-2ac32df73ae7_star__counts	https://github.com/NCI-GDC/gdc-rnaseq-cwl/blob/5d8c131bbff59fb0c969217fc1d44e6d1503cd1f/rnaseq-star-align/star2pass.rnaseq_harmonization.cwl	STAR - Counts	5d8c131bbff59fb0c969217fc1d44e6d1503cd1f	Primary Tumor	NA	TCGA-A2-A04Y	TCGA-A2-A04Y-01A
b9bdb9d3-4d2b-4a53-9804-d0511174e553	TSV	TCGA-A7-A0CH-11A-32R-A089-07	open	49e456c9-c47b-4663-bf6f-9f8f4e4e71a5.rna_seq.augmented_star_gene_counts.tsv	54825160-6b86-4ad4-9824-e57a117d00c3	Transcriptome Profiling	gene_expression	Illumina	4249088	2021-12-13T22:36:50.489051-06:00	c68d20cdb92d62abe7e0669fef6cc03d	2024-07-30T10:03:40.591726-05:00	b9bdb9d3-4d2b-4a53-9804-d0511174e553	Gene Expression Quantification	released	RNA-Seq	1	32.0 - 46.0	TCGA-BRCA	4adaec2f-a0c0-4375-b441-0b8260c33f29	released	49e456c9-c47b-4663-bf6f-9f8f4e4e71a5_star__counts	https://github.com/NCI-GDC/gdc-rnaseq-cwl/blob/5d8c131bbff59fb0c969217fc1d44e6d1503cd1f/rnaseq-star-align/star2pass.rnaseq_harmonization.cwl	STAR - Counts	5d8c131bbff59fb0c969217fc1d44e6d1503cd1f	Solid Tissue Normal	NA	TCGA-A7-A0CH	TCGA-A7-A0CH-11A
2d75b6a1-0f93-4c6a-9554-73a214969c6b	TSV	TCGA-E9-A1N4-11A-33R-A14M-07	open	1cbbe329-a471-425e-b14d-e9043fce6926.rna_seq.augmented_star_gene_counts.tsv	fd561cd7-ba41-4731-a192-0843239100a9	Transcriptome Profiling	gene_expression	Illumina	4261873	2021-12-13T22:15:12.366813-06:00	b5afc3fe576b86f97653701118128447	2024-07-30T09:51:29.640322-05:00	2d75b6a1-0f93-4c6a-9554-73a214969c6b	Gene Expression Quantification	released	RNA-Seq	1	32.0 - 46.0	TCGA-BRCA	e5070fdb-3427-4c35-bcfe-75398f346857	released	1cbbe329-a471-425e-b14d-e9043fce6926_star__counts	https://github.com/NCI-GDC/gdc-rnaseq-cwl/blob/5d8c131bbff59fb0c969217fc1d44e6d1503cd1f/rnaseq-star-align/star2pass.rnaseq_harmonization.cwl	STAR - Counts	5d8c131bbff59fb0c969217fc1d44e6d1503cd1f	Solid Tissue Normal	NA	TCGA-E9-A1N4	TCGA-E9-A1N4-11A
64657d41-17ad-4692-8a13-0cf55c55f11d	TSV	TCGA-A7-A0CH-01A-21R-A00Z-07	open	6f73500d-4b23-4f14-911b-fbc69bd38f4b.rna_seq.augmented_star_gene_counts.tsv	6f95887c-4ba5-40ce-8682-ea581084ee5b	Transcriptome Profiling	gene_expression	Illumina	4237684	2021-12-13T22:01:30.425582-06:00	87ba1e6a5ddf9897ae488f3b52b12d7d	2024-07-30T09:59:38.235383-05:00	64657d41-17ad-4692-8a13-0cf55c55f11d	Gene Expression Quantification	released	RNA-Seq	1	32.0 - 46.0	TCGA-BRCA	0eb997fa-a381-49b4-af05-fd20e03406d0	released	6f73500d-4b23-4f14-911b-fbc69bd38f4b_star__counts	https://github.com/NCI-GDC/gdc-rnaseq-cwl/blob/5d8c131bbff59fb0c969217fc1d44e6d1503cd1f/rnaseq-star-align/star2pass.rnaseq_harmonization.cwl	STAR - Counts	5d8c131bbff59fb0c969217fc1d44e6d1503cd1f	Primary Tumor	NA	TCGA-A7-A0CH	TCGA-A7-A0CH-01A
e5363f56-84fa-4b66-a005-1e7cdcb84c2f	TSV	TCGA-A7-A26J-01A-11R-A277-07	open	7d787768-efb1-462d-b5aa-5cbf6fc543d4.rna_seq.augmented_star_gene_counts.tsv	ca86115e-fc75-4701-8377-93a1c1bf603d	Transcriptome Profiling	gene_expression	Illumina	4211050	2021-12-13T22:16:31.268887-06:00	3afd6b79598b3c63ef8b737db46c9c7b	2024-07-30T10:07:30.983873-05:00	e5363f56-84fa-4b66-a005-1e7cdcb84c2f	Gene Expression Quantification	released	RNA-Seq	1	32.0 - 46.0	TCGA-BRCA	5d999551-390c-4ac2-a12a-26206072e704	released	7d787768-efb1-462d-b5aa-5cbf6fc543d4_star__counts	https://github.com/NCI-GDC/gdc-rnaseq-cwl/blob/5d8c131bbff59fb0c969217fc1d44e6d1503cd1f/rnaseq-star-align/star2pass.rnaseq_harmonization.cwl	STAR - Counts	5d8c131bbff59fb0c969217fc1d44e6d1503cd1f	Primary Tumor	NA	TCGA-A7-A26J	TCGA-A7-A26J-01A
773071d4-438a-4da7-b833-d2d172c4c4e2	TSV	TCGA-BH-A1F2-01A-31R-A13Q-07	open	358a0311-c6aa-456d-a52b-6b6b08b0a863.rna_seq.augmented_star_gene_counts.tsv	f24b7ef6-c7db-4fdf-a94c-eafea61e2d6e	Transcriptome Profiling	gene_expression	Illumina	4246902	2021-12-13T21:47:15.362155-06:00	8fd28d178841468e8ff7473d1521e1af	2024-07-30T09:24:45.145680-05:00	773071d4-438a-4da7-b833-d2d172c4c4e2	Gene Expression Quantification	released	RNA-Seq	1	32.0 - 46.0	TCGA-BRCA	17ca7bf3-2935-473c-9f37-7b50f5b5238d	released	358a0311-c6aa-456d-a52b-6b6b08b0a863_star__counts	https://github.com/NCI-GDC/gdc-rnaseq-cwl/blob/5d8c131bbff59fb0c969217fc1d44e6d1503cd1f/rnaseq-star-align/star2pass.rnaseq_harmonization.cwl	STAR - Counts	5d8c131bbff59fb0c969217fc1d44e6d1503cd1f	Primary Tumor	NA	TCGA-BH-A1F2	TCGA-BH-A1F2-01A
2455f280-a23c-48ec-b4c1-698b56f72a45	TSV	TCGA-BH-A42T-01A-11R-A24H-07	open	5383a729-554e-4d3e-ba62-449f45b7567d.rna_seq.augmented_star_gene_counts.tsv	049ac1ec-9e78-429e-910e-41d1e3a1e626	Transcriptome Profiling	gene_expression	Illumina	4247651	2021-12-13T22:28:10.893798-06:00	426dd8cce7ebdbdade968f7d66809416	2024-07-30T09:49:40.292809-05:00	2455f280-a23c-48ec-b4c1-698b56f72a45	Gene Expression Quantification	released	RNA-Seq	1	32.0 - 46.0	TCGA-BRCA	fd9a7aeb-eb1a-454b-baa3-e3e73f4582dd	released	5383a729-554e-4d3e-ba62-449f45b7567d_star__counts	https://github.com/NCI-GDC/gdc-rnaseq-cwl/blob/5d8c131bbff59fb0c969217fc1d44e6d1503cd1f/rnaseq-star-align/star2pass.rnaseq_harmonization.cwl	STAR - Counts	5d8c131bbff59fb0c969217fc1d44e6d1503cd1f	Primary Tumor	NA	TCGA-BH-A42T	TCGA-BH-A42T-01A
e14858ca-8bb5-4d6d-906c-5d62722d90f8	TSV	TCGA-AN-A0AM-01A-11R-A034-07	open	fd6f4c9b-ee43-4939-8cfa-2e447aedbcf3.rna_seq.augmented_star_gene_counts.tsv	7eb41837-274a-4e75-ae1d-9add1c4c219a	Transcriptome Profiling	gene_expression	Illumina	4244611	2021-12-13T22:28:20.784380-06:00	c5b28e998082f8ae66879e5ddd6b196f	2024-07-30T09:42:43.965032-05:00	e14858ca-8bb5-4d6d-906c-5d62722d90f8	Gene Expression Quantification	released	RNA-Seq	1	32.0 - 46.0	TCGA-BRCA	58806703-2755-4a12-9570-5e8a5593bc24	released	fd6f4c9b-ee43-4939-8cfa-2e447aedbcf3_star__counts	https://github.com/NCI-GDC/gdc-rnaseq-cwl/blob/5d8c131bbff59fb0c969217fc1d44e6d1503cd1f/rnaseq-star-align/star2pass.rnaseq_harmonization.cwl	STAR - Counts	5d8c131bbff59fb0c969217fc1d44e6d1503cd1f	Primary Tumor	NA	TCGA-AN-A0AM	TCGA-AN-A0AM-01A
90617797-d2c7-4c49-bffe-b2bea96a7cf1	TSV	TCGA-A7-A13G-11A-51R-A13Q-07	open	cf7f5e39-f761-424f-9987-21b328afa0ae.rna_seq.augmented_star_gene_counts.tsv	ceede8c0-7206-4284-8470-56699beb6c65	Transcriptome Profiling	gene_expression	Illumina	4237459	2021-12-13T21:59:44.642367-06:00	2be92861b183f86ce7402e8b1f556c13	2024-07-30T09:31:00.575360-05:00	90617797-d2c7-4c49-bffe-b2bea96a7cf1	Gene Expression Quantification	released	RNA-Seq	1	32.0 - 46.0	TCGA-BRCA	9ffa5f96-9148-459e-9132-4687a7828349	released	cf7f5e39-f761-424f-9987-21b328afa0ae_star__counts	https://github.com/NCI-GDC/gdc-rnaseq-cwl/blob/5d8c131bbff59fb0c969217fc1d44e6d1503cd1f/rnaseq-star-align/star2pass.rnaseq_harmonization.cwl	STAR - Counts	5d8c131bbff59fb0c969217fc1d44e6d1503cd1f	Solid Tissue Normal	NA	TCGA-A7-A13G	TCGA-A7-A13G-11A
7125229a-2fc6-402d-bd87-ad0d3195fd49	TSV	TCGA-HN-A2NL-01A-11R-A18M-07	open	c024ea4d-8f0e-4fba-b793-5d2e767744db.rna_seq.augmented_star_gene_counts.tsv	2c8710f3-2ae5-4e41-a997-5fd0e60ae1e2	Transcriptome Profiling	gene_expression	Illumina	4247725	2021-12-13T21:52:41.953199-06:00	00ed9b04396fc4948c4dda81c895a722	2024-07-30T09:37:15.982865-05:00	7125229a-2fc6-402d-bd87-ad0d3195fd49	Gene Expression Quantification	released	RNA-Seq	1	32.0 - 46.0	TCGA-BRCA	5ceab7e3-7d57-48e2-a705-b157439af15e	released	c024ea4d-8f0e-4fba-b793-5d2e767744db_star__counts	https://github.com/NCI-GDC/gdc-rnaseq-cwl/blob/5d8c131bbff59fb0c969217fc1d44e6d1503cd1f/rnaseq-star-align/star2pass.rnaseq_harmonization.cwl	STAR - Counts	5d8c131bbff59fb0c969217fc1d44e6d1503cd1f	Primary Tumor	NA	TCGA-HN-A2NL	TCGA-HN-A2NL-01A
fde3b574-b9be-4dc2-a5ae-aaab8a0bbd26	TSV	TCGA-AC-A2FB-01A-11R-A17B-07	open	ca9d1ab5-ea78-46f4-9225-8147639d013c.rna_seq.augmented_star_gene_counts.tsv	c58e07e3-4ca9-4cf9-b246-dad5a2d0b739	Transcriptome Profiling	gene_expression	Illumina	4252414	2021-12-13T22:35:35.691561-06:00	57a2b56de75548702b03a3a2fbeb90b4	2024-07-30T10:09:06.050461-05:00	fde3b574-b9be-4dc2-a5ae-aaab8a0bbd26	Gene Expression Quantification	released	RNA-Seq	1	32.0 - 46.0	TCGA-BRCA	1aeb8116-d8e0-41ae-b8a3-ea9c7acf488c	released	ca9d1ab5-ea78-46f4-9225-8147639d013c_star__counts	https://github.com/NCI-GDC/gdc-rnaseq-cwl/blob/5d8c131bbff59fb0c969217fc1d44e6d1503cd1f/rnaseq-star-align/star2pass.rnaseq_harmonization.cwl	STAR - Counts	5d8c131bbff59fb0c969217fc1d44e6d1503cd1f	Primary Tumor	NA	TCGA-AC-A2FB	TCGA-AC-A2FB-01A
0e89a7ce-aed2-4c74-9bdf-cf50793c73b6	TSV	TCGA-BH-A0H3-01A-11R-A12P-07	open	f3f0919f-f9eb-4baf-aeef-c79fbafef237.rna_seq.augmented_star_gene_counts.tsv	7686384c-3c68-4f9b-a7fc-f8d92001dc89	Transcriptome Profiling	gene_expression	Illumina	4250890	2021-12-13T22:29:55.118641-06:00	57dadb18476b6c1b1781c93e883f7ff7	2024-07-30T09:54:49.535876-05:00	0e89a7ce-aed2-4c74-9bdf-cf50793c73b6	Gene Expression Quantification	released	RNA-Seq	1	32.0 - 46.0	TCGA-BRCA	66cadba3-85ff-4a5f-ab58-b5ead32ba768	released	f3f0919f-f9eb-4baf-aeef-c79fbafef237_star__counts	https://github.com/NCI-GDC/gdc-rnaseq-cwl/blob/5d8c131bbff59fb0c969217fc1d44e6d1503cd1f/rnaseq-star-align/star2pass.rnaseq_harmonization.cwl	STAR - Counts	5d8c131bbff59fb0c969217fc1d44e6d1503cd1f	Primary Tumor	NA	TCGA-BH-A0H3	TCGA-BH-A0H3-01A
c2515ef2-5cfc-4cc2-9541-ae072616d361	TSV	TCGA-AQ-A0Y5-01A-11R-A14M-07	open	f8ff90c6-3554-4e19-ae56-18f30f51f9b5.rna_seq.augmented_star_gene_counts.tsv	43c43fde-1fe9-4907-a397-1dfc3327de4b	Transcriptome Profiling	gene_expression	Illumina	4242493	2021-12-13T22:39:51.010981-06:00	d61084c7ec83790624ec22b272b5b8e7	2024-07-30T09:45:44.661520-05:00	c2515ef2-5cfc-4cc2-9541-ae072616d361	Gene Expression Quantification	released	RNA-Seq	1	32.0 - 46.0	TCGA-BRCA	81939cc0-792d-451e-b6df-9f54319599f6	released	f8ff90c6-3554-4e19-ae56-18f30f51f9b5_star__counts	https://github.com/NCI-GDC/gdc-rnaseq-cwl/blob/5d8c131bbff59fb0c969217fc1d44e6d1503cd1f/rnaseq-star-align/star2pass.rnaseq_harmonization.cwl	STAR - Counts	5d8c131bbff59fb0c969217fc1d44e6d1503cd1f	Primary Tumor	NA	TCGA-AQ-A0Y5	TCGA-AQ-A0Y5-01A
79bfddcc-1d7b-43a7-9221-8f230eca31d8	TSV	TCGA-A7-A0CD-01A-11R-A00Z-07	open	0a9e33db-2527-4cc3-8669-a7c10fed7a7f.rna_seq.augmented_star_gene_counts.tsv	95d48cdc-6152-4446-a0ed-66c8f826bbbf	Transcriptome Profiling	gene_expression	Illumina	4246586	2021-12-13T22:20:04.440716-06:00	c94ae93a767f6caf665d78068530cbfb	2024-07-30T09:39:32.143025-05:00	79bfddcc-1d7b-43a7-9221-8f230eca31d8	Gene Expression Quantification	released	RNA-Seq	1	32.0 - 46.0	TCGA-BRCA	89cd309a-8657-4382-ae0e-ea9cc17f7896	released	0a9e33db-2527-4cc3-8669-a7c10fed7a7f_star__counts	https://github.com/NCI-GDC/gdc-rnaseq-cwl/blob/5d8c131bbff59fb0c969217fc1d44e6d1503cd1f/rnaseq-star-align/star2pass.rnaseq_harmonization.cwl	STAR - Counts	5d8c131bbff59fb0c969217fc1d44e6d1503cd1f	Primary Tumor	NA	TCGA-A7-A0CD	TCGA-A7-A0CD-01A
06227b3b-56d0-4657-bb37-8f56a3dc15f7	TSV	TCGA-LL-A6FP-01A-11R-A31O-07	open	3574e83f-a983-425b-9082-63d5a32c01d6.rna_seq.augmented_star_gene_counts.tsv	80070f99-b702-4af6-941e-68c8bf051788	Transcriptome Profiling	gene_expression	Illumina	4235175	2021-12-13T21:51:05.165885-06:00	c6d971a258c32aec1cb6013e48754733	2024-07-30T10:00:56.615169-05:00	06227b3b-56d0-4657-bb37-8f56a3dc15f7	Gene Expression Quantification	released	RNA-Seq	1	32.0 - 46.0	TCGA-BRCA	da6bfd1e-a6ef-4f88-94df-b8b290582848	released	3574e83f-a983-425b-9082-63d5a32c01d6_star__counts	https://github.com/NCI-GDC/gdc-rnaseq-cwl/blob/5d8c131bbff59fb0c969217fc1d44e6d1503cd1f/rnaseq-star-align/star2pass.rnaseq_harmonization.cwl	STAR - Counts	5d8c131bbff59fb0c969217fc1d44e6d1503cd1f	Primary Tumor	NA	TCGA-LL-A6FP	TCGA-LL-A6FP-01A
f7a47166-9593-4a37-b95a-2de86b6d65c9	TSV	TCGA-BH-A0BD-01A-11R-A034-07	open	511ced4c-a861-4f26-9e29-afcf8d603fab.rna_seq.augmented_star_gene_counts.tsv	85b7e865-6484-4817-b4c3-5eccd766bde5	Transcriptome Profiling	gene_expression	Illumina	4248469	2021-12-13T22:05:12.541999-06:00	636a9e1cad4cae6dbe079aeeb9e33803	2024-07-30T09:35:50.789149-05:00	f7a47166-9593-4a37-b95a-2de86b6d65c9	Gene Expression Quantification	released	RNA-Seq	1	32.0 - 46.0	TCGA-BRCA	2ee99d00-ba9e-44dd-95e9-221678d16e2c	released	511ced4c-a861-4f26-9e29-afcf8d603fab_star__counts	https://github.com/NCI-GDC/gdc-rnaseq-cwl/blob/5d8c131bbff59fb0c969217fc1d44e6d1503cd1f/rnaseq-star-align/star2pass.rnaseq_harmonization.cwl	STAR - Counts	5d8c131bbff59fb0c969217fc1d44e6d1503cd1f	Primary Tumor	NA	TCGA-BH-A0BD	TCGA-BH-A0BD-01A
ed0aae7b-f815-4dc8-a98f-5844602cbaea	TSV	TCGA-A8-A07G-01A-11R-A034-07	open	b773c30d-f37b-4aee-8330-a159d42d3019.rna_seq.augmented_star_gene_counts.tsv	34706e62-ccba-44e4-ba73-71d2f23e3f0c	Transcriptome Profiling	gene_expression	Illumina	4245434	2021-12-13T22:14:24.353126-06:00	d07dba9b56ae2ee6fc1b9e3c410602f3	2024-07-30T09:21:17.964445-05:00	ed0aae7b-f815-4dc8-a98f-5844602cbaea	Gene Expression Quantification	released	RNA-Seq	1	32.0 - 46.0	TCGA-BRCA	be75a5c7-9885-4eb6-97b8-9fea832029a5	released	b773c30d-f37b-4aee-8330-a159d42d3019_star__counts	https://github.com/NCI-GDC/gdc-rnaseq-cwl/blob/5d8c131bbff59fb0c969217fc1d44e6d1503cd1f/rnaseq-star-align/star2pass.rnaseq_harmonization.cwl	STAR - Counts	5d8c131bbff59fb0c969217fc1d44e6d1503cd1f	Primary Tumor	NA	TCGA-A8-A07G	TCGA-A8-A07G-01A
839a4656-f2ce-4460-858a-8e6b314695ef	TSV	TCGA-D8-A146-01A-31R-A115-07	open	b36c0e8b-a9b1-46ac-8946-88e64a28ff5a.rna_seq.augmented_star_gene_counts.tsv	579927d7-bc17-4092-9859-56845238ba6f	Transcriptome Profiling	gene_expression	Illumina	4251455	2021-12-13T22:20:53.897005-06:00	42168a3d98f06934f090e53cceabb6bc	2024-07-30T10:04:44.410994-05:00	839a4656-f2ce-4460-858a-8e6b314695ef	Gene Expression Quantification	released	RNA-Seq	1	32.0 - 46.0	TCGA-BRCA	e1e9cbdc-5cf3-4cc1-8139-305574b35f64	released	b36c0e8b-a9b1-46ac-8946-88e64a28ff5a_star__counts	https://github.com/NCI-GDC/gdc-rnaseq-cwl/blob/5d8c131bbff59fb0c969217fc1d44e6d1503cd1f/rnaseq-star-align/star2pass.rnaseq_harmonization.cwl	STAR - Counts	5d8c131bbff59fb0c969217fc1d44e6d1503cd1f	Primary Tumor	NA	TCGA-D8-A146	TCGA-D8-A146-01A
b46720bc-7f5a-4bf4-a2a3-3d9fe500d193	TSV	TCGA-C8-A1HI-01A-11R-A137-07	open	0633890f-584c-43d9-aa3f-7a6555533dd8.rna_seq.augmented_star_gene_counts.tsv	2d535506-eebe-47d6-bb57-950bf089ab9e	Transcriptome Profiling	gene_expression	Illumina	4254327	2021-12-13T22:15:49.748831-06:00	1f52fef56da3f111a3859ef3e2a2e7c2	2024-07-30T09:34:22.488418-05:00	b46720bc-7f5a-4bf4-a2a3-3d9fe500d193	Gene Expression Quantification	released	RNA-Seq	1	32.0 - 46.0	TCGA-BRCA	c910c690-31b3-4378-ab86-6eaaff8d8616	released	0633890f-584c-43d9-aa3f-7a6555533dd8_star__counts	https://github.com/NCI-GDC/gdc-rnaseq-cwl/blob/5d8c131bbff59fb0c969217fc1d44e6d1503cd1f/rnaseq-star-align/star2pass.rnaseq_harmonization.cwl	STAR - Counts	5d8c131bbff59fb0c969217fc1d44e6d1503cd1f	Primary Tumor	NA	TCGA-C8-A1HI	TCGA-C8-A1HI-01A
488399aa-ef3c-42d7-817f-9db11b9902dd	TSV	TCGA-E9-A1R4-01A-21R-A14D-07	open	a8e0466b-d106-44b7-b846-c4fb666715f5.rna_seq.augmented_star_gene_counts.tsv	3dde8d31-7f96-44b7-ae01-a21ab439b815	Transcriptome Profiling	gene_expression	Illumina	4245845	2021-12-13T21:45:04.126085-06:00	f554265cbe49c50e15d0a031a9b64bec	2024-07-30T10:05:47.065217-05:00	488399aa-ef3c-42d7-817f-9db11b9902dd	Gene Expression Quantification	released	RNA-Seq	1	32.0 - 46.0	TCGA-BRCA	202daa81-a21a-4ec3-8d6c-2311e68d5f96	released	a8e0466b-d106-44b7-b846-c4fb666715f5_star__counts	https://github.com/NCI-GDC/gdc-rnaseq-cwl/blob/5d8c131bbff59fb0c969217fc1d44e6d1503cd1f/rnaseq-star-align/star2pass.rnaseq_harmonization.cwl	STAR - Counts	5d8c131bbff59fb0c969217fc1d44e6d1503cd1f	Primary Tumor	NA	TCGA-E9-A1R4	TCGA-E9-A1R4-01A
a9527be9-e865-4074-ae57-f3510e70c203	TSV	TCGA-A8-A07E-01A-11R-A034-07	open	d6ca3b86-5a26-4467-b9a9-cb7fcc5a7316.rna_seq.augmented_star_gene_counts.tsv	ef969b83-3b78-49e7-9a38-34d31ea2a265	Transcriptome Profiling	gene_expression	Illumina	4251099	2021-12-13T22:33:59.520220-06:00	9a6e10de5d3d52bfde6eea3ae5ab1dcf	2024-07-30T10:07:48.189090-05:00	a9527be9-e865-4074-ae57-f3510e70c203	Gene Expression Quantification	released	RNA-Seq	1	32.0 - 46.0	TCGA-BRCA	69bf43ff-2049-49d8-9435-93fe3d2d8d0a	released	d6ca3b86-5a26-4467-b9a9-cb7fcc5a7316_star__counts	https://github.com/NCI-GDC/gdc-rnaseq-cwl/blob/5d8c131bbff59fb0c969217fc1d44e6d1503cd1f/rnaseq-star-align/star2pass.rnaseq_harmonization.cwl	STAR - Counts	5d8c131bbff59fb0c969217fc1d44e6d1503cd1f	Primary Tumor	NA	TCGA-A8-A07E	TCGA-A8-A07E-01A
7002e8cb-0d64-4d4b-a483-bf6dec3c2abb	TSV	TCGA-AC-A2QH-01B-04R-A22O-07	open	08a14e13-810a-4862-9de9-16b4fea25625.rna_seq.augmented_star_gene_counts.tsv	a14bffa3-3145-49df-bced-9d2b6d853f00	Transcriptome Profiling	gene_expression	Illumina	4229577	2021-12-13T21:50:04.925778-06:00	9912d7b26bda8c34b71fbb4e7efe9bbd	2024-07-30T09:37:07.199047-05:00	7002e8cb-0d64-4d4b-a483-bf6dec3c2abb	Gene Expression Quantification	released	RNA-Seq	1	32.0 - 46.0	TCGA-BRCA	f88db10d-c624-4e72-bef1-b502e7e17938	released	08a14e13-810a-4862-9de9-16b4fea25625_star__counts	https://github.com/NCI-GDC/gdc-rnaseq-cwl/blob/5d8c131bbff59fb0c969217fc1d44e6d1503cd1f/rnaseq-star-align/star2pass.rnaseq_harmonization.cwl	STAR - Counts	5d8c131bbff59fb0c969217fc1d44e6d1503cd1f	Primary Tumor	NA	TCGA-AC-A2QH	TCGA-AC-A2QH-01B
3293a2fa-d57c-448e-a336-a92def5dd92a	TSV	TCGA-A7-A0DA-01A-31R-A115-07	open	acda1855-14ba-4e05-89f7-50f7823f38b3.rna_seq.augmented_star_gene_counts.tsv	140ae26f-0cb8-4fb6-bbc1-c8ab20a89b6b	Transcriptome Profiling	gene_expression	Illumina	4246745	2021-12-13T22:15:27.938865-06:00	104124844ab5027c91e5523c9a277e7d	2024-07-30T09:41:47.570841-05:00	3293a2fa-d57c-448e-a336-a92def5dd92a	Gene Expression Quantification	released	RNA-Seq	1	32.0 - 46.0	TCGA-BRCA	d1b35ba9-961d-414c-9682-1f61cf943ca0	released	acda1855-14ba-4e05-89f7-50f7823f38b3_star__counts	https://github.com/NCI-GDC/gdc-rnaseq-cwl/blob/5d8c131bbff59fb0c969217fc1d44e6d1503cd1f/rnaseq-star-align/star2pass.rnaseq_harmonization.cwl	STAR - Counts	5d8c131bbff59fb0c969217fc1d44e6d1503cd1f	Primary Tumor	NA	TCGA-A7-A0DA	TCGA-A7-A0DA-01A
aabb4a65-aff2-4f78-a969-bacbe5b80856	TSV	TCGA-BH-A0B1-01A-12R-A056-07	open	56cb5294-9156-4930-a3ab-c2607a79b65e.rna_seq.augmented_star_gene_counts.tsv	d2953eee-3e69-4821-a3f6-7445afcb2fde	Transcriptome Profiling	gene_expression	Illumina	4240916	2021-12-13T21:45:40.875303-06:00	06cb0c26f54d878a3be29eb95c4df958	2024-07-30T09:23:58.414352-05:00	aabb4a65-aff2-4f78-a969-bacbe5b80856	Gene Expression Quantification	released	RNA-Seq	1	32.0 - 46.0	TCGA-BRCA	b0d92e33-207f-408e-b6e8-dd709ca28622	released	56cb5294-9156-4930-a3ab-c2607a79b65e_star__counts	https://github.com/NCI-GDC/gdc-rnaseq-cwl/blob/5d8c131bbff59fb0c969217fc1d44e6d1503cd1f/rnaseq-star-align/star2pass.rnaseq_harmonization.cwl	STAR - Counts	5d8c131bbff59fb0c969217fc1d44e6d1503cd1f	Primary Tumor	NA	TCGA-BH-A0B1	TCGA-BH-A0B1-01A
acfa0ea5-3345-4734-9917-d3acc10d1a15	TSV	TCGA-BH-A18L-11A-42R-A12D-07	open	9d515fd5-009a-4c32-95e7-042909d70b9f.rna_seq.augmented_star_gene_counts.tsv	f332922e-6da6-4677-9f28-e05738b9dc84	Transcriptome Profiling	gene_expression	Illumina	4245085	2021-12-13T21:58:26.913317-06:00	b58e84564ba4fb9cc94b556b75652ade	2024-07-30T09:28:41.084984-05:00	acfa0ea5-3345-4734-9917-d3acc10d1a15	Gene Expression Quantification	released	RNA-Seq	1	32.0 - 46.0	TCGA-BRCA	1bcb6a20-17ef-4e1e-a1c5-a151ca25ed1f	released	9d515fd5-009a-4c32-95e7-042909d70b9f_star__counts	https://github.com/NCI-GDC/gdc-rnaseq-cwl/blob/5d8c131bbff59fb0c969217fc1d44e6d1503cd1f/rnaseq-star-align/star2pass.rnaseq_harmonization.cwl	STAR - Counts	5d8c131bbff59fb0c969217fc1d44e6d1503cd1f	Solid Tissue Normal	NA	TCGA-BH-A18L	TCGA-BH-A18L-11A
5cce30f3-99ae-4959-987a-0d280dc2ec44	TSV	TCGA-AR-A24Q-01A-12R-A169-07	open	2dd0b954-db3e-402d-9c06-6160e199dedb.rna_seq.augmented_star_gene_counts.tsv	95cccf8f-3006-4afe-8e88-5ca757b0f1a1	Transcriptome Profiling	gene_expression	Illumina	4250095	2021-12-13T22:12:14.308619-06:00	67e347f8fd3e59b0f5e4ff4bdf7740a7	2024-07-30T09:53:20.241430-05:00	5cce30f3-99ae-4959-987a-0d280dc2ec44	Gene Expression Quantification	released	RNA-Seq	1	32.0 - 46.0	TCGA-BRCA	91e912c5-33e5-4f85-a9b3-60aedc96a663	released	2dd0b954-db3e-402d-9c06-6160e199dedb_star__counts	https://github.com/NCI-GDC/gdc-rnaseq-cwl/blob/5d8c131bbff59fb0c969217fc1d44e6d1503cd1f/rnaseq-star-align/star2pass.rnaseq_harmonization.cwl	STAR - Counts	5d8c131bbff59fb0c969217fc1d44e6d1503cd1f	Primary Tumor	NA	TCGA-AR-A24Q	TCGA-AR-A24Q-01A
ee89e01e-d54e-4166-a3ae-db9357639523	TSV	TCGA-E2-A155-01A-11R-A12D-07	open	207b5c1c-3710-47bd-be2c-e1307631b28f.rna_seq.augmented_star_gene_counts.tsv	088e392b-b9cd-4401-b330-2136f0425017	Transcriptome Profiling	gene_expression	Illumina	4243826	2021-12-13T22:20:37.294066-06:00	a594498bf05e67008010e00632060cd8	2024-07-30T09:28:45.296956-05:00	ee89e01e-d54e-4166-a3ae-db9357639523	Gene Expression Quantification	released	RNA-Seq	1	32.0 - 46.0	TCGA-BRCA	df3b21ae-25a2-40b4-8c3e-c35f819a1900	released	207b5c1c-3710-47bd-be2c-e1307631b28f_star__counts	https://github.com/NCI-GDC/gdc-rnaseq-cwl/blob/5d8c131bbff59fb0c969217fc1d44e6d1503cd1f/rnaseq-star-align/star2pass.rnaseq_harmonization.cwl	STAR - Counts	5d8c131bbff59fb0c969217fc1d44e6d1503cd1f	Primary Tumor	NA	TCGA-E2-A155	TCGA-E2-A155-01A
1b65bcb7-8170-4eb8-af93-c547b984c571	TSV	TCGA-A2-A0SV-01A-11R-A084-07	open	ad502a9c-1f1a-4118-a8f9-2cffb9b0c610.rna_seq.augmented_star_gene_counts.tsv	82b15e01-0e26-4bf8-9f10-2cfab8e22edc	Transcriptome Profiling	gene_expression	Illumina	4248511	2021-12-13T21:55:09.822849-06:00	a76a6ba060d463430185ef80bd9984bb	2024-07-30T09:21:48.087389-05:00	1b65bcb7-8170-4eb8-af93-c547b984c571	Gene Expression Quantification	released	RNA-Seq	1	32.0 - 46.0	TCGA-BRCA	340a735f-8073-4750-8982-758cb6cc7a4b	released	ad502a9c-1f1a-4118-a8f9-2cffb9b0c610_star__counts	https://github.com/NCI-GDC/gdc-rnaseq-cwl/blob/5d8c131bbff59fb0c969217fc1d44e6d1503cd1f/rnaseq-star-align/star2pass.rnaseq_harmonization.cwl	STAR - Counts	5d8c131bbff59fb0c969217fc1d44e6d1503cd1f	Primary Tumor	NA	TCGA-A2-A0SV	TCGA-A2-A0SV-01A
4081fb70-afcd-4be3-a071-6df014f4fa52	TSV	TCGA-C8-A134-01A-11R-A115-07	open	0d71189d-6801-4d6b-b306-22efcaa2564a.rna_seq.augmented_star_gene_counts.tsv	9cbcfdd7-24bc-4a0e-a31a-de8b861e0b10	Transcriptome Profiling	gene_expression	Illumina	4261154	2021-12-13T22:22:39.226983-06:00	8349d55f0989a5527b6ce7c6ddaaad48	2024-07-30T09:42:50.221202-05:00	4081fb70-afcd-4be3-a071-6df014f4fa52	Gene Expression Quantification	released	RNA-Seq	1	32.0 - 46.0	TCGA-BRCA	4e87371d-aa89-43c4-b5d5-86fd662a1e67	released	0d71189d-6801-4d6b-b306-22efcaa2564a_star__counts	https://github.com/NCI-GDC/gdc-rnaseq-cwl/blob/5d8c131bbff59fb0c969217fc1d44e6d1503cd1f/rnaseq-star-align/star2pass.rnaseq_harmonization.cwl	STAR - Counts	5d8c131bbff59fb0c969217fc1d44e6d1503cd1f	Primary Tumor	NA	TCGA-C8-A134	TCGA-C8-A134-01A
40d222ea-3a59-45b9-91a2-0566b239c89e	TSV	TCGA-BH-A0HA-01A-11R-A12P-07	open	ea030b7d-26eb-4f0e-b7b9-c6b165061118.rna_seq.augmented_star_gene_counts.tsv	e9c954eb-e6e8-45da-9ed8-7c6dd7a8f47c	Transcriptome Profiling	gene_expression	Illumina	4236987	2021-12-13T22:24:51.731811-06:00	1b98de2e2db987d0145ec784d09faeac	2024-07-30T09:32:02.140832-05:00	40d222ea-3a59-45b9-91a2-0566b239c89e	Gene Expression Quantification	released	RNA-Seq	1	32.0 - 46.0	TCGA-BRCA	777e8f8c-77ce-4e29-9534-aa7197e2071f	released	ea030b7d-26eb-4f0e-b7b9-c6b165061118_star__counts	https://github.com/NCI-GDC/gdc-rnaseq-cwl/blob/5d8c131bbff59fb0c969217fc1d44e6d1503cd1f/rnaseq-star-align/star2pass.rnaseq_harmonization.cwl	STAR - Counts	5d8c131bbff59fb0c969217fc1d44e6d1503cd1f	Primary Tumor	NA	TCGA-BH-A0HA	TCGA-BH-A0HA-01A
f205f47f-bd57-42bf-a702-4a17d4391411	TSV	TCGA-B6-A0IM-01A-11R-A034-07	open	3f32cdec-5a60-4147-b313-7c9a9dfefc78.rna_seq.augmented_star_gene_counts.tsv	7218493d-05e2-463a-a89b-1d0cef3dc94c	Transcriptome Profiling	gene_expression	Illumina	4249065	2021-12-13T22:23:27.960277-06:00	d68a0a792706d6bd2db6b34e0b26fe1b	2024-07-30T09:39:43.174795-05:00	f205f47f-bd57-42bf-a702-4a17d4391411	Gene Expression Quantification	released	RNA-Seq	1	32.0 - 46.0	TCGA-BRCA	ae562b92-db01-4954-9b1d-af6807476b92	released	3f32cdec-5a60-4147-b313-7c9a9dfefc78_star__counts	https://github.com/NCI-GDC/gdc-rnaseq-cwl/blob/5d8c131bbff59fb0c969217fc1d44e6d1503cd1f/rnaseq-star-align/star2pass.rnaseq_harmonization.cwl	STAR - Counts	5d8c131bbff59fb0c969217fc1d44e6d1503cd1f	Primary Tumor	NA	TCGA-B6-A0IM	TCGA-B6-A0IM-01A
c0f6d246-c872-41a5-8135-2bdbdb1f924f	TSV	TCGA-A2-A3XX-01A-21R-A239-07	open	f9506da9-20a3-4124-a614-eb525787ea45.rna_seq.augmented_star_gene_counts.tsv	ead405b4-03cb-43c8-bb1b-aada1eb5cebc	Transcriptome Profiling	gene_expression	Illumina	4248329	2021-12-13T22:20:08.151779-06:00	03161539d6622a38903b6e76b3ce92c0	2024-07-30T09:19:35.281246-05:00	c0f6d246-c872-41a5-8135-2bdbdb1f924f	Gene Expression Quantification	released	RNA-Seq	1	32.0 - 46.0	TCGA-BRCA	0130ef88-c00c-4e68-9337-84c22546600f	released	f9506da9-20a3-4124-a614-eb525787ea45_star__counts	https://github.com/NCI-GDC/gdc-rnaseq-cwl/blob/5d8c131bbff59fb0c969217fc1d44e6d1503cd1f/rnaseq-star-align/star2pass.rnaseq_harmonization.cwl	STAR - Counts	5d8c131bbff59fb0c969217fc1d44e6d1503cd1f	Primary Tumor	NA	TCGA-A2-A3XX	TCGA-A2-A3XX-01A
f599be9a-0cac-4441-905c-5a6c87e7bc8c	TSV	TCGA-BH-A0BW-11A-12R-A115-07	open	741fb6d6-364f-47a0-a262-f18235c48fc4.rna_seq.augmented_star_gene_counts.tsv	7ad95ab5-8b43-4fa1-81d2-5e22beab00e5	Transcriptome Profiling	gene_expression	Illumina	4252896	2021-12-13T22:02:26.515872-06:00	12fb1d049bfd6de69583e29e50ff1686	2024-07-30T09:45:45.848474-05:00	f599be9a-0cac-4441-905c-5a6c87e7bc8c	Gene Expression Quantification	released	RNA-Seq	1	32.0 - 46.0	TCGA-BRCA	f21c17d1-2815-4a6f-98e4-d8b6b67e00c3	released	741fb6d6-364f-47a0-a262-f18235c48fc4_star__counts	https://github.com/NCI-GDC/gdc-rnaseq-cwl/blob/5d8c131bbff59fb0c969217fc1d44e6d1503cd1f/rnaseq-star-align/star2pass.rnaseq_harmonization.cwl	STAR - Counts	5d8c131bbff59fb0c969217fc1d44e6d1503cd1f	Solid Tissue Normal	NA	TCGA-BH-A0BW	TCGA-BH-A0BW-11A
2d148c3a-7bbd-414f-872e-dd916d0e3ccf	TSV	TCGA-BH-A1EN-11A-23R-A13Q-07	open	bd1f12ab-ee49-4e7e-aad4-14924c49d306.rna_seq.augmented_star_gene_counts.tsv	09613430-f25c-4c9b-bba2-becd126eb88b	Transcriptome Profiling	gene_expression	Illumina	4254315	2021-12-13T22:08:42.932486-06:00	107ac481b891cc7f897a9b282a72543e	2024-07-30T09:18:57.937650-05:00	2d148c3a-7bbd-414f-872e-dd916d0e3ccf	Gene Expression Quantification	released	RNA-Seq	1	32.0 - 46.0	TCGA-BRCA	a2329d2d-a2ae-41be-9711-5fa13c2c2087	released	bd1f12ab-ee49-4e7e-aad4-14924c49d306_star__counts	https://github.com/NCI-GDC/gdc-rnaseq-cwl/blob/5d8c131bbff59fb0c969217fc1d44e6d1503cd1f/rnaseq-star-align/star2pass.rnaseq_harmonization.cwl	STAR - Counts	5d8c131bbff59fb0c969217fc1d44e6d1503cd1f	Solid Tissue Normal	NA	TCGA-BH-A1EN	TCGA-BH-A1EN-11A
1c386dc6-8279-4156-bd7c-47e2f8af27bf	TSV	TCGA-A2-A0ET-01A-31R-A034-07	open	83834ecf-bc98-416a-98c0-824229e6cfe0.rna_seq.augmented_star_gene_counts.tsv	18ba540d-bafb-42d5-ae3d-356e5891f77a	Transcriptome Profiling	gene_expression	Illumina	4245974	2021-12-13T22:24:04.354425-06:00	e6ffc6528bf689d1ad32de4ca460a39a	2024-07-30T09:28:48.973079-05:00	1c386dc6-8279-4156-bd7c-47e2f8af27bf	Gene Expression Quantification	released	RNA-Seq	1	32.0 - 46.0	TCGA-BRCA	6bbcf8d1-45ee-434e-8162-d0df8c43acf5	released	83834ecf-bc98-416a-98c0-824229e6cfe0_star__counts	https://github.com/NCI-GDC/gdc-rnaseq-cwl/blob/5d8c131bbff59fb0c969217fc1d44e6d1503cd1f/rnaseq-star-align/star2pass.rnaseq_harmonization.cwl	STAR - Counts	5d8c131bbff59fb0c969217fc1d44e6d1503cd1f	Primary Tumor	NA	TCGA-A2-A0ET	TCGA-A2-A0ET-01A
ef3ba95e-2251-43a6-8910-2bdfb02d22be	TSV	TCGA-A2-A1G0-01A-11R-A13Q-07	open	36bbebb5-ba1e-4ac6-83b2-67ccd05e4939.rna_seq.augmented_star_gene_counts.tsv	286aa4ea-34a8-4595-a442-4fe1820dad09	Transcriptome Profiling	gene_expression	Illumina	4251843	2021-12-13T22:03:13.491782-06:00	f5d8d2ebaf886cac1c1656b5f60206e5	2024-07-30T10:07:18.805936-05:00	ef3ba95e-2251-43a6-8910-2bdfb02d22be	Gene Expression Quantification	released	RNA-Seq	1	32.0 - 46.0	TCGA-BRCA	daa29597-61f1-4fe7-9e1f-7ac87da70ada	released	36bbebb5-ba1e-4ac6-83b2-67ccd05e4939_star__counts	https://github.com/NCI-GDC/gdc-rnaseq-cwl/blob/5d8c131bbff59fb0c969217fc1d44e6d1503cd1f/rnaseq-star-align/star2pass.rnaseq_harmonization.cwl	STAR - Counts	5d8c131bbff59fb0c969217fc1d44e6d1503cd1f	Primary Tumor	NA	TCGA-A2-A1G0	TCGA-A2-A1G0-01A
dcf2260b-c0bf-4f59-a4da-079a340b1e33	TSV	TCGA-AR-A0U3-01A-11R-A109-07	open	bb0cccb7-712e-43ad-a3be-cd928a159e0d.rna_seq.augmented_star_gene_counts.tsv	69ace6b7-91bb-464a-805a-be2db3fdbc81	Transcriptome Profiling	gene_expression	Illumina	4228295	2021-12-13T22:00:07.328420-06:00	8aa66fa2cc875aaf96dab9ee45e485bd	2024-07-30T09:49:21.988846-05:00	dcf2260b-c0bf-4f59-a4da-079a340b1e33	Gene Expression Quantification	released	RNA-Seq	1	32.0 - 46.0	TCGA-BRCA	b1f72555-650f-4bab-acfd-143a9ec83f0e	released	bb0cccb7-712e-43ad-a3be-cd928a159e0d_star__counts	https://github.com/NCI-GDC/gdc-rnaseq-cwl/blob/5d8c131bbff59fb0c969217fc1d44e6d1503cd1f/rnaseq-star-align/star2pass.rnaseq_harmonization.cwl	STAR - Counts	5d8c131bbff59fb0c969217fc1d44e6d1503cd1f	Primary Tumor	NA	TCGA-AR-A0U3	TCGA-AR-A0U3-01A
b0e49ee8-40e0-4edf-bcde-277a0fe1d12f	TSV	TCGA-AC-A2BM-01A-11R-A21T-07	open	31bdedf8-eb1c-48ae-8d96-e06c2b3f27d2.rna_seq.augmented_star_gene_counts.tsv	c525f2d3-2c20-4d00-90fa-a328fe7fd925	Transcriptome Profiling	gene_expression	Illumina	4246201	2021-12-13T22:00:14.366389-06:00	fea610c79df49dbc71c32ab97d6c6467	2024-07-30T09:55:05.153161-05:00	b0e49ee8-40e0-4edf-bcde-277a0fe1d12f	Gene Expression Quantification	released	RNA-Seq	1	32.0 - 46.0	TCGA-BRCA	b5d73ebd-9d76-4578-b323-3e8896aedd80	released	31bdedf8-eb1c-48ae-8d96-e06c2b3f27d2_star__counts	https://github.com/NCI-GDC/gdc-rnaseq-cwl/blob/5d8c131bbff59fb0c969217fc1d44e6d1503cd1f/rnaseq-star-align/star2pass.rnaseq_harmonization.cwl	STAR - Counts	5d8c131bbff59fb0c969217fc1d44e6d1503cd1f	Primary Tumor	NA	TCGA-AC-A2BM	TCGA-AC-A2BM-01A
5b6828f2-4da6-49a4-a19c-569e089ff0b0	TSV	TCGA-A2-A0CQ-01A-21R-A034-07	open	315f3deb-74b5-4b71-afe5-759c85a0a6cc.rna_seq.augmented_star_gene_counts.tsv	74a6daa7-91cc-4910-9230-0d88774af7bc	Transcriptome Profiling	gene_expression	Illumina	4247424	2021-12-13T21:53:43.762603-06:00	197c5bfeba9c45e4d829138438a21e7b	2024-07-30T10:02:14.918355-05:00	5b6828f2-4da6-49a4-a19c-569e089ff0b0	Gene Expression Quantification	released	RNA-Seq	1	32.0 - 46.0	TCGA-BRCA	52832833-3dd8-43ff-9c0b-5de17ccf5db1	released	315f3deb-74b5-4b71-afe5-759c85a0a6cc_star__counts	https://github.com/NCI-GDC/gdc-rnaseq-cwl/blob/5d8c131bbff59fb0c969217fc1d44e6d1503cd1f/rnaseq-star-align/star2pass.rnaseq_harmonization.cwl	STAR - Counts	5d8c131bbff59fb0c969217fc1d44e6d1503cd1f	Primary Tumor	NA	TCGA-A2-A0CQ	TCGA-A2-A0CQ-01A
587b3262-55f8-4611-8431-0c02a5df652d	TSV	TCGA-AR-A2LN-01A-21R-A18M-07	open	5042d093-d8af-492a-8c40-5aaea17d66e6.rna_seq.augmented_star_gene_counts.tsv	4409d912-1b42-4437-af53-e1eaf6b75c5a	Transcriptome Profiling	gene_expression	Illumina	4240472	2021-12-13T21:49:30.355060-06:00	eee52745eaef73da0b81b1525341fcb1	2024-07-30T09:39:28.292750-05:00	587b3262-55f8-4611-8431-0c02a5df652d	Gene Expression Quantification	released	RNA-Seq	1	32.0 - 46.0	TCGA-BRCA	589da4d6-bfe5-43d5-804d-74179fff56ed	released	5042d093-d8af-492a-8c40-5aaea17d66e6_star__counts	https://github.com/NCI-GDC/gdc-rnaseq-cwl/blob/5d8c131bbff59fb0c969217fc1d44e6d1503cd1f/rnaseq-star-align/star2pass.rnaseq_harmonization.cwl	STAR - Counts	5d8c131bbff59fb0c969217fc1d44e6d1503cd1f	Primary Tumor	NA	TCGA-AR-A2LN	TCGA-AR-A2LN-01A
e1a528ee-1bec-4aa5-bb9c-9d0af3ba4108	TSV	TCGA-A7-A6VX-01A-12R-A33J-07	open	18cbd510-bce2-4370-a00f-939d562ba7de.rna_seq.augmented_star_gene_counts.tsv	1a786c75-046f-402e-8eef-56973992cff4	Transcriptome Profiling	gene_expression	Illumina	4244052	2021-12-13T22:34:19.052935-06:00	80fecd727e65870e58ff48d6709b82fd	2024-07-30T09:28:31.338443-05:00	e1a528ee-1bec-4aa5-bb9c-9d0af3ba4108	Gene Expression Quantification	released	RNA-Seq	1	32.0 - 46.0	TCGA-BRCA	3f1e14a6-18f7-4134-a2f0-d7ca4f909125	released	18cbd510-bce2-4370-a00f-939d562ba7de_star__counts	https://github.com/NCI-GDC/gdc-rnaseq-cwl/blob/5d8c131bbff59fb0c969217fc1d44e6d1503cd1f/rnaseq-star-align/star2pass.rnaseq_harmonization.cwl	STAR - Counts	5d8c131bbff59fb0c969217fc1d44e6d1503cd1f	Primary Tumor	NA	TCGA-A7-A6VX	TCGA-A7-A6VX-01A
e06eeb14-0ebf-453f-847b-b1ae63fe8194	TSV	TCGA-A2-A1FW-01A-11R-A13Q-07	open	c54b98cc-521e-4790-b67d-9dcc20af8c76.rna_seq.augmented_star_gene_counts.tsv	b3619484-4916-4889-9c56-63a909ecbb87	Transcriptome Profiling	gene_expression	Illumina	4249691	2021-12-13T21:56:06.972963-06:00	ba2208f6e7ae5d96dbecd85307d5c6c6	2024-07-30T09:51:49.404883-05:00	e06eeb14-0ebf-453f-847b-b1ae63fe8194	Gene Expression Quantification	released	RNA-Seq	1	32.0 - 46.0	TCGA-BRCA	e8dccf7a-0463-4f9d-b8fa-1b833c74fcc1	released	c54b98cc-521e-4790-b67d-9dcc20af8c76_star__counts	https://github.com/NCI-GDC/gdc-rnaseq-cwl/blob/5d8c131bbff59fb0c969217fc1d44e6d1503cd1f/rnaseq-star-align/star2pass.rnaseq_harmonization.cwl	STAR - Counts	5d8c131bbff59fb0c969217fc1d44e6d1503cd1f	Primary Tumor	NA	TCGA-A2-A1FW	TCGA-A2-A1FW-01A
08837ae7-6f4f-4aa1-8722-7c404b66ed75	TSV	TCGA-BH-A18T-01A-11R-A12D-07	open	828c9648-f725-4d7e-ad37-e33692e2c67f.rna_seq.augmented_star_gene_counts.tsv	7891a539-6653-4003-b05a-01f6d32c1a76	Transcriptome Profiling	gene_expression	Illumina	4242230	2021-12-13T22:11:40.813070-06:00	4a2ea685b77b738475569a8c17e360d5	2024-07-30T09:30:12.631551-05:00	08837ae7-6f4f-4aa1-8722-7c404b66ed75	Gene Expression Quantification	released	RNA-Seq	1	32.0 - 46.0	TCGA-BRCA	1a4a17b1-a54b-4744-a865-58346bd30bf5	released	828c9648-f725-4d7e-ad37-e33692e2c67f_star__counts	https://github.com/NCI-GDC/gdc-rnaseq-cwl/blob/5d8c131bbff59fb0c969217fc1d44e6d1503cd1f/rnaseq-star-align/star2pass.rnaseq_harmonization.cwl	STAR - Counts	5d8c131bbff59fb0c969217fc1d44e6d1503cd1f	Primary Tumor	NA	TCGA-BH-A18T	TCGA-BH-A18T-01A
81138059-5789-4ea7-84e9-1490aa53a283	TSV	TCGA-BH-A0H9-11A-22R-A466-07	open	35ded490-54db-46b8-bc62-a5a9314cf0b2.rna_seq.augmented_star_gene_counts.tsv	2aa4bac6-d53d-4edd-876a-3a0ad48c22dc	Transcriptome Profiling	gene_expression	Illumina	4219156	2021-12-13T22:25:23.896757-06:00	86428e045962f6b4dc7fab3fb3668b71	2024-07-30T09:53:57.008940-05:00	81138059-5789-4ea7-84e9-1490aa53a283	Gene Expression Quantification	released	RNA-Seq	1	32.0 - 46.0	TCGA-BRCA	ba049564-5242-4486-a5e0-8a3b740f25a2	released	35ded490-54db-46b8-bc62-a5a9314cf0b2_star__counts	https://github.com/NCI-GDC/gdc-rnaseq-cwl/blob/5d8c131bbff59fb0c969217fc1d44e6d1503cd1f/rnaseq-star-align/star2pass.rnaseq_harmonization.cwl	STAR - Counts	5d8c131bbff59fb0c969217fc1d44e6d1503cd1f	Solid Tissue Normal	NA	TCGA-BH-A0H9	TCGA-BH-A0H9-11A
9cbb73a5-7b3b-4559-a295-d4693ae6dee2	TSV	TCGA-BH-A0BQ-01A-21R-A115-07	open	c9c9c085-8e23-454c-aa36-cf59e8dbc587.rna_seq.augmented_star_gene_counts.tsv	b703d8ba-9ef9-4ce7-ac1d-3f9fe488f2d3	Transcriptome Profiling	gene_expression	Illumina	4235606	2021-12-13T21:58:43.817997-06:00	9e49ce0f042f125c1a43cd77d9af877f	2024-07-30T09:27:16.235055-05:00	9cbb73a5-7b3b-4559-a295-d4693ae6dee2	Gene Expression Quantification	released	RNA-Seq	1	32.0 - 46.0	TCGA-BRCA	09f5548e-3108-45ca-9698-e9a263dedfe9	released	c9c9c085-8e23-454c-aa36-cf59e8dbc587_star__counts	https://github.com/NCI-GDC/gdc-rnaseq-cwl/blob/5d8c131bbff59fb0c969217fc1d44e6d1503cd1f/rnaseq-star-align/star2pass.rnaseq_harmonization.cwl	STAR - Counts	5d8c131bbff59fb0c969217fc1d44e6d1503cd1f	Primary Tumor	NA	TCGA-BH-A0BQ	TCGA-BH-A0BQ-01A
e4086c26-d200-4e42-8249-ed8cbeec0951	TSV	TCGA-BH-A0H0-01A-11R-A056-07	open	99d31369-3db2-4631-bc62-1aa6927476ad.rna_seq.augmented_star_gene_counts.tsv	48d48210-115c-4827-a7a5-5f0b21bae0d3	Transcriptome Profiling	gene_expression	Illumina	4247932	2021-12-13T22:33:31.353262-06:00	9e9e3b2b8fc975e2b157394d1b5660eb	2024-07-30T10:07:52.964146-05:00	e4086c26-d200-4e42-8249-ed8cbeec0951	Gene Expression Quantification	released	RNA-Seq	1	32.0 - 46.0	TCGA-BRCA	a9dd5344-d04a-430e-a54f-94fcb531c1df	released	99d31369-3db2-4631-bc62-1aa6927476ad_star__counts	https://github.com/NCI-GDC/gdc-rnaseq-cwl/blob/5d8c131bbff59fb0c969217fc1d44e6d1503cd1f/rnaseq-star-align/star2pass.rnaseq_harmonization.cwl	STAR - Counts	5d8c131bbff59fb0c969217fc1d44e6d1503cd1f	Primary Tumor	NA	TCGA-BH-A0H0	TCGA-BH-A0H0-01A
2a18db7b-b054-4210-b8cb-a647c26f90c1	TSV	TCGA-E9-A1RI-11A-41R-A169-07	open	5dfb4024-ca51-4296-9fc7-0037b7b1e27b.rna_seq.augmented_star_gene_counts.tsv	a2e68454-0084-4608-8bb6-0b34528f7224	Transcriptome Profiling	gene_expression	Illumina	4237375	2021-12-13T22:11:19.075206-06:00	c5810a1c261bccd8a544d28f2df21cfe	2024-07-30T09:35:33.764157-05:00	2a18db7b-b054-4210-b8cb-a647c26f90c1	Gene Expression Quantification	released	RNA-Seq	1	32.0 - 46.0	TCGA-BRCA	88b09a49-fde7-4853-b51f-143c0be37b01	released	5dfb4024-ca51-4296-9fc7-0037b7b1e27b_star__counts	https://github.com/NCI-GDC/gdc-rnaseq-cwl/blob/5d8c131bbff59fb0c969217fc1d44e6d1503cd1f/rnaseq-star-align/star2pass.rnaseq_harmonization.cwl	STAR - Counts	5d8c131bbff59fb0c969217fc1d44e6d1503cd1f	Solid Tissue Normal	NA	TCGA-E9-A1RI	TCGA-E9-A1RI-11A
0e9ea184-c4bc-43f0-817c-8a950008e4bd	TSV	TCGA-D8-A27K-01A-11R-A16F-07	open	470b6305-67ca-487c-b9b1-9b74f673f9fd.rna_seq.augmented_star_gene_counts.tsv	d7517c90-a2de-4895-9a2c-0f65290f364b	Transcriptome Profiling	gene_expression	Illumina	4253308	2021-12-13T22:02:54.262207-06:00	888bb7c8c91723098c532f29d545c4de	2024-07-30T09:54:50.684584-05:00	0e9ea184-c4bc-43f0-817c-8a950008e4bd	Gene Expression Quantification	released	RNA-Seq	1	32.0 - 46.0	TCGA-BRCA	6015dbd9-4dae-4c38-9fa4-93b2ad10f0ba	released	470b6305-67ca-487c-b9b1-9b74f673f9fd_star__counts	https://github.com/NCI-GDC/gdc-rnaseq-cwl/blob/5d8c131bbff59fb0c969217fc1d44e6d1503cd1f/rnaseq-star-align/star2pass.rnaseq_harmonization.cwl	STAR - Counts	5d8c131bbff59fb0c969217fc1d44e6d1503cd1f	Primary Tumor	NA	TCGA-D8-A27K	TCGA-D8-A27K-01A
84df6b33-7f6a-496d-8cd7-f523b07fd0bb	TSV	TCGA-BH-A0BF-01A-21R-A12P-07	open	5b51c204-3342-46d9-86a4-2ed091492318.rna_seq.augmented_star_gene_counts.tsv	38ded6c1-dc7c-40bf-a6fe-63f20d57a939	Transcriptome Profiling	gene_expression	Illumina	4246042	2021-12-13T22:34:04.690590-06:00	ca4cc8b1ddd553d365ed288a52d85849	2024-07-30T09:49:55.202702-05:00	84df6b33-7f6a-496d-8cd7-f523b07fd0bb	Gene Expression Quantification	released	RNA-Seq	1	32.0 - 46.0	TCGA-BRCA	7561f302-4dcb-46df-bd30-9f45f668bf41	released	5b51c204-3342-46d9-86a4-2ed091492318_star__counts	https://github.com/NCI-GDC/gdc-rnaseq-cwl/blob/5d8c131bbff59fb0c969217fc1d44e6d1503cd1f/rnaseq-star-align/star2pass.rnaseq_harmonization.cwl	STAR - Counts	5d8c131bbff59fb0c969217fc1d44e6d1503cd1f	Primary Tumor	NA	TCGA-BH-A0BF	TCGA-BH-A0BF-01A
1a4285b8-765b-4954-b9f2-dc8609572889	TSV	TCGA-A8-A09B-01A-11R-A00Z-07	open	61ad862c-0bd2-4fcd-a9e1-f42e8099bd81.rna_seq.augmented_star_gene_counts.tsv	098bffbc-344b-483e-8ae0-4de5f0db4480	Transcriptome Profiling	gene_expression	Illumina	4248070	2021-12-13T21:46:49.441319-06:00	b3cbab0d69ad2765c8ca1359446d9bb9	2024-07-30T09:59:57.977166-05:00	1a4285b8-765b-4954-b9f2-dc8609572889	Gene Expression Quantification	released	RNA-Seq	1	32.0 - 46.0	TCGA-BRCA	d4bcc308-a10a-47be-9807-f4af87b0413f	released	61ad862c-0bd2-4fcd-a9e1-f42e8099bd81_star__counts	https://github.com/NCI-GDC/gdc-rnaseq-cwl/blob/5d8c131bbff59fb0c969217fc1d44e6d1503cd1f/rnaseq-star-align/star2pass.rnaseq_harmonization.cwl	STAR - Counts	5d8c131bbff59fb0c969217fc1d44e6d1503cd1f	Primary Tumor	NA	TCGA-A8-A09B	TCGA-A8-A09B-01A
e5b0c2dc-c652-40a0-bb80-d7e87830b406	TSV	TCGA-BH-A0DP-01A-21R-A056-07	open	8f8c9d55-303c-4099-8038-458e3e96ad4e.rna_seq.augmented_star_gene_counts.tsv	2afa3f2c-f859-49bc-a36b-cec37bc3efdb	Transcriptome Profiling	gene_expression	Illumina	4242053	2021-12-13T22:12:07.062021-06:00	73ffdf2591ac38adc90e74c9d6c1c9cd	2024-07-30T09:58:30.672816-05:00	e5b0c2dc-c652-40a0-bb80-d7e87830b406	Gene Expression Quantification	released	RNA-Seq	1	32.0 - 46.0	TCGA-BRCA	908486da-0546-4df4-9e1c-feb5f805dc44	released	8f8c9d55-303c-4099-8038-458e3e96ad4e_star__counts	https://github.com/NCI-GDC/gdc-rnaseq-cwl/blob/5d8c131bbff59fb0c969217fc1d44e6d1503cd1f/rnaseq-star-align/star2pass.rnaseq_harmonization.cwl	STAR - Counts	5d8c131bbff59fb0c969217fc1d44e6d1503cd1f	Primary Tumor	NA	TCGA-BH-A0DP	TCGA-BH-A0DP-01A
507952aa-23c0-4239-ae19-04d8f862acc2	TSV	TCGA-A1-A0SK-01A-12R-A084-07	open	55d29bdf-c959-4eda-ab2b-e09d7abb58fa.rna_seq.augmented_star_gene_counts.tsv	43a47606-038a-43bf-adf4-aac1a10c037f	Transcriptome Profiling	gene_expression	Illumina	4249910	2021-12-13T22:36:17.283172-06:00	be0a14cf9d711fef977c6f1433337e30	2024-07-30T09:28:25.026641-05:00	507952aa-23c0-4239-ae19-04d8f862acc2	Gene Expression Quantification	released	RNA-Seq	1	32.0 - 46.0	TCGA-BRCA	1233ff9d-72b9-4950-9666-2391823a9a08	released	55d29bdf-c959-4eda-ab2b-e09d7abb58fa_star__counts	https://github.com/NCI-GDC/gdc-rnaseq-cwl/blob/5d8c131bbff59fb0c969217fc1d44e6d1503cd1f/rnaseq-star-align/star2pass.rnaseq_harmonization.cwl	STAR - Counts	5d8c131bbff59fb0c969217fc1d44e6d1503cd1f	Primary Tumor	NA	TCGA-A1-A0SK	TCGA-A1-A0SK-01A
90cb5f76-ec86-4532-8352-e6622ef24980	TSV	TCGA-W8-A86G-01A-21R-A36F-07	open	01900aab-4c12-4198-b41f-ff638e5abe3b.rna_seq.augmented_star_gene_counts.tsv	3141f410-7586-4b91-9268-d7384a172f3d	Transcriptome Profiling	gene_expression	Illumina	4244868	2021-12-13T22:33:05.926317-06:00	68fe192fa67c9924bdcd324dd699a094	2024-07-30T09:46:18.625895-05:00	90cb5f76-ec86-4532-8352-e6622ef24980	Gene Expression Quantification	released	RNA-Seq	1	32.0 - 46.0	TCGA-BRCA	2775a981-4c32-429e-bc50-f73e6a050f06	released	01900aab-4c12-4198-b41f-ff638e5abe3b_star__counts	https://github.com/NCI-GDC/gdc-rnaseq-cwl/blob/5d8c131bbff59fb0c969217fc1d44e6d1503cd1f/rnaseq-star-align/star2pass.rnaseq_harmonization.cwl	STAR - Counts	5d8c131bbff59fb0c969217fc1d44e6d1503cd1f	Primary Tumor	NA	TCGA-W8-A86G	TCGA-W8-A86G-01A
ef227e3c-7a6d-4c43-945f-c1c7b410d50b	TSV	TCGA-E2-A574-01A-11R-A29R-07	open	dbb2f12c-e200-412a-9023-0126d6d69a52.rna_seq.augmented_star_gene_counts.tsv	b8139341-d7bb-4e8c-832a-5075eb76904d	Transcriptome Profiling	gene_expression	Illumina	4229929	2021-12-13T22:34:53.455781-06:00	fe6aaaa0d49b064965f9e661f497758d	2024-07-30T09:28:52.562712-05:00	ef227e3c-7a6d-4c43-945f-c1c7b410d50b	Gene Expression Quantification	released	RNA-Seq	1	32.0 - 46.0	TCGA-BRCA	97336232-e62f-4027-a539-7828b6c3d13e	released	dbb2f12c-e200-412a-9023-0126d6d69a52_star__counts	https://github.com/NCI-GDC/gdc-rnaseq-cwl/blob/5d8c131bbff59fb0c969217fc1d44e6d1503cd1f/rnaseq-star-align/star2pass.rnaseq_harmonization.cwl	STAR - Counts	5d8c131bbff59fb0c969217fc1d44e6d1503cd1f	Primary Tumor	NA	TCGA-E2-A574	TCGA-E2-A574-01A
56be281f-e85c-4dcb-9d75-cd9ae3430bbe	TSV	TCGA-A8-A093-01A-11R-A00Z-07	open	92e7a9c0-ea88-419e-9afa-e7db5c8967b5.rna_seq.augmented_star_gene_counts.tsv	4744901f-5d5c-440f-afe0-9618db787f13	Transcriptome Profiling	gene_expression	Illumina	4243549	2021-12-13T22:23:11.431708-06:00	8ae1976ee5dfa4ecac3bbefa41ef8f32	2024-07-30T09:47:47.702827-05:00	56be281f-e85c-4dcb-9d75-cd9ae3430bbe	Gene Expression Quantification	released	RNA-Seq	1	32.0 - 46.0	TCGA-BRCA	6eb3b57c-cb78-41bc-bc68-6699afb4e7f7	released	92e7a9c0-ea88-419e-9afa-e7db5c8967b5_star__counts	https://github.com/NCI-GDC/gdc-rnaseq-cwl/blob/5d8c131bbff59fb0c969217fc1d44e6d1503cd1f/rnaseq-star-align/star2pass.rnaseq_harmonization.cwl	STAR - Counts	5d8c131bbff59fb0c969217fc1d44e6d1503cd1f	Primary Tumor	NA	TCGA-A8-A093	TCGA-A8-A093-01A
86d52d54-1b0d-40b1-99ce-82b4e345acb8	TSV	TCGA-A8-A084-01A-21R-A00Z-07	open	02a4ccea-1464-4664-bc44-bb6569a34608.rna_seq.augmented_star_gene_counts.tsv	21a695ee-76b2-4051-a3c1-372cb88b883f	Transcriptome Profiling	gene_expression	Illumina	4239174	2021-12-13T22:03:02.110211-06:00	5666516ab5aca50e98dafda08ef7219c	2024-07-30T09:37:28.334596-05:00	86d52d54-1b0d-40b1-99ce-82b4e345acb8	Gene Expression Quantification	released	RNA-Seq	1	32.0 - 46.0	TCGA-BRCA	af8ff45e-1c52-4ef1-b1fb-553fa7de7dbf	released	02a4ccea-1464-4664-bc44-bb6569a34608_star__counts	https://github.com/NCI-GDC/gdc-rnaseq-cwl/blob/5d8c131bbff59fb0c969217fc1d44e6d1503cd1f/rnaseq-star-align/star2pass.rnaseq_harmonization.cwl	STAR - Counts	5d8c131bbff59fb0c969217fc1d44e6d1503cd1f	Primary Tumor	NA	TCGA-A8-A084	TCGA-A8-A084-01A
1c74a1ed-8000-4dc0-970f-03831ca5e167	TSV	TCGA-BH-A0GZ-01A-11R-A056-07	open	9935bf3a-de25-401c-bf1b-5225a62b24f7.rna_seq.augmented_star_gene_counts.tsv	9b7bdfdb-6fff-46b9-bbb4-82bd0aec3a4e	Transcriptome Profiling	gene_expression	Illumina	4235304	2021-12-13T22:42:38.172304-06:00	ece61edcff79f942e07f86f3318d1f2a	2024-07-30T09:32:21.071735-05:00	1c74a1ed-8000-4dc0-970f-03831ca5e167	Gene Expression Quantification	released	RNA-Seq	1	32.0 - 46.0	TCGA-BRCA	cefac6a3-1c50-4422-8b70-de241a0e6060	released	9935bf3a-de25-401c-bf1b-5225a62b24f7_star__counts	https://github.com/NCI-GDC/gdc-rnaseq-cwl/blob/5d8c131bbff59fb0c969217fc1d44e6d1503cd1f/rnaseq-star-align/star2pass.rnaseq_harmonization.cwl	STAR - Counts	5d8c131bbff59fb0c969217fc1d44e6d1503cd1f	Primary Tumor	NA	TCGA-BH-A0GZ	TCGA-BH-A0GZ-01A
e25bb12b-f88b-41c5-951e-a36d4b94008f	TSV	TCGA-XX-A89A-01A-11R-A36F-07	open	73e13f2d-a557-47f2-85e2-7bb8e3a48ef9.rna_seq.augmented_star_gene_counts.tsv	48572a2a-02b0-4f18-96c8-b6f5188c5eff	Transcriptome Profiling	gene_expression	Illumina	4242276	2021-12-13T22:23:55.635859-06:00	ac839f4384c8bb3dd2dde630b1639742	2024-07-30T09:18:59.144968-05:00	e25bb12b-f88b-41c5-951e-a36d4b94008f	Gene Expression Quantification	released	RNA-Seq	1	32.0 - 46.0	TCGA-BRCA	4ddf75ca-896a-40e4-9e24-3a28477cd488	released	73e13f2d-a557-47f2-85e2-7bb8e3a48ef9_star__counts	https://github.com/NCI-GDC/gdc-rnaseq-cwl/blob/5d8c131bbff59fb0c969217fc1d44e6d1503cd1f/rnaseq-star-align/star2pass.rnaseq_harmonization.cwl	STAR - Counts	5d8c131bbff59fb0c969217fc1d44e6d1503cd1f	Primary Tumor	NA	TCGA-XX-A89A	TCGA-XX-A89A-01A
e3e56a3c-5a8b-419e-8904-194a2fdfa550	TSV	TCGA-LL-A740-01A-21R-A32P-07	open	839aaefe-1755-4131-9b89-2610481a13c4.rna_seq.augmented_star_gene_counts.tsv	c7af0749-ee22-469b-9780-e244c841a5bf	Transcriptome Profiling	gene_expression	Illumina	4239261	2021-12-13T22:15:41.034852-06:00	13494bddc415b476cc6dea3540bd8a83	2024-07-30T09:29:11.370548-05:00	e3e56a3c-5a8b-419e-8904-194a2fdfa550	Gene Expression Quantification	released	RNA-Seq	1	32.0 - 46.0	TCGA-BRCA	00b92c59-6ae7-4458-b8c9-104e0fb8cc84	released	839aaefe-1755-4131-9b89-2610481a13c4_star__counts	https://github.com/NCI-GDC/gdc-rnaseq-cwl/blob/5d8c131bbff59fb0c969217fc1d44e6d1503cd1f/rnaseq-star-align/star2pass.rnaseq_harmonization.cwl	STAR - Counts	5d8c131bbff59fb0c969217fc1d44e6d1503cd1f	Primary Tumor	NA	TCGA-LL-A740	TCGA-LL-A740-01A
54600389-6de5-44ce-ada1-8a8508b50980	TSV	TCGA-A2-A0T2-01A-11R-A084-07	open	65ba302c-51a9-4493-8d28-e7bc076bca54.rna_seq.augmented_star_gene_counts.tsv	08a6be39-d844-4214-a5d2-2927b008ce41	Transcriptome Profiling	gene_expression	Illumina	4232307	2021-12-13T21:53:17.464089-06:00	368b9e09d3826de28b4c7e26eb1bb152	2024-07-30T09:26:38.479493-05:00	54600389-6de5-44ce-ada1-8a8508b50980	Gene Expression Quantification	released	RNA-Seq	1	32.0 - 46.0	TCGA-BRCA	5e7932a3-67a8-48b3-99b5-adcd448f83e6	released	65ba302c-51a9-4493-8d28-e7bc076bca54_star__counts	https://github.com/NCI-GDC/gdc-rnaseq-cwl/blob/5d8c131bbff59fb0c969217fc1d44e6d1503cd1f/rnaseq-star-align/star2pass.rnaseq_harmonization.cwl	STAR - Counts	5d8c131bbff59fb0c969217fc1d44e6d1503cd1f	Primary Tumor	NA	TCGA-A2-A0T2	TCGA-A2-A0T2-01A
c3b9e954-9acd-481d-b6d1-86db1e62d037	TSV	TCGA-E9-A1N6-01A-11R-A144-07	open	c0285709-159c-46dd-8bd8-50fad06513dd.rna_seq.augmented_star_gene_counts.tsv	757fa003-4b90-4eca-908b-230dc7965409	Transcriptome Profiling	gene_expression	Illumina	4232411	2021-12-13T22:18:11.197205-06:00	cc3b27e01805c24b0161bf15802b7a07	2024-07-30T09:30:34.487987-05:00	c3b9e954-9acd-481d-b6d1-86db1e62d037	Gene Expression Quantification	released	RNA-Seq	1	32.0 - 46.0	TCGA-BRCA	00bce768-e32f-451c-b41e-f8e74a0f4428	released	c0285709-159c-46dd-8bd8-50fad06513dd_star__counts	https://github.com/NCI-GDC/gdc-rnaseq-cwl/blob/5d8c131bbff59fb0c969217fc1d44e6d1503cd1f/rnaseq-star-align/star2pass.rnaseq_harmonization.cwl	STAR - Counts	5d8c131bbff59fb0c969217fc1d44e6d1503cd1f	Primary Tumor	NA	TCGA-E9-A1N6	TCGA-E9-A1N6-01A
a83dac26-4fdb-4819-be18-a6e03641fb80	TSV	TCGA-E9-A1NC-01A-21R-A26B-07	open	cf3fe851-479f-4d22-9daf-99b163d0ed06.rna_seq.augmented_star_gene_counts.tsv	cf8ea2f7-83bd-46e1-9ef6-4942b84a59bd	Transcriptome Profiling	gene_expression	Illumina	4236219	2021-12-13T22:23:49.522027-06:00	3417276e95f973df4f39d80386376d81	2024-07-30T09:42:58.816083-05:00	a83dac26-4fdb-4819-be18-a6e03641fb80	Gene Expression Quantification	released	RNA-Seq	1	32.0 - 46.0	TCGA-BRCA	12cd2b6e-6c7e-407e-ade9-ad69b465a206	released	cf3fe851-479f-4d22-9daf-99b163d0ed06_star__counts	https://github.com/NCI-GDC/gdc-rnaseq-cwl/blob/5d8c131bbff59fb0c969217fc1d44e6d1503cd1f/rnaseq-star-align/star2pass.rnaseq_harmonization.cwl	STAR - Counts	5d8c131bbff59fb0c969217fc1d44e6d1503cd1f	Primary Tumor	NA	TCGA-E9-A1NC	TCGA-E9-A1NC-01A
f2bf29d2-4c33-4810-90e8-88f37ea47bc8	TSV	TCGA-AR-A24H-01A-11R-A169-07	open	139b1f70-02f6-4f5e-84b3-81d3677b3f8c.rna_seq.augmented_star_gene_counts.tsv	97ac87fe-92e3-43f2-a891-f42d9f3b58a3	Transcriptome Profiling	gene_expression	Illumina	4258036	2021-12-13T22:36:42.089694-06:00	773da5282d25c0e2f81ed7568ac272ca	2024-07-30T09:33:37.661194-05:00	f2bf29d2-4c33-4810-90e8-88f37ea47bc8	Gene Expression Quantification	released	RNA-Seq	1	32.0 - 46.0	TCGA-BRCA	7a7be021-75bf-464e-99cb-dae3bfafd3d6	released	139b1f70-02f6-4f5e-84b3-81d3677b3f8c_star__counts	https://github.com/NCI-GDC/gdc-rnaseq-cwl/blob/5d8c131bbff59fb0c969217fc1d44e6d1503cd1f/rnaseq-star-align/star2pass.rnaseq_harmonization.cwl	STAR - Counts	5d8c131bbff59fb0c969217fc1d44e6d1503cd1f	Primary Tumor	NA	TCGA-AR-A24H	TCGA-AR-A24H-01A
be386ce9-a12f-4c16-80ba-a5d47d5b374e	TSV	TCGA-E2-A1LB-11A-22R-A144-07	open	13daffbb-aa53-44f9-a6ed-5fd43ed37471.rna_seq.augmented_star_gene_counts.tsv	7677705c-4297-419e-8547-f2eb5b2cd3ea	Transcriptome Profiling	gene_expression	Illumina	4246188	2021-12-13T22:26:25.396857-06:00	f1186dfb90ed4942b330147c414b790f	2024-07-30T09:48:34.390201-05:00	be386ce9-a12f-4c16-80ba-a5d47d5b374e	Gene Expression Quantification	released	RNA-Seq	1	32.0 - 46.0	TCGA-BRCA	36dfa248-60b0-4a65-80b9-a852870dd8d0	released	13daffbb-aa53-44f9-a6ed-5fd43ed37471_star__counts	https://github.com/NCI-GDC/gdc-rnaseq-cwl/blob/5d8c131bbff59fb0c969217fc1d44e6d1503cd1f/rnaseq-star-align/star2pass.rnaseq_harmonization.cwl	STAR - Counts	5d8c131bbff59fb0c969217fc1d44e6d1503cd1f	Solid Tissue Normal	NA	TCGA-E2-A1LB	TCGA-E2-A1LB-11A
d56cbe4c-2158-4f78-a545-d5c963a22978	TSV	TCGA-A7-A3RF-01A-11R-A22K-07	open	1e473e62-d679-45be-890c-77c52a3e7d47.rna_seq.augmented_star_gene_counts.tsv	1e15112d-3949-4a4b-a0c7-66b2aa5f5e03	Transcriptome Profiling	gene_expression	Illumina	4242866	2021-12-13T21:49:38.600289-06:00	90588c71ec1aab63c1804d0b834352ab	2024-07-30T09:58:55.613633-05:00	d56cbe4c-2158-4f78-a545-d5c963a22978	Gene Expression Quantification	released	RNA-Seq	1	32.0 - 46.0	TCGA-BRCA	701263b3-842f-478c-a4ee-de3417bef4c8	released	1e473e62-d679-45be-890c-77c52a3e7d47_star__counts	https://github.com/NCI-GDC/gdc-rnaseq-cwl/blob/5d8c131bbff59fb0c969217fc1d44e6d1503cd1f/rnaseq-star-align/star2pass.rnaseq_harmonization.cwl	STAR - Counts	5d8c131bbff59fb0c969217fc1d44e6d1503cd1f	Primary Tumor	NA	TCGA-A7-A3RF	TCGA-A7-A3RF-01A
cdfe79d9-a0bd-4700-937f-07bd0ee51d73	TSV	TCGA-B6-A0RG-01A-11R-A056-07	open	61348250-68d8-4cef-b6f9-68a68d35508f.rna_seq.augmented_star_gene_counts.tsv	57f02208-e481-47fd-b477-03cb4d424d09	Transcriptome Profiling	gene_expression	Illumina	4228240	2021-12-13T22:18:52.325103-06:00	68e80b03eff7e434901a1f473ac4e160	2024-07-30T09:29:01.234171-05:00	cdfe79d9-a0bd-4700-937f-07bd0ee51d73	Gene Expression Quantification	released	RNA-Seq	1	32.0 - 46.0	TCGA-BRCA	38b43136-96ad-4cbf-ace0-77e7432de0a6	released	61348250-68d8-4cef-b6f9-68a68d35508f_star__counts	https://github.com/NCI-GDC/gdc-rnaseq-cwl/blob/5d8c131bbff59fb0c969217fc1d44e6d1503cd1f/rnaseq-star-align/star2pass.rnaseq_harmonization.cwl	STAR - Counts	5d8c131bbff59fb0c969217fc1d44e6d1503cd1f	Primary Tumor	NA	TCGA-B6-A0RG	TCGA-B6-A0RG-01A
8f79405a-c78e-4a9e-a673-969658a0f90b	TSV	TCGA-A2-A0EX-01A-21R-A034-07	open	c95b28ad-6de7-4494-b88a-7fc00ba9ee0a.rna_seq.augmented_star_gene_counts.tsv	e7c6aa71-541c-4255-aa89-29c18f6ff347	Transcriptome Profiling	gene_expression	Illumina	4233786	2021-12-13T22:16:26.892357-06:00	ef849308b85a753fd04ee4dee2632fc4	2024-07-30T10:00:57.870193-05:00	8f79405a-c78e-4a9e-a673-969658a0f90b	Gene Expression Quantification	released	RNA-Seq	1	32.0 - 46.0	TCGA-BRCA	34bdee22-bc48-4a89-a51b-2139244be0d7	released	c95b28ad-6de7-4494-b88a-7fc00ba9ee0a_star__counts	https://github.com/NCI-GDC/gdc-rnaseq-cwl/blob/5d8c131bbff59fb0c969217fc1d44e6d1503cd1f/rnaseq-star-align/star2pass.rnaseq_harmonization.cwl	STAR - Counts	5d8c131bbff59fb0c969217fc1d44e6d1503cd1f	Primary Tumor	NA	TCGA-A2-A0EX	TCGA-A2-A0EX-01A
2cd221ee-4d29-4f40-ab4c-780cc9045c5a	TSV	TCGA-E2-A1B5-01A-21R-A12P-07	open	6a182962-93fc-482f-aa53-a14d7574763a.rna_seq.augmented_star_gene_counts.tsv	458ce920-0e02-446c-85b8-f103c636d970	Transcriptome Profiling	gene_expression	Illumina	4241469	2021-12-13T22:37:10.859608-06:00	f705334f68fbd1b8aa7ae1e82c3c6906	2024-07-30T09:24:39.031768-05:00	2cd221ee-4d29-4f40-ab4c-780cc9045c5a	Gene Expression Quantification	released	RNA-Seq	1	32.0 - 46.0	TCGA-BRCA	4f738403-39fa-41af-8dc7-ac2862ba33ec	released	6a182962-93fc-482f-aa53-a14d7574763a_star__counts	https://github.com/NCI-GDC/gdc-rnaseq-cwl/blob/5d8c131bbff59fb0c969217fc1d44e6d1503cd1f/rnaseq-star-align/star2pass.rnaseq_harmonization.cwl	STAR - Counts	5d8c131bbff59fb0c969217fc1d44e6d1503cd1f	Primary Tumor	NA	TCGA-E2-A1B5	TCGA-E2-A1B5-01A
bbff7857-30a2-41ad-b2f7-5a6ffc59fe0c	TSV	TCGA-GM-A2DI-01A-31R-A18M-07	open	0db633a3-b1da-4caf-8e2c-89c0bc422869.rna_seq.augmented_star_gene_counts.tsv	1df56e6d-db81-4656-bd4c-5da924c6ac63	Transcriptome Profiling	gene_expression	Illumina	4221956	2021-12-13T21:53:42.537665-06:00	d53d7767d7fc382000d45d505958b364	2024-07-30T09:45:35.860551-05:00	bbff7857-30a2-41ad-b2f7-5a6ffc59fe0c	Gene Expression Quantification	released	RNA-Seq	1	32.0 - 46.0	TCGA-BRCA	701f7e19-725e-408f-8c17-ae940ab01213	released	0db633a3-b1da-4caf-8e2c-89c0bc422869_star__counts	https://github.com/NCI-GDC/gdc-rnaseq-cwl/blob/5d8c131bbff59fb0c969217fc1d44e6d1503cd1f/rnaseq-star-align/star2pass.rnaseq_harmonization.cwl	STAR - Counts	5d8c131bbff59fb0c969217fc1d44e6d1503cd1f	Primary Tumor	NA	TCGA-GM-A2DI	TCGA-GM-A2DI-01A
19baf63b-8488-4b90-83b7-a6c671da0095	TSV	TCGA-BH-A18V-01A-11R-A12D-07	open	9440b088-b04e-4417-9543-5001b0a2b217.rna_seq.augmented_star_gene_counts.tsv	26780740-86f2-4ae3-bb3c-94709113e4cd	Transcriptome Profiling	gene_expression	Illumina	4247063	2021-12-13T22:31:12.633186-06:00	99c301cba4be8a232ca1169c21f875ce	2024-07-30T09:38:18.248645-05:00	19baf63b-8488-4b90-83b7-a6c671da0095	Gene Expression Quantification	released	RNA-Seq	1	32.0 - 46.0	TCGA-BRCA	50e455db-c1bc-4073-992b-3e2342d984be	released	9440b088-b04e-4417-9543-5001b0a2b217_star__counts	https://github.com/NCI-GDC/gdc-rnaseq-cwl/blob/5d8c131bbff59fb0c969217fc1d44e6d1503cd1f/rnaseq-star-align/star2pass.rnaseq_harmonization.cwl	STAR - Counts	5d8c131bbff59fb0c969217fc1d44e6d1503cd1f	Primary Tumor	NA	TCGA-BH-A18V	TCGA-BH-A18V-01A
ac70b1a2-ff7d-49db-a962-4c07479d50b6	TSV	TCGA-E9-A1N4-01A-11R-A14M-07	open	89f7da93-c1fd-410b-8479-64ad9bed850e.rna_seq.augmented_star_gene_counts.tsv	59baa69c-b2a8-40d3-973a-b5f782afd839	Transcriptome Profiling	gene_expression	Illumina	4254742	2021-12-13T22:23:06.361144-06:00	d6b4b67b08ed9424127846c02d974891	2024-07-30T09:19:05.298860-05:00	ac70b1a2-ff7d-49db-a962-4c07479d50b6	Gene Expression Quantification	released	RNA-Seq	1	32.0 - 46.0	TCGA-BRCA	086ff146-5c68-42eb-bb7c-f99202f8d9fc	released	89f7da93-c1fd-410b-8479-64ad9bed850e_star__counts	https://github.com/NCI-GDC/gdc-rnaseq-cwl/blob/5d8c131bbff59fb0c969217fc1d44e6d1503cd1f/rnaseq-star-align/star2pass.rnaseq_harmonization.cwl	STAR - Counts	5d8c131bbff59fb0c969217fc1d44e6d1503cd1f	Primary Tumor	NA	TCGA-E9-A1N4	TCGA-E9-A1N4-01A
d8ac1c2a-1820-4174-99e3-524b334df490	TSV	TCGA-BH-A1EW-11B-33R-A137-07	open	078f6959-adcf-44a5-91d2-2581ba3c8e62.rna_seq.augmented_star_gene_counts.tsv	de74732a-e633-475c-99d4-0d15600abc15	Transcriptome Profiling	gene_expression	Illumina	4273980	2021-12-13T21:57:42.552219-06:00	899d4a95da83ad0c9e794b70d8c69ec0	2024-07-30T09:21:31.667489-05:00	d8ac1c2a-1820-4174-99e3-524b334df490	Gene Expression Quantification	released	RNA-Seq	1	32.0 - 46.0	TCGA-BRCA	956d98d5-3c20-42b5-812f-46717ed863d8	released	078f6959-adcf-44a5-91d2-2581ba3c8e62_star__counts	https://github.com/NCI-GDC/gdc-rnaseq-cwl/blob/5d8c131bbff59fb0c969217fc1d44e6d1503cd1f/rnaseq-star-align/star2pass.rnaseq_harmonization.cwl	STAR - Counts	5d8c131bbff59fb0c969217fc1d44e6d1503cd1f	Solid Tissue Normal	NA	TCGA-BH-A1EW	TCGA-BH-A1EW-11B
b9220098-f6f9-4732-8e94-3c9eeb4b8479	TSV	TCGA-E2-A1II-01A-11R-A144-07	open	c84dbd50-ff69-4824-afe5-1eaec5780d27.rna_seq.augmented_star_gene_counts.tsv	b929b77f-af5c-4a25-88fd-3925f12d3532	Transcriptome Profiling	gene_expression	Illumina	4228429	2021-12-13T22:39:13.050762-06:00	708cd9bb695167f76a0483c660d748dd	2024-07-30T09:21:28.025043-05:00	b9220098-f6f9-4732-8e94-3c9eeb4b8479	Gene Expression Quantification	released	RNA-Seq	1	32.0 - 46.0	TCGA-BRCA	831503b1-623e-4da7-b9ec-b2b0d8726e97	released	c84dbd50-ff69-4824-afe5-1eaec5780d27_star__counts	https://github.com/NCI-GDC/gdc-rnaseq-cwl/blob/5d8c131bbff59fb0c969217fc1d44e6d1503cd1f/rnaseq-star-align/star2pass.rnaseq_harmonization.cwl	STAR - Counts	5d8c131bbff59fb0c969217fc1d44e6d1503cd1f	Primary Tumor	NA	TCGA-E2-A1II	TCGA-E2-A1II-01A
7f2773df-bece-43e0-94ff-46ba7dcf713e	TSV	TCGA-A8-A06O-01A-11R-A00Z-07	open	948f1e9e-702b-4f42-a766-fb6b4976b14d.rna_seq.augmented_star_gene_counts.tsv	72d679db-8df0-415e-a321-cfa0e6da9459	Transcriptome Profiling	gene_expression	Illumina	4248415	2021-12-13T22:09:11.519169-06:00	42023e4ce58c9b6f01cdaf9aeafc3e1f	2024-07-30T10:08:14.016874-05:00	7f2773df-bece-43e0-94ff-46ba7dcf713e	Gene Expression Quantification	released	RNA-Seq	1	32.0 - 46.0	TCGA-BRCA	548cba73-ee2e-4149-a969-9d413c9ae8eb	released	948f1e9e-702b-4f42-a766-fb6b4976b14d_star__counts	https://github.com/NCI-GDC/gdc-rnaseq-cwl/blob/5d8c131bbff59fb0c969217fc1d44e6d1503cd1f/rnaseq-star-align/star2pass.rnaseq_harmonization.cwl	STAR - Counts	5d8c131bbff59fb0c969217fc1d44e6d1503cd1f	Primary Tumor	NA	TCGA-A8-A06O	TCGA-A8-A06O-01A
d4943f66-388e-4c86-b61a-5ef9fef34eff	TSV	TCGA-A7-A13G-01A-11R-A13Q-07	open	240a1e61-5188-4249-b6dd-d6e0d7935d8d.rna_seq.augmented_star_gene_counts.tsv	33ab593e-8ece-42e2-b323-96589c1ba552	Transcriptome Profiling	gene_expression	Illumina	4256665	2022-10-31T13:39:56.631136-05:00	8bb0ee9ef90cf4ab299aecc3dcf6d3e2	2024-07-29T20:05:32.845917-05:00	d4943f66-388e-4c86-b61a-5ef9fef34eff	Gene Expression Quantification	released	RNA-Seq	1	36.0 - 46.0	TCGA-BRCA	550bacee-82bd-4fbf-9856-2ff5b5c6a62d	released	240a1e61-5188-4249-b6dd-d6e0d7935d8d_star__counts	quay.io/ncigdc	STAR - Counts	5a02c12930eb23436322a7494047b907b97570c5	Primary Tumor	NA	TCGA-A7-A13G	TCGA-A7-A13G-01A
e6f927ef-840f-438a-9559-863cc64f71e0	TSV	TCGA-LL-A440-01A-11R-A24H-07	open	98447eef-e5af-4bfa-a215-7a1edd601c46.rna_seq.augmented_star_gene_counts.tsv	39473636-d469-4b46-88d7-74b4028fb1b0	Transcriptome Profiling	gene_expression	Illumina	4257426	2021-12-13T22:41:48.117742-06:00	9efa2d1eab60fbbb19aae481bc97ddb8	2024-07-30T09:26:14.154094-05:00	e6f927ef-840f-438a-9559-863cc64f71e0	Gene Expression Quantification	released	RNA-Seq	1	32.0 - 46.0	TCGA-BRCA	9c4c74bc-ead7-40d9-9c2c-145bdc44935d	released	98447eef-e5af-4bfa-a215-7a1edd601c46_star__counts	https://github.com/NCI-GDC/gdc-rnaseq-cwl/blob/5d8c131bbff59fb0c969217fc1d44e6d1503cd1f/rnaseq-star-align/star2pass.rnaseq_harmonization.cwl	STAR - Counts	5d8c131bbff59fb0c969217fc1d44e6d1503cd1f	Primary Tumor	NA	TCGA-LL-A440	TCGA-LL-A440-01A
5aaaf8b5-a75f-4070-93e8-f5b982144638	TSV	TCGA-LL-A6FR-01A-12R-A31O-07	open	0c311d42-5038-4408-ac4a-5ffbb02817e4.rna_seq.augmented_star_gene_counts.tsv	cf4a2047-c97a-40d3-9994-f2cb3d43d2ee	Transcriptome Profiling	gene_expression	Illumina	4223871	2021-12-13T22:16:10.599306-06:00	cde5f760937826de507fb6f298c57dab	2024-07-30T09:49:18.279699-05:00	5aaaf8b5-a75f-4070-93e8-f5b982144638	Gene Expression Quantification	released	RNA-Seq	1	32.0 - 46.0	TCGA-BRCA	9ee8d5f1-40dc-4db8-8708-ca35d0934788	released	0c311d42-5038-4408-ac4a-5ffbb02817e4_star__counts	https://github.com/NCI-GDC/gdc-rnaseq-cwl/blob/5d8c131bbff59fb0c969217fc1d44e6d1503cd1f/rnaseq-star-align/star2pass.rnaseq_harmonization.cwl	STAR - Counts	5d8c131bbff59fb0c969217fc1d44e6d1503cd1f	Primary Tumor	NA	TCGA-LL-A6FR	TCGA-LL-A6FR-01A
7d8935d4-33df-4a11-a352-e4e1acc563a4	TSV	TCGA-AN-A0FX-01A-11R-A034-07	open	8f51e90d-f617-4ed2-bbc7-7bcd92d1963d.rna_seq.augmented_star_gene_counts.tsv	9a41649a-da86-49f2-9e3a-d25a5f18c49a	Transcriptome Profiling	gene_expression	Illumina	4251590	2021-12-13T21:48:22.152978-06:00	4841c35510bd1870737098e6da266d61	2024-07-30T09:33:04.157753-05:00	7d8935d4-33df-4a11-a352-e4e1acc563a4	Gene Expression Quantification	released	RNA-Seq	1	32.0 - 46.0	TCGA-BRCA	80fa1530-53ba-4d6e-85e1-fe1ff3aa8a05	released	8f51e90d-f617-4ed2-bbc7-7bcd92d1963d_star__counts	https://github.com/NCI-GDC/gdc-rnaseq-cwl/blob/5d8c131bbff59fb0c969217fc1d44e6d1503cd1f/rnaseq-star-align/star2pass.rnaseq_harmonization.cwl	STAR - Counts	5d8c131bbff59fb0c969217fc1d44e6d1503cd1f	Primary Tumor	NA	TCGA-AN-A0FX	TCGA-AN-A0FX-01A
742a677b-e99b-4916-bb92-3536c55ee5e3	TSV	TCGA-BH-A0BG-01A-11R-A115-07	open	594263d2-e787-4e14-a2de-8f57727de001.rna_seq.augmented_star_gene_counts.tsv	2d2268dd-1b92-4a3a-9d5b-91f72cb4d782	Transcriptome Profiling	gene_expression	Illumina	4249609	2021-12-13T22:13:17.315787-06:00	1eee36e9d0b995b3abd47aaa3bab156c	2024-07-30T09:47:56.470590-05:00	742a677b-e99b-4916-bb92-3536c55ee5e3	Gene Expression Quantification	released	RNA-Seq	1	32.0 - 46.0	TCGA-BRCA	80530d30-c5b8-4139-a01f-3e70e621edb4	released	594263d2-e787-4e14-a2de-8f57727de001_star__counts	https://github.com/NCI-GDC/gdc-rnaseq-cwl/blob/5d8c131bbff59fb0c969217fc1d44e6d1503cd1f/rnaseq-star-align/star2pass.rnaseq_harmonization.cwl	STAR - Counts	5d8c131bbff59fb0c969217fc1d44e6d1503cd1f	Primary Tumor	NA	TCGA-BH-A0BG	TCGA-BH-A0BG-01A
f979b428-649b-42ac-9eae-31ff4daa7b8f	TSV	TCGA-B6-A0IN-01A-11R-A034-07	open	2429f1fd-8612-4944-a405-296a52daec57.rna_seq.augmented_star_gene_counts.tsv	248fead0-1944-4c34-8567-b0a876834fa8	Transcriptome Profiling	gene_expression	Illumina	4232677	2021-12-13T22:14:17.322296-06:00	5aa75a6685484988168fdcaaeaae3a00	2024-07-30T10:03:21.743444-05:00	f979b428-649b-42ac-9eae-31ff4daa7b8f	Gene Expression Quantification	released	RNA-Seq	1	32.0 - 46.0	TCGA-BRCA	bda51c19-87be-42a3-8ca1-01b265ae6d40	released	2429f1fd-8612-4944-a405-296a52daec57_star__counts	https://github.com/NCI-GDC/gdc-rnaseq-cwl/blob/5d8c131bbff59fb0c969217fc1d44e6d1503cd1f/rnaseq-star-align/star2pass.rnaseq_harmonization.cwl	STAR - Counts	5d8c131bbff59fb0c969217fc1d44e6d1503cd1f	Primary Tumor	NA	TCGA-B6-A0IN	TCGA-B6-A0IN-01A
1dd5828f-8e81-4196-992f-70b8203c915f	TSV	TCGA-E9-A248-01A-11R-A169-07	open	e4e983eb-2aa3-4858-b67f-9cc70452768c.rna_seq.augmented_star_gene_counts.tsv	5eed6044-2bee-451d-8d92-5566e7ca0f02	Transcriptome Profiling	gene_expression	Illumina	4248910	2021-12-13T21:59:56.103535-06:00	920ed53e93c9ebde50c48bff6750e3e2	2024-07-30T09:47:10.340036-05:00	1dd5828f-8e81-4196-992f-70b8203c915f	Gene Expression Quantification	released	RNA-Seq	1	32.0 - 46.0	TCGA-BRCA	1ea0409b-a3e9-44f2-9fe8-c5dd82e698f6	released	e4e983eb-2aa3-4858-b67f-9cc70452768c_star__counts	https://github.com/NCI-GDC/gdc-rnaseq-cwl/blob/5d8c131bbff59fb0c969217fc1d44e6d1503cd1f/rnaseq-star-align/star2pass.rnaseq_harmonization.cwl	STAR - Counts	5d8c131bbff59fb0c969217fc1d44e6d1503cd1f	Primary Tumor	NA	TCGA-E9-A248	TCGA-E9-A248-01A
1d15f05d-2ac2-4b83-987e-6f4b157b0b74	TSV	TCGA-A2-A0ST-01A-12R-A084-07	open	694ca3d8-9748-4c0f-9021-d599d81a325e.rna_seq.augmented_star_gene_counts.tsv	d00ac5be-6e2d-41b6-8ba1-a65c428f037e	Transcriptome Profiling	gene_expression	Illumina	4241548	2021-12-13T22:15:32.055574-06:00	269fadc3bc3ba48e0cdf9dfa8215955f	2024-07-30T09:58:03.194285-05:00	1d15f05d-2ac2-4b83-987e-6f4b157b0b74	Gene Expression Quantification	released	RNA-Seq	1	32.0 - 46.0	TCGA-BRCA	75e8f825-b073-4e1b-afa4-98b3e22354e6	released	694ca3d8-9748-4c0f-9021-d599d81a325e_star__counts	https://github.com/NCI-GDC/gdc-rnaseq-cwl/blob/5d8c131bbff59fb0c969217fc1d44e6d1503cd1f/rnaseq-star-align/star2pass.rnaseq_harmonization.cwl	STAR - Counts	5d8c131bbff59fb0c969217fc1d44e6d1503cd1f	Primary Tumor	NA	TCGA-A2-A0ST	TCGA-A2-A0ST-01A
89e048e0-2bdb-4c62-9c0e-2e6e796238dd	TSV	TCGA-A8-A06Y-01A-21R-A00Z-07	open	3f91fef1-b62c-4884-a882-c99bb6ca9613.rna_seq.augmented_star_gene_counts.tsv	fe85ae42-ddd5-4560-8d61-e4687b6397df	Transcriptome Profiling	gene_expression	Illumina	4234477	2021-12-13T21:59:19.331943-06:00	033a1eaaa046839ab6f3dcf762ab4212	2024-07-30T09:29:02.449045-05:00	89e048e0-2bdb-4c62-9c0e-2e6e796238dd	Gene Expression Quantification	released	RNA-Seq	1	32.0 - 46.0	TCGA-BRCA	9b2e24aa-094f-4402-8b61-edd2dc145d11	released	3f91fef1-b62c-4884-a882-c99bb6ca9613_star__counts	https://github.com/NCI-GDC/gdc-rnaseq-cwl/blob/5d8c131bbff59fb0c969217fc1d44e6d1503cd1f/rnaseq-star-align/star2pass.rnaseq_harmonization.cwl	STAR - Counts	5d8c131bbff59fb0c969217fc1d44e6d1503cd1f	Primary Tumor	NA	TCGA-A8-A06Y	TCGA-A8-A06Y-01A
a127fb1e-aa3b-4b6d-98b5-c141ffba9ae7	TSV	TCGA-B6-A0IB-01A-11R-A034-07	open	e590db5d-2577-43ec-9d39-45a257be5562.rna_seq.augmented_star_gene_counts.tsv	cf160df5-8180-4415-b39c-1e03ffbcd975	Transcriptome Profiling	gene_expression	Illumina	4242368	2021-12-13T22:15:57.105030-06:00	b912d6130899440dedf7e719839451cb	2024-07-30T10:03:11.702714-05:00	a127fb1e-aa3b-4b6d-98b5-c141ffba9ae7	Gene Expression Quantification	released	RNA-Seq	1	32.0 - 46.0	TCGA-BRCA	37e411b3-1303-4520-960a-a17eb13f77f4	released	e590db5d-2577-43ec-9d39-45a257be5562_star__counts	https://github.com/NCI-GDC/gdc-rnaseq-cwl/blob/5d8c131bbff59fb0c969217fc1d44e6d1503cd1f/rnaseq-star-align/star2pass.rnaseq_harmonization.cwl	STAR - Counts	5d8c131bbff59fb0c969217fc1d44e6d1503cd1f	Primary Tumor	NA	TCGA-B6-A0IB	TCGA-B6-A0IB-01A
70f7e473-4a58-4186-aedd-1bab29bef4f3	TSV	TCGA-EW-A1P5-01A-11R-A144-07	open	abb411d3-1474-4e6e-afa9-23b974d9a557.rna_seq.augmented_star_gene_counts.tsv	5a36ebd4-401f-4257-a7e1-671ee1f4a41c	Transcriptome Profiling	gene_expression	Illumina	4239296	2021-12-13T22:02:50.023692-06:00	70cc48b08ef3a42863f99b5ea9486d8a	2024-07-30T09:37:08.595588-05:00	70f7e473-4a58-4186-aedd-1bab29bef4f3	Gene Expression Quantification	released	RNA-Seq	1	32.0 - 46.0	TCGA-BRCA	6ff72971-2e63-4a4a-89da-0521aef044bd	released	abb411d3-1474-4e6e-afa9-23b974d9a557_star__counts	https://github.com/NCI-GDC/gdc-rnaseq-cwl/blob/5d8c131bbff59fb0c969217fc1d44e6d1503cd1f/rnaseq-star-align/star2pass.rnaseq_harmonization.cwl	STAR - Counts	5d8c131bbff59fb0c969217fc1d44e6d1503cd1f	Primary Tumor	NA	TCGA-EW-A1P5	TCGA-EW-A1P5-01A
e22bc31b-332f-45a1-b17c-c747179abe61	TSV	TCGA-E2-A15K-01A-11R-A12P-07	open	b1366128-6ab0-4205-ae2b-a854e8ad45bf.rna_seq.augmented_star_gene_counts.tsv	05a86ced-2ab0-42f6-9f70-2ba48a48d568	Transcriptome Profiling	gene_expression	Illumina	4241940	2021-12-13T22:19:06.350975-06:00	081c3d0b41876fe11f2f0560e692970f	2024-07-30T09:47:02.319249-05:00	e22bc31b-332f-45a1-b17c-c747179abe61	Gene Expression Quantification	released	RNA-Seq	1	32.0 - 46.0	TCGA-BRCA	473d112b-be0a-41a3-8a4a-775d20e7f892	released	b1366128-6ab0-4205-ae2b-a854e8ad45bf_star__counts	https://github.com/NCI-GDC/gdc-rnaseq-cwl/blob/5d8c131bbff59fb0c969217fc1d44e6d1503cd1f/rnaseq-star-align/star2pass.rnaseq_harmonization.cwl	STAR - Counts	5d8c131bbff59fb0c969217fc1d44e6d1503cd1f	Primary Tumor	NA	TCGA-E2-A15K	TCGA-E2-A15K-01A
511ca25f-0b7f-4912-9b79-ed551721a420	TSV	TCGA-AN-A0FJ-01A-11R-A00Z-07	open	b3ea108e-0ab7-4340-9da9-b7a8bc3b942c.rna_seq.augmented_star_gene_counts.tsv	7cf82e4e-81cb-4749-b2fd-e07d947587b3	Transcriptome Profiling	gene_expression	Illumina	4226590	2021-12-13T22:23:41.403776-06:00	f76170ae041cdb3026aa8554e5dc6a4f	2024-07-30T09:38:31.133423-05:00	511ca25f-0b7f-4912-9b79-ed551721a420	Gene Expression Quantification	released	RNA-Seq	1	32.0 - 46.0	TCGA-BRCA	16866aec-7e6c-4c8e-b682-d7c18aea067b	released	b3ea108e-0ab7-4340-9da9-b7a8bc3b942c_star__counts	https://github.com/NCI-GDC/gdc-rnaseq-cwl/blob/5d8c131bbff59fb0c969217fc1d44e6d1503cd1f/rnaseq-star-align/star2pass.rnaseq_harmonization.cwl	STAR - Counts	5d8c131bbff59fb0c969217fc1d44e6d1503cd1f	Primary Tumor	NA	TCGA-AN-A0FJ	TCGA-AN-A0FJ-01A
a2f1fa8f-26d6-4b3e-8816-33f42e3f9209	TSV	TCGA-BH-A18P-01A-11R-A12D-07	open	99df3cc9-683b-449b-bcf4-94bbff09c90e.rna_seq.augmented_star_gene_counts.tsv	bca46bce-4b07-4e94-9111-4433d5c4a686	Transcriptome Profiling	gene_expression	Illumina	4240634	2021-12-13T22:32:51.209851-06:00	f47ff147ac334cfeca0629bfdf33126e	2024-07-30T10:01:05.337979-05:00	a2f1fa8f-26d6-4b3e-8816-33f42e3f9209	Gene Expression Quantification	released	RNA-Seq	1	32.0 - 46.0	TCGA-BRCA	eafa4d2a-2344-4eef-b3b7-8ca9a9c115c7	released	99df3cc9-683b-449b-bcf4-94bbff09c90e_star__counts	https://github.com/NCI-GDC/gdc-rnaseq-cwl/blob/5d8c131bbff59fb0c969217fc1d44e6d1503cd1f/rnaseq-star-align/star2pass.rnaseq_harmonization.cwl	STAR - Counts	5d8c131bbff59fb0c969217fc1d44e6d1503cd1f	Primary Tumor	NA	TCGA-BH-A18P	TCGA-BH-A18P-01A
927604f9-a38e-4c3f-b50f-3e0db4daf5ec	TSV	TCGA-3C-AALI-01A-11R-A41B-07	open	1be6a56c-a7b1-45e5-b96c-db20337073b8.rna_seq.augmented_star_gene_counts.tsv	965a0ee2-b260-484e-9f9f-2504bc0b2c2a	Transcriptome Profiling	gene_expression	Illumina	4238401	2021-12-13T21:52:46.135199-06:00	7d19c73c6b27f520b337fe7489430584	2024-07-30T09:40:58.139019-05:00	927604f9-a38e-4c3f-b50f-3e0db4daf5ec	Gene Expression Quantification	released	RNA-Seq	1	32.0 - 46.0	TCGA-BRCA	3218ae6c-d64a-4d00-8374-716e31548899	released	1be6a56c-a7b1-45e5-b96c-db20337073b8_star__counts	https://github.com/NCI-GDC/gdc-rnaseq-cwl/blob/5d8c131bbff59fb0c969217fc1d44e6d1503cd1f/rnaseq-star-align/star2pass.rnaseq_harmonization.cwl	STAR - Counts	5d8c131bbff59fb0c969217fc1d44e6d1503cd1f	Primary Tumor	NA	TCGA-3C-AALI	TCGA-3C-AALI-01A
11a64d0e-1dd1-471e-87bf-9e2a7fc13f09	TSV	TCGA-E2-A159-01A-11R-A115-07	open	4ba90a73-b2e0-415b-9cd2-fad805840aff.rna_seq.augmented_star_gene_counts.tsv	a25adee9-0c68-40e9-8dc3-1dafd3b3e0ec	Transcriptome Profiling	gene_expression	Illumina	4247907	2021-12-13T22:41:10.647556-06:00	88d085cca037e1ac5460bf9935110391	2024-07-30T09:18:39.670112-05:00	11a64d0e-1dd1-471e-87bf-9e2a7fc13f09	Gene Expression Quantification	released	RNA-Seq	1	32.0 - 46.0	TCGA-BRCA	02ff7c01-97d0-4c65-b96f-199224032456	released	4ba90a73-b2e0-415b-9cd2-fad805840aff_star__counts	https://github.com/NCI-GDC/gdc-rnaseq-cwl/blob/5d8c131bbff59fb0c969217fc1d44e6d1503cd1f/rnaseq-star-align/star2pass.rnaseq_harmonization.cwl	STAR - Counts	5d8c131bbff59fb0c969217fc1d44e6d1503cd1f	Primary Tumor	NA	TCGA-E2-A159	TCGA-E2-A159-01A
130343f0-62f4-4400-8002-e596edb3c02a	TSV	TCGA-D8-A1XT-01A-11R-A14M-07	open	fcc2a5c0-ec23-43b5-b616-9b03c8ff4129.rna_seq.augmented_star_gene_counts.tsv	87708d16-becb-4f6c-95cc-fc67a6492327	Transcriptome Profiling	gene_expression	Illumina	4252447	2021-12-13T22:29:19.375766-06:00	cc67e83a01a50164150750a5edfd413a	2024-07-30T09:19:15.304251-05:00	130343f0-62f4-4400-8002-e596edb3c02a	Gene Expression Quantification	released	RNA-Seq	1	32.0 - 46.0	TCGA-BRCA	0d615970-9fb5-4f80-ab3a-21c2240dd200	released	fcc2a5c0-ec23-43b5-b616-9b03c8ff4129_star__counts	https://github.com/NCI-GDC/gdc-rnaseq-cwl/blob/5d8c131bbff59fb0c969217fc1d44e6d1503cd1f/rnaseq-star-align/star2pass.rnaseq_harmonization.cwl	STAR - Counts	5d8c131bbff59fb0c969217fc1d44e6d1503cd1f	Primary Tumor	NA	TCGA-D8-A1XT	TCGA-D8-A1XT-01A
c32d5451-815d-4451-97b1-e61801574c22	TSV	TCGA-BH-A1FG-11B-12R-A13Q-07	open	dcd8e56d-d2a0-403b-89c9-351c7aae47ad.rna_seq.augmented_star_gene_counts.tsv	69fb5eee-f339-414e-a34b-364103d7f6a3	Transcriptome Profiling	gene_expression	Illumina	4236714	2021-12-13T22:03:19.424118-06:00	4d7546a68a2eb5b353fc0a91516b346e	2024-07-30T09:33:27.603037-05:00	c32d5451-815d-4451-97b1-e61801574c22	Gene Expression Quantification	released	RNA-Seq	1	32.0 - 46.0	TCGA-BRCA	3b680f23-4b23-46e7-9e73-13f15feb009c	released	dcd8e56d-d2a0-403b-89c9-351c7aae47ad_star__counts	https://github.com/NCI-GDC/gdc-rnaseq-cwl/blob/5d8c131bbff59fb0c969217fc1d44e6d1503cd1f/rnaseq-star-align/star2pass.rnaseq_harmonization.cwl	STAR - Counts	5d8c131bbff59fb0c969217fc1d44e6d1503cd1f	Solid Tissue Normal	NA	TCGA-BH-A1FG	TCGA-BH-A1FG-11B
65bc2a34-2355-4193-b20e-439f2d7f6df2	TSV	TCGA-E2-A14Z-01A-11R-A115-07	open	88d14d8e-cbbe-4157-b3ae-f1ddcb5e9551.rna_seq.augmented_star_gene_counts.tsv	6a46fae2-ee5b-45d1-a51f-e405583e54c6	Transcriptome Profiling	gene_expression	Illumina	4240098	2021-12-13T22:03:16.486656-06:00	bea04119d59f1054752edecdd4117bea	2024-07-30T09:18:13.455885-05:00	65bc2a34-2355-4193-b20e-439f2d7f6df2	Gene Expression Quantification	released	RNA-Seq	1	32.0 - 46.0	TCGA-BRCA	d4763224-cb81-4895-8aad-db8b469b542b	released	88d14d8e-cbbe-4157-b3ae-f1ddcb5e9551_star__counts	https://github.com/NCI-GDC/gdc-rnaseq-cwl/blob/5d8c131bbff59fb0c969217fc1d44e6d1503cd1f/rnaseq-star-align/star2pass.rnaseq_harmonization.cwl	STAR - Counts	5d8c131bbff59fb0c969217fc1d44e6d1503cd1f	Primary Tumor	NA	TCGA-E2-A14Z	TCGA-E2-A14Z-01A
d27acb8c-2551-4ea7-8c09-f211cb4a9ec0	TSV	TCGA-AR-A1AV-01A-21R-A12P-07	open	1cc7480c-76e1-42d1-8593-49b356ef624e.rna_seq.augmented_star_gene_counts.tsv	a6802b4f-aec9-4cc9-bd7d-ec496e416573	Transcriptome Profiling	gene_expression	Illumina	4246543	2021-12-13T22:06:48.451791-06:00	3500e4ed36d57eb8b9c4fb138c376bee	2024-07-30T09:37:14.757428-05:00	d27acb8c-2551-4ea7-8c09-f211cb4a9ec0	Gene Expression Quantification	released	RNA-Seq	1	32.0 - 46.0	TCGA-BRCA	dd5463f2-151f-4434-9fb6-e074893c4b1a	released	1cc7480c-76e1-42d1-8593-49b356ef624e_star__counts	https://github.com/NCI-GDC/gdc-rnaseq-cwl/blob/5d8c131bbff59fb0c969217fc1d44e6d1503cd1f/rnaseq-star-align/star2pass.rnaseq_harmonization.cwl	STAR - Counts	5d8c131bbff59fb0c969217fc1d44e6d1503cd1f	Primary Tumor	NA	TCGA-AR-A1AV	TCGA-AR-A1AV-01A
37af19f9-56f9-48ec-97a9-5b0b6e364293	TSV	TCGA-C8-A8HP-01A-11R-A36F-07	open	a37efe02-9662-4b90-8251-003ccb96aed4.rna_seq.augmented_star_gene_counts.tsv	fa03f783-137d-4e0e-8b5a-8da3ed6c1e90	Transcriptome Profiling	gene_expression	Illumina	4231059	2021-12-13T22:19:49.308653-06:00	478d2e0ca49bab7a8040ef26dc222cc6	2024-07-30T09:45:24.544301-05:00	37af19f9-56f9-48ec-97a9-5b0b6e364293	Gene Expression Quantification	released	RNA-Seq	1	32.0 - 46.0	TCGA-BRCA	088846da-db4b-4a2e-a96a-a7f0b5be8333	released	a37efe02-9662-4b90-8251-003ccb96aed4_star__counts	https://github.com/NCI-GDC/gdc-rnaseq-cwl/blob/5d8c131bbff59fb0c969217fc1d44e6d1503cd1f/rnaseq-star-align/star2pass.rnaseq_harmonization.cwl	STAR - Counts	5d8c131bbff59fb0c969217fc1d44e6d1503cd1f	Primary Tumor	NA	TCGA-C8-A8HP	TCGA-C8-A8HP-01A
34d68427-f4e7-4c9e-97ee-c853519961fb	TSV	TCGA-E9-A244-01A-11R-A169-07	open	f3eb5b26-5414-454f-a01f-a282b0369596.rna_seq.augmented_star_gene_counts.tsv	bdc48345-ccc9-41a9-b31d-c4e3e7a9ec62	Transcriptome Profiling	gene_expression	Illumina	4241810	2021-12-13T22:11:23.078518-06:00	b8e908680f1918043571a76ba7a1082f	2024-07-30T09:26:24.978057-05:00	34d68427-f4e7-4c9e-97ee-c853519961fb	Gene Expression Quantification	released	RNA-Seq	1	32.0 - 46.0	TCGA-BRCA	1bbdbc37-99c3-4c3f-ab13-e75b3fe95ae9	released	f3eb5b26-5414-454f-a01f-a282b0369596_star__counts	https://github.com/NCI-GDC/gdc-rnaseq-cwl/blob/5d8c131bbff59fb0c969217fc1d44e6d1503cd1f/rnaseq-star-align/star2pass.rnaseq_harmonization.cwl	STAR - Counts	5d8c131bbff59fb0c969217fc1d44e6d1503cd1f	Primary Tumor	NA	TCGA-E9-A244	TCGA-E9-A244-01A
1d7e99d8-052d-491a-8088-91cb0790cb17	TSV	TCGA-AR-A0TT-01A-31R-A084-07	open	a37d7ef3-0840-4114-acec-ce9e29bb54e9.rna_seq.augmented_star_gene_counts.tsv	27e3a95d-c46d-4aa0-a7df-aeb73025294e	Transcriptome Profiling	gene_expression	Illumina	4241610	2021-12-13T22:21:27.765593-06:00	6e6905b1eb321bb93cbd43af86a2503d	2024-07-30T10:06:13.843345-05:00	1d7e99d8-052d-491a-8088-91cb0790cb17	Gene Expression Quantification	released	RNA-Seq	1	32.0 - 46.0	TCGA-BRCA	613c7f41-42bd-445f-af6e-a63f3b66d557	released	a37d7ef3-0840-4114-acec-ce9e29bb54e9_star__counts	https://github.com/NCI-GDC/gdc-rnaseq-cwl/blob/5d8c131bbff59fb0c969217fc1d44e6d1503cd1f/rnaseq-star-align/star2pass.rnaseq_harmonization.cwl	STAR - Counts	5d8c131bbff59fb0c969217fc1d44e6d1503cd1f	Primary Tumor	NA	TCGA-AR-A0TT	TCGA-AR-A0TT-01A
76cff555-d8a3-46d1-ac93-12d856adb445	TSV	TCGA-E2-A15K-11A-13R-A12P-07	open	dbd18198-74a5-410d-bf38-08a0ca2fb207.rna_seq.augmented_star_gene_counts.tsv	60d5d259-1ed3-4f2c-b95e-3d73f7e7caf3	Transcriptome Profiling	gene_expression	Illumina	4237075	2021-12-13T21:51:51.415054-06:00	832519c51c665cd663179fceae7e951d	2024-07-30T09:29:35.037130-05:00	76cff555-d8a3-46d1-ac93-12d856adb445	Gene Expression Quantification	released	RNA-Seq	1	32.0 - 46.0	TCGA-BRCA	f95cc9fa-0fc7-4ddd-b9f6-2f2a750c6da2	released	dbd18198-74a5-410d-bf38-08a0ca2fb207_star__counts	https://github.com/NCI-GDC/gdc-rnaseq-cwl/blob/5d8c131bbff59fb0c969217fc1d44e6d1503cd1f/rnaseq-star-align/star2pass.rnaseq_harmonization.cwl	STAR - Counts	5d8c131bbff59fb0c969217fc1d44e6d1503cd1f	Solid Tissue Normal	NA	TCGA-E2-A15K	TCGA-E2-A15K-11A
ae72486a-e98c-4d72-b172-085d5b79df2c	TSV	TCGA-BH-A1FL-01A-11R-A13Q-07	open	b5e84055-487f-467a-9bc4-bd59ec82f183.rna_seq.augmented_star_gene_counts.tsv	a84fa2f6-0b62-4483-b25f-f28f8100e670	Transcriptome Profiling	gene_expression	Illumina	4254898	2021-12-13T22:16:47.533332-06:00	e1b9b18f011bd9045ae7417e84d46ba1	2024-07-30T10:04:50.381175-05:00	ae72486a-e98c-4d72-b172-085d5b79df2c	Gene Expression Quantification	released	RNA-Seq	1	32.0 - 46.0	TCGA-BRCA	265fbef2-c262-4353-b86c-65334dd214af	released	b5e84055-487f-467a-9bc4-bd59ec82f183_star__counts	https://github.com/NCI-GDC/gdc-rnaseq-cwl/blob/5d8c131bbff59fb0c969217fc1d44e6d1503cd1f/rnaseq-star-align/star2pass.rnaseq_harmonization.cwl	STAR - Counts	5d8c131bbff59fb0c969217fc1d44e6d1503cd1f	Primary Tumor	NA	TCGA-BH-A1FL	TCGA-BH-A1FL-01A
440bdce7-eb0c-4661-b96a-e90d10e230d6	TSV	TCGA-B6-A0X1-01A-11R-A109-07	open	d76cd13a-0481-442a-bfe6-ad322fc3851a.rna_seq.augmented_star_gene_counts.tsv	5d434ae2-f997-4e55-9c25-51d478502ba3	Transcriptome Profiling	gene_expression	Illumina	4230776	2021-12-13T21:54:10.523425-06:00	6e3e51f2574e710987b86e0fc2e7dcc8	2024-07-30T09:48:00.105525-05:00	440bdce7-eb0c-4661-b96a-e90d10e230d6	Gene Expression Quantification	released	RNA-Seq	1	32.0 - 46.0	TCGA-BRCA	d4fd0f43-c2b8-4faf-9705-dd9782d884c0	released	d76cd13a-0481-442a-bfe6-ad322fc3851a_star__counts	https://github.com/NCI-GDC/gdc-rnaseq-cwl/blob/5d8c131bbff59fb0c969217fc1d44e6d1503cd1f/rnaseq-star-align/star2pass.rnaseq_harmonization.cwl	STAR - Counts	5d8c131bbff59fb0c969217fc1d44e6d1503cd1f	Primary Tumor	NA	TCGA-B6-A0X1	TCGA-B6-A0X1-01A
69aebf68-5357-4269-84fb-ee91a6bd67fd	TSV	TCGA-A7-A0D9-01A-31R-A056-07	open	8f4d89ea-3207-4fa7-9898-9b78cb971577.rna_seq.augmented_star_gene_counts.tsv	564ae340-ee65-4389-9c72-0e571bb81866	Transcriptome Profiling	gene_expression	Illumina	4243588	2021-12-13T21:59:07.553127-06:00	02397e97a0406355b8df1cf5acb954f1	2024-07-30T10:00:29.272121-05:00	69aebf68-5357-4269-84fb-ee91a6bd67fd	Gene Expression Quantification	released	RNA-Seq	1	32.0 - 46.0	TCGA-BRCA	5c18018c-5292-4fee-9661-6ffe6013679e	released	8f4d89ea-3207-4fa7-9898-9b78cb971577_star__counts	https://github.com/NCI-GDC/gdc-rnaseq-cwl/blob/5d8c131bbff59fb0c969217fc1d44e6d1503cd1f/rnaseq-star-align/star2pass.rnaseq_harmonization.cwl	STAR - Counts	5d8c131bbff59fb0c969217fc1d44e6d1503cd1f	Primary Tumor	NA	TCGA-A7-A0D9	TCGA-A7-A0D9-01A
6e112ec6-1791-4764-8a62-7ad4dfea2d3b	TSV	TCGA-A2-A0SX-01A-12R-A084-07	open	216e4f8a-be1a-41d6-b413-fa4645423caa.rna_seq.augmented_star_gene_counts.tsv	c49e5659-5407-4b71-83e4-af4817839dc9	Transcriptome Profiling	gene_expression	Illumina	4254264	2021-12-13T22:01:33.641432-06:00	ab766d646b3d2dff3a44caed1e0a3999	2024-07-30T09:41:19.238518-05:00	6e112ec6-1791-4764-8a62-7ad4dfea2d3b	Gene Expression Quantification	released	RNA-Seq	1	32.0 - 46.0	TCGA-BRCA	77848f7e-9658-448d-adc2-c4ee741cf4b8	released	216e4f8a-be1a-41d6-b413-fa4645423caa_star__counts	https://github.com/NCI-GDC/gdc-rnaseq-cwl/blob/5d8c131bbff59fb0c969217fc1d44e6d1503cd1f/rnaseq-star-align/star2pass.rnaseq_harmonization.cwl	STAR - Counts	5d8c131bbff59fb0c969217fc1d44e6d1503cd1f	Primary Tumor	NA	TCGA-A2-A0SX	TCGA-A2-A0SX-01A
97c68557-c395-40bb-aaa3-a16514da3644	TSV	TCGA-EW-A1OY-01A-11R-A144-07	open	19afe60a-30a2-45f6-b4fb-de935154027c.rna_seq.augmented_star_gene_counts.tsv	e2940062-7625-4ba2-91a4-f6256bb60743	Transcriptome Profiling	gene_expression	Illumina	4231130	2021-12-13T22:18:41.140970-06:00	e65c4a4fb661fd5aef04084397102d53	2024-07-30T09:27:34.917285-05:00	97c68557-c395-40bb-aaa3-a16514da3644	Gene Expression Quantification	released	RNA-Seq	1	32.0 - 46.0	TCGA-BRCA	1e22d635-e678-466f-8d5e-2201dab7da5c	released	19afe60a-30a2-45f6-b4fb-de935154027c_star__counts	https://github.com/NCI-GDC/gdc-rnaseq-cwl/blob/5d8c131bbff59fb0c969217fc1d44e6d1503cd1f/rnaseq-star-align/star2pass.rnaseq_harmonization.cwl	STAR - Counts	5d8c131bbff59fb0c969217fc1d44e6d1503cd1f	Primary Tumor	NA	TCGA-EW-A1OY	TCGA-EW-A1OY-01A
f1934efb-1c8a-4c72-ba94-d263ef0d0cd4	TSV	TCGA-B6-A0RL-01A-11R-A084-07	open	35da5f48-1c64-488b-8330-01e5fcbd9801.rna_seq.augmented_star_gene_counts.tsv	497032e0-fce1-492a-baa4-5073b87cd49e	Transcriptome Profiling	gene_expression	Illumina	4243661	2021-12-13T21:45:31.255792-06:00	b742c42c54d5855f8c5065bd6ebba3c7	2024-07-30T09:43:19.899687-05:00	f1934efb-1c8a-4c72-ba94-d263ef0d0cd4	Gene Expression Quantification	released	RNA-Seq	1	32.0 - 46.0	TCGA-BRCA	a7c68e57-b0c8-4fae-affc-4d9e4c935a1c	released	35da5f48-1c64-488b-8330-01e5fcbd9801_star__counts	https://github.com/NCI-GDC/gdc-rnaseq-cwl/blob/5d8c131bbff59fb0c969217fc1d44e6d1503cd1f/rnaseq-star-align/star2pass.rnaseq_harmonization.cwl	STAR - Counts	5d8c131bbff59fb0c969217fc1d44e6d1503cd1f	Primary Tumor	NA	TCGA-B6-A0RL	TCGA-B6-A0RL-01A
06598222-e18b-45b1-9e4b-407aa120442c	TSV	TCGA-D8-A1JK-01A-11R-A13Q-07	open	a5ecc76e-a696-4e90-8bb4-7a9965e2f8a8.rna_seq.augmented_star_gene_counts.tsv	191ce35d-94f2-4077-823b-37324c3ebe2b	Transcriptome Profiling	gene_expression	Illumina	4233551	2021-12-13T22:38:59.472114-06:00	df788459dc7b8a1180ac0b6fe64d7fe5	2024-07-30T09:56:50.677179-05:00	06598222-e18b-45b1-9e4b-407aa120442c	Gene Expression Quantification	released	RNA-Seq	1	32.0 - 46.0	TCGA-BRCA	96df1369-dc4d-43fc-b0d7-b2c5c79d8d84	released	a5ecc76e-a696-4e90-8bb4-7a9965e2f8a8_star__counts	https://github.com/NCI-GDC/gdc-rnaseq-cwl/blob/5d8c131bbff59fb0c969217fc1d44e6d1503cd1f/rnaseq-star-align/star2pass.rnaseq_harmonization.cwl	STAR - Counts	5d8c131bbff59fb0c969217fc1d44e6d1503cd1f	Primary Tumor	NA	TCGA-D8-A1JK	TCGA-D8-A1JK-01A
c587bd27-778a-4729-b614-e0631bb3717b	TSV	TCGA-E9-A22E-01A-11R-A157-07	open	f79d6a7e-eaaa-4382-a5ed-600cf8d45824.rna_seq.augmented_star_gene_counts.tsv	ce4b2b48-8b17-47b1-b431-09e9f620e15b	Transcriptome Profiling	gene_expression	Illumina	4241110	2021-12-13T22:12:46.602848-06:00	9a03c942a5797cc4cdd0a4e2442c324c	2024-07-30T09:49:24.557382-05:00	c587bd27-778a-4729-b614-e0631bb3717b	Gene Expression Quantification	released	RNA-Seq	1	32.0 - 46.0	TCGA-BRCA	062566c3-7b48-4ad4-81f2-fdbd569911aa	released	f79d6a7e-eaaa-4382-a5ed-600cf8d45824_star__counts	https://github.com/NCI-GDC/gdc-rnaseq-cwl/blob/5d8c131bbff59fb0c969217fc1d44e6d1503cd1f/rnaseq-star-align/star2pass.rnaseq_harmonization.cwl	STAR - Counts	5d8c131bbff59fb0c969217fc1d44e6d1503cd1f	Primary Tumor	NA	TCGA-E9-A22E	TCGA-E9-A22E-01A
5b92e1c6-6265-46b5-bcf7-0c0bafe6f390	TSV	TCGA-A8-A08Z-01A-21R-A00Z-07	open	74d50556-5de8-4eff-82e6-a3ad9c70020a.rna_seq.augmented_star_gene_counts.tsv	c283253b-1683-4d48-89be-685c72225e38	Transcriptome Profiling	gene_expression	Illumina	4249538	2021-12-13T22:18:26.792501-06:00	0a3b0cbaccc2cdd8b6ae43223ce1e748	2024-07-30T10:04:10.436840-05:00	5b92e1c6-6265-46b5-bcf7-0c0bafe6f390	Gene Expression Quantification	released	RNA-Seq	1	32.0 - 46.0	TCGA-BRCA	07470825-75ac-43e9-9516-63caa569437b	released	74d50556-5de8-4eff-82e6-a3ad9c70020a_star__counts	https://github.com/NCI-GDC/gdc-rnaseq-cwl/blob/5d8c131bbff59fb0c969217fc1d44e6d1503cd1f/rnaseq-star-align/star2pass.rnaseq_harmonization.cwl	STAR - Counts	5d8c131bbff59fb0c969217fc1d44e6d1503cd1f	Primary Tumor	NA	TCGA-A8-A08Z	TCGA-A8-A08Z-01A
03a1a105-4856-4e5c-b537-508bdbda50b5	TSV	TCGA-EW-A3U0-01A-11R-A22K-07	open	02bbe1b1-44ff-426b-a40e-47a01bc4cf7d.rna_seq.augmented_star_gene_counts.tsv	eac4ed1a-0b4e-4a45-bb9f-ea5be0f99876	Transcriptome Profiling	gene_expression	Illumina	4250160	2021-12-13T22:29:21.855896-06:00	b14544f95a55d4916cd5121b61e3bfb8	2024-07-30T09:25:25.754838-05:00	03a1a105-4856-4e5c-b537-508bdbda50b5	Gene Expression Quantification	released	RNA-Seq	1	32.0 - 46.0	TCGA-BRCA	fb77f12c-db81-445f-b98e-c9dd9c4a749b	released	02bbe1b1-44ff-426b-a40e-47a01bc4cf7d_star__counts	https://github.com/NCI-GDC/gdc-rnaseq-cwl/blob/5d8c131bbff59fb0c969217fc1d44e6d1503cd1f/rnaseq-star-align/star2pass.rnaseq_harmonization.cwl	STAR - Counts	5d8c131bbff59fb0c969217fc1d44e6d1503cd1f	Primary Tumor	NA	TCGA-EW-A3U0	TCGA-EW-A3U0-01A
f33b0d9c-486b-482d-b4a6-c2885072db7b	TSV	TCGA-D8-A27N-01A-11R-A16F-07	open	ab3b04d0-d1fb-48f4-aae2-9ef96c9f5fb2.rna_seq.augmented_star_gene_counts.tsv	183255c6-25f4-4a29-91e5-531589cabd4c	Transcriptome Profiling	gene_expression	Illumina	4246715	2021-12-13T21:52:16.834133-06:00	dd7d48904359e2e9f7ae4da33e4130f9	2024-07-30T09:35:07.885919-05:00	f33b0d9c-486b-482d-b4a6-c2885072db7b	Gene Expression Quantification	released	RNA-Seq	1	32.0 - 46.0	TCGA-BRCA	838ed888-0ff2-4016-967f-d466c432bed6	released	ab3b04d0-d1fb-48f4-aae2-9ef96c9f5fb2_star__counts	https://github.com/NCI-GDC/gdc-rnaseq-cwl/blob/5d8c131bbff59fb0c969217fc1d44e6d1503cd1f/rnaseq-star-align/star2pass.rnaseq_harmonization.cwl	STAR - Counts	5d8c131bbff59fb0c969217fc1d44e6d1503cd1f	Primary Tumor	NA	TCGA-D8-A27N	TCGA-D8-A27N-01A
6e8e0eef-1fc8-446c-9038-3a06657784ec	TSV	TCGA-E2-A14R-01A-11R-A115-07	open	0c087071-89ba-4fc8-ab47-c4f1c60fa24c.rna_seq.augmented_star_gene_counts.tsv	2eee9906-eb46-49c8-9703-b271553d265f	Transcriptome Profiling	gene_expression	Illumina	4232923	2021-12-13T22:03:05.766639-06:00	f67c8eee4c4d07d8ed9f1b20c94e25d5	2024-07-30T09:18:38.483763-05:00	6e8e0eef-1fc8-446c-9038-3a06657784ec	Gene Expression Quantification	released	RNA-Seq	1	32.0 - 46.0	TCGA-BRCA	58cb899f-baf8-4386-bb7d-bdd0fcc8e213	released	0c087071-89ba-4fc8-ab47-c4f1c60fa24c_star__counts	https://github.com/NCI-GDC/gdc-rnaseq-cwl/blob/5d8c131bbff59fb0c969217fc1d44e6d1503cd1f/rnaseq-star-align/star2pass.rnaseq_harmonization.cwl	STAR - Counts	5d8c131bbff59fb0c969217fc1d44e6d1503cd1f	Primary Tumor	NA	TCGA-E2-A14R	TCGA-E2-A14R-01A
a37587aa-2e1f-42f5-a691-c4a41ae79ea9	TSV	TCGA-BH-A18K-11A-13R-A12D-07	open	922ac2aa-8619-47ef-99d8-160e19861f57.rna_seq.augmented_star_gene_counts.tsv	4bd23519-6ece-4d0a-b45d-de5e70843d14	Transcriptome Profiling	gene_expression	Illumina	4245002	2021-12-13T22:21:20.175046-06:00	51d812a1d48d974dbb274cb91f53442a	2024-07-30T09:35:53.367640-05:00	a37587aa-2e1f-42f5-a691-c4a41ae79ea9	Gene Expression Quantification	released	RNA-Seq	1	32.0 - 46.0	TCGA-BRCA	de3258fc-6023-4991-ab88-33df7f927e06	released	922ac2aa-8619-47ef-99d8-160e19861f57_star__counts	https://github.com/NCI-GDC/gdc-rnaseq-cwl/blob/5d8c131bbff59fb0c969217fc1d44e6d1503cd1f/rnaseq-star-align/star2pass.rnaseq_harmonization.cwl	STAR - Counts	5d8c131bbff59fb0c969217fc1d44e6d1503cd1f	Solid Tissue Normal	NA	TCGA-BH-A18K	TCGA-BH-A18K-11A
9985bb0b-d1cc-455b-80d9-f8007669cd5c	TSV	TCGA-BH-A1FH-11B-42R-A13Q-07	open	b3435d9e-fb7f-4748-9a0b-2b532875c87e.rna_seq.augmented_star_gene_counts.tsv	b5a4e70a-73fe-4754-bc05-ecc031ce65bf	Transcriptome Profiling	gene_expression	Illumina	4236838	2021-12-13T22:16:53.222203-06:00	e4edb1ca5cd492dc12831d1145e1664f	2024-07-30T10:06:07.724060-05:00	9985bb0b-d1cc-455b-80d9-f8007669cd5c	Gene Expression Quantification	released	RNA-Seq	1	32.0 - 46.0	TCGA-BRCA	61212802-fdf6-4491-9885-a489cb1b24cb	released	b3435d9e-fb7f-4748-9a0b-2b532875c87e_star__counts	https://github.com/NCI-GDC/gdc-rnaseq-cwl/blob/5d8c131bbff59fb0c969217fc1d44e6d1503cd1f/rnaseq-star-align/star2pass.rnaseq_harmonization.cwl	STAR - Counts	5d8c131bbff59fb0c969217fc1d44e6d1503cd1f	Solid Tissue Normal	NA	TCGA-BH-A1FH	TCGA-BH-A1FH-11B
451ecdf8-433f-4d38-8ab6-3cc8d428ed95	TSV	TCGA-BH-A1FH-01A-12R-A13Q-07	open	d7eb3fb0-7bfe-4f69-b298-41dde09902e6.rna_seq.augmented_star_gene_counts.tsv	ecff32de-dd7f-4586-948f-4e6bdefb589b	Transcriptome Profiling	gene_expression	Illumina	4256048	2021-12-13T21:51:32.586617-06:00	ae14b0d5aa8904bb75c55cf5736c4880	2024-07-30T09:22:52.476411-05:00	451ecdf8-433f-4d38-8ab6-3cc8d428ed95	Gene Expression Quantification	released	RNA-Seq	1	32.0 - 46.0	TCGA-BRCA	12883d79-11e1-4018-90cd-037af7837ffe	released	d7eb3fb0-7bfe-4f69-b298-41dde09902e6_star__counts	https://github.com/NCI-GDC/gdc-rnaseq-cwl/blob/5d8c131bbff59fb0c969217fc1d44e6d1503cd1f/rnaseq-star-align/star2pass.rnaseq_harmonization.cwl	STAR - Counts	5d8c131bbff59fb0c969217fc1d44e6d1503cd1f	Primary Tumor	NA	TCGA-BH-A1FH	TCGA-BH-A1FH-01A
0e2a0a41-fc0f-40d0-a0e7-d3eecac3cfd7	TSV	TCGA-A7-A3IZ-01A-11R-A213-07	open	80afd34a-fc20-46be-85c5-088951628194.rna_seq.augmented_star_gene_counts.tsv	cc3c424a-bd3c-43dd-b566-66372a922cd9	Transcriptome Profiling	gene_expression	Illumina	4244390	2021-12-13T22:13:36.574352-06:00	2092bc5fac092b49eb3e37503c752e5c	2024-07-30T09:59:39.401741-05:00	0e2a0a41-fc0f-40d0-a0e7-d3eecac3cfd7	Gene Expression Quantification	released	RNA-Seq	1	32.0 - 46.0	TCGA-BRCA	064242e5-de5d-4ae5-a7aa-a6757fdcb540	released	80afd34a-fc20-46be-85c5-088951628194_star__counts	https://github.com/NCI-GDC/gdc-rnaseq-cwl/blob/5d8c131bbff59fb0c969217fc1d44e6d1503cd1f/rnaseq-star-align/star2pass.rnaseq_harmonization.cwl	STAR - Counts	5d8c131bbff59fb0c969217fc1d44e6d1503cd1f	Primary Tumor	NA	TCGA-A7-A3IZ	TCGA-A7-A3IZ-01A
8e063797-856c-491a-b702-1a37ebf6b6a8	TSV	TCGA-E9-A1NG-01A-21R-A14M-07	open	d8edd309-518d-4358-8245-9e92d7af4441.rna_seq.augmented_star_gene_counts.tsv	ab65bed5-30fa-45f6-aa01-0c91d5bcaf31	Transcriptome Profiling	gene_expression	Illumina	4246716	2021-12-13T22:42:15.188286-06:00	4085f0ebab6af92dfd2e428d3e9a561f	2024-07-30T09:22:21.169290-05:00	8e063797-856c-491a-b702-1a37ebf6b6a8	Gene Expression Quantification	released	RNA-Seq	1	32.0 - 46.0	TCGA-BRCA	28d17e59-36ae-4adb-861d-0eb57ca453cc	released	d8edd309-518d-4358-8245-9e92d7af4441_star__counts	https://github.com/NCI-GDC/gdc-rnaseq-cwl/blob/5d8c131bbff59fb0c969217fc1d44e6d1503cd1f/rnaseq-star-align/star2pass.rnaseq_harmonization.cwl	STAR - Counts	5d8c131bbff59fb0c969217fc1d44e6d1503cd1f	Primary Tumor	NA	TCGA-E9-A1NG	TCGA-E9-A1NG-01A
c47a7c89-551d-4115-94e4-7ba4b938e88b	TSV	TCGA-B6-A0WS-01A-11R-A115-07	open	698e64da-61aa-4d7b-9f33-21d627cb4721.rna_seq.augmented_star_gene_counts.tsv	a23e70a2-6378-45f4-af32-80c96c5e1c8c	Transcriptome Profiling	gene_expression	Illumina	4245983	2021-12-13T22:30:19.811383-06:00	1f091ba0d31f29934f44193b74ae3d6e	2024-07-30T09:28:46.415522-05:00	c47a7c89-551d-4115-94e4-7ba4b938e88b	Gene Expression Quantification	released	RNA-Seq	1	32.0 - 46.0	TCGA-BRCA	a2c97815-d218-4209-aec7-5f4ddc78d041	released	698e64da-61aa-4d7b-9f33-21d627cb4721_star__counts	https://github.com/NCI-GDC/gdc-rnaseq-cwl/blob/5d8c131bbff59fb0c969217fc1d44e6d1503cd1f/rnaseq-star-align/star2pass.rnaseq_harmonization.cwl	STAR - Counts	5d8c131bbff59fb0c969217fc1d44e6d1503cd1f	Primary Tumor	NA	TCGA-B6-A0WS	TCGA-B6-A0WS-01A
87d5686a-5d57-4ce2-b06a-dee5c2926ebf	TSV	TCGA-BH-A0B3-11B-21R-A089-07	open	d920c232-82ae-48f9-98d1-b94bf4a45d8d.rna_seq.augmented_star_gene_counts.tsv	4dba0354-96c2-4bed-8049-f6fb7fc6f172	Transcriptome Profiling	gene_expression	Illumina	4258553	2021-12-13T22:04:35.736365-06:00	01c0588f5a3cc8c3dba9848ed6b50728	2024-07-30T09:26:51.528118-05:00	87d5686a-5d57-4ce2-b06a-dee5c2926ebf	Gene Expression Quantification	released	RNA-Seq	1	32.0 - 46.0	TCGA-BRCA	6a518bf4-32cd-4ffa-b609-627671534645	released	d920c232-82ae-48f9-98d1-b94bf4a45d8d_star__counts	https://github.com/NCI-GDC/gdc-rnaseq-cwl/blob/5d8c131bbff59fb0c969217fc1d44e6d1503cd1f/rnaseq-star-align/star2pass.rnaseq_harmonization.cwl	STAR - Counts	5d8c131bbff59fb0c969217fc1d44e6d1503cd1f	Solid Tissue Normal	NA	TCGA-BH-A0B3	TCGA-BH-A0B3-11B
37939d7d-074b-42b7-8d68-95a8afef4c38	TSV	TCGA-BH-A0B3-01A-11R-A056-07	open	41bdc474-8e6e-4f39-98ec-6d73ee41837c.rna_seq.augmented_star_gene_counts.tsv	8face5ee-4482-4ebb-8086-efc5643c2008	Transcriptome Profiling	gene_expression	Illumina	4240259	2021-12-13T22:18:36.934498-06:00	29cda5073bc2a0c72501fd745f2bb1fc	2024-07-30T09:45:31.925816-05:00	37939d7d-074b-42b7-8d68-95a8afef4c38	Gene Expression Quantification	released	RNA-Seq	1	32.0 - 46.0	TCGA-BRCA	3e06cdc1-2119-4935-9b31-43e321a03ab5	released	41bdc474-8e6e-4f39-98ec-6d73ee41837c_star__counts	https://github.com/NCI-GDC/gdc-rnaseq-cwl/blob/5d8c131bbff59fb0c969217fc1d44e6d1503cd1f/rnaseq-star-align/star2pass.rnaseq_harmonization.cwl	STAR - Counts	5d8c131bbff59fb0c969217fc1d44e6d1503cd1f	Primary Tumor	NA	TCGA-BH-A0B3	TCGA-BH-A0B3-01A
206804c1-e5be-4076-9793-406d11094266	TSV	TCGA-AR-A250-01A-31R-A169-07	open	57d2c12f-e3ae-457b-b92c-22002aecdba0.rna_seq.augmented_star_gene_counts.tsv	0168fb72-a630-424b-aa5b-c00347c0c1d8	Transcriptome Profiling	gene_expression	Illumina	4251591	2021-12-13T22:04:54.586831-06:00	0e356e298f62166a2b8780f77553dcf3	2024-07-30T09:54:24.177522-05:00	206804c1-e5be-4076-9793-406d11094266	Gene Expression Quantification	released	RNA-Seq	1	32.0 - 46.0	TCGA-BRCA	7c983e7d-5673-4090-9e57-8ed6659693ab	released	57d2c12f-e3ae-457b-b92c-22002aecdba0_star__counts	https://github.com/NCI-GDC/gdc-rnaseq-cwl/blob/5d8c131bbff59fb0c969217fc1d44e6d1503cd1f/rnaseq-star-align/star2pass.rnaseq_harmonization.cwl	STAR - Counts	5d8c131bbff59fb0c969217fc1d44e6d1503cd1f	Primary Tumor	NA	TCGA-AR-A250	TCGA-AR-A250-01A
12959673-a8ec-4223-a5fe-0648276db5fc	TSV	TCGA-AR-A24P-01A-11R-A169-07	open	ba2e1bd2-56f5-4dfb-94b5-92c50c58b31e.rna_seq.augmented_star_gene_counts.tsv	82ee0375-fd0f-442f-9d0c-d6f99dc2b923	Transcriptome Profiling	gene_expression	Illumina	4252801	2021-12-13T22:30:32.706123-06:00	2fbef173968c3b083ec625ee76cc673d	2024-07-30T09:30:11.319395-05:00	12959673-a8ec-4223-a5fe-0648276db5fc	Gene Expression Quantification	released	RNA-Seq	1	32.0 - 46.0	TCGA-BRCA	87baeb80-1d73-40b9-bd80-ea2ccbe0a9cf	released	ba2e1bd2-56f5-4dfb-94b5-92c50c58b31e_star__counts	https://github.com/NCI-GDC/gdc-rnaseq-cwl/blob/5d8c131bbff59fb0c969217fc1d44e6d1503cd1f/rnaseq-star-align/star2pass.rnaseq_harmonization.cwl	STAR - Counts	5d8c131bbff59fb0c969217fc1d44e6d1503cd1f	Primary Tumor	NA	TCGA-AR-A24P	TCGA-AR-A24P-01A
c3bab823-4bf2-40ea-903c-fb342067c893	TSV	TCGA-BH-A1EU-01A-11R-A137-07	open	187f14ba-0002-4f99-9eb1-af93cbfdd4c2.rna_seq.augmented_star_gene_counts.tsv	204c1f53-5f71-4a07-b4dc-6b7a8af2888e	Transcriptome Profiling	gene_expression	Illumina	4272720	2021-12-13T21:58:20.328812-06:00	b80c49bbf0320978dd1bddf880b81bb7	2024-07-30T10:06:31.015220-05:00	c3bab823-4bf2-40ea-903c-fb342067c893	Gene Expression Quantification	released	RNA-Seq	1	32.0 - 46.0	TCGA-BRCA	be453dd4-fe2e-4672-8fc8-73266feb767d	released	187f14ba-0002-4f99-9eb1-af93cbfdd4c2_star__counts	https://github.com/NCI-GDC/gdc-rnaseq-cwl/blob/5d8c131bbff59fb0c969217fc1d44e6d1503cd1f/rnaseq-star-align/star2pass.rnaseq_harmonization.cwl	STAR - Counts	5d8c131bbff59fb0c969217fc1d44e6d1503cd1f	Primary Tumor	NA	TCGA-BH-A1EU	TCGA-BH-A1EU-01A
62e7008b-f4ca-40e3-88b3-7354ba2585ac	TSV	TCGA-AO-A0J2-01A-11R-A034-07	open	93cc1307-7138-4547-a9a2-8a5398815c01.rna_seq.augmented_star_gene_counts.tsv	f2fa8a80-c82c-487f-83d9-5f2357b58629	Transcriptome Profiling	gene_expression	Illumina	4246488	2021-12-13T21:48:42.272149-06:00	ef45809f410098d6a578ef468239b06f	2024-07-30T09:53:31.393213-05:00	62e7008b-f4ca-40e3-88b3-7354ba2585ac	Gene Expression Quantification	released	RNA-Seq	1	32.0 - 46.0	TCGA-BRCA	c7de84cd-ae6f-4a0e-83dc-5a1db0b02ef6	released	93cc1307-7138-4547-a9a2-8a5398815c01_star__counts	https://github.com/NCI-GDC/gdc-rnaseq-cwl/blob/5d8c131bbff59fb0c969217fc1d44e6d1503cd1f/rnaseq-star-align/star2pass.rnaseq_harmonization.cwl	STAR - Counts	5d8c131bbff59fb0c969217fc1d44e6d1503cd1f	Primary Tumor	NA	TCGA-AO-A0J2	TCGA-AO-A0J2-01A
aa9179e0-a44c-440a-a150-a9d5727579ea	TSV	TCGA-BH-A0B8-01A-21R-A056-07	open	144d0f39-feff-4dcd-a07d-abcc400e901f.rna_seq.augmented_star_gene_counts.tsv	8ef4c646-ddee-47d5-ad6f-39f2b75f6b35	Transcriptome Profiling	gene_expression	Illumina	4232904	2021-12-13T21:46:59.799430-06:00	299e6f8a65e144727d6885bac36266b4	2024-07-30T09:58:14.666827-05:00	aa9179e0-a44c-440a-a150-a9d5727579ea	Gene Expression Quantification	released	RNA-Seq	1	32.0 - 46.0	TCGA-BRCA	6fd26da0-f0d9-45d6-a10c-61998bbb8ccd	released	144d0f39-feff-4dcd-a07d-abcc400e901f_star__counts	https://github.com/NCI-GDC/gdc-rnaseq-cwl/blob/5d8c131bbff59fb0c969217fc1d44e6d1503cd1f/rnaseq-star-align/star2pass.rnaseq_harmonization.cwl	STAR - Counts	5d8c131bbff59fb0c969217fc1d44e6d1503cd1f	Primary Tumor	NA	TCGA-BH-A0B8	TCGA-BH-A0B8-01A
8d87fbd5-8ca7-4ff6-b8b1-79f098dbca9f	TSV	TCGA-A2-A0EW-01A-21R-A115-07	open	bc1ed706-3abf-407c-9133-18169a4cf0e2.rna_seq.augmented_star_gene_counts.tsv	cd17855e-f194-44a6-b19b-734b3df816d4	Transcriptome Profiling	gene_expression	Illumina	4250251	2021-12-13T21:55:43.051292-06:00	45a3900e1b6227c478227eed639fc99e	2024-07-30T09:32:37.969533-05:00	8d87fbd5-8ca7-4ff6-b8b1-79f098dbca9f	Gene Expression Quantification	released	RNA-Seq	1	32.0 - 46.0	TCGA-BRCA	9d40be53-e9ca-4d42-acab-88871fae69e4	released	bc1ed706-3abf-407c-9133-18169a4cf0e2_star__counts	https://github.com/NCI-GDC/gdc-rnaseq-cwl/blob/5d8c131bbff59fb0c969217fc1d44e6d1503cd1f/rnaseq-star-align/star2pass.rnaseq_harmonization.cwl	STAR - Counts	5d8c131bbff59fb0c969217fc1d44e6d1503cd1f	Primary Tumor	NA	TCGA-A2-A0EW	TCGA-A2-A0EW-01A
56cc8f11-ba1c-48c9-8455-1f73640f9cf5	TSV	TCGA-AC-A6NO-01A-12R-A33J-07	open	e22c6b51-c27e-468f-883c-f71918330eb0.rna_seq.augmented_star_gene_counts.tsv	bbab75c7-8ddd-43a1-a164-3493209b49bb	Transcriptome Profiling	gene_expression	Illumina	4248119	2021-12-13T21:53:28.625856-06:00	54404b21a0e2930f219572edf24693eb	2024-07-30T09:47:55.301651-05:00	56cc8f11-ba1c-48c9-8455-1f73640f9cf5	Gene Expression Quantification	released	RNA-Seq	1	32.0 - 46.0	TCGA-BRCA	d9ce5ff0-8ade-4cec-8d72-136f48bed8dd	released	e22c6b51-c27e-468f-883c-f71918330eb0_star__counts	https://github.com/NCI-GDC/gdc-rnaseq-cwl/blob/5d8c131bbff59fb0c969217fc1d44e6d1503cd1f/rnaseq-star-align/star2pass.rnaseq_harmonization.cwl	STAR - Counts	5d8c131bbff59fb0c969217fc1d44e6d1503cd1f	Primary Tumor	NA	TCGA-AC-A6NO	TCGA-AC-A6NO-01A
69bb06b6-74b3-441b-82d7-c6783aa88cdd	TSV	TCGA-BH-A0DO-01B-11R-A12D-07	open	b44d9209-0e37-4ffe-9c27-a969a421b3ab.rna_seq.augmented_star_gene_counts.tsv	9ee60a44-1c29-4d6a-b61d-02d13fb7b02b	Transcriptome Profiling	gene_expression	Illumina	4246806	2021-12-13T22:14:11.612081-06:00	3f64389995c62fdd9e936462f61962a8	2024-07-30T09:24:19.280955-05:00	69bb06b6-74b3-441b-82d7-c6783aa88cdd	Gene Expression Quantification	released	RNA-Seq	1	32.0 - 46.0	TCGA-BRCA	6dd376af-cf34-4bc8-8bb3-9623bc8375e2	released	b44d9209-0e37-4ffe-9c27-a969a421b3ab_star__counts	https://github.com/NCI-GDC/gdc-rnaseq-cwl/blob/5d8c131bbff59fb0c969217fc1d44e6d1503cd1f/rnaseq-star-align/star2pass.rnaseq_harmonization.cwl	STAR - Counts	5d8c131bbff59fb0c969217fc1d44e6d1503cd1f	Primary Tumor	NA	TCGA-BH-A0DO	TCGA-BH-A0DO-01B
774133e2-dfca-4918-9be9-8727fc99fe26	TSV	TCGA-A8-A096-01A-11R-A00Z-07	open	666548b5-7b80-42af-80f3-207063c35b3b.rna_seq.augmented_star_gene_counts.tsv	e49569d9-4c26-40a6-9d15-9c2fd8a8e9f8	Transcriptome Profiling	gene_expression	Illumina	4259623	2021-12-13T21:59:16.431396-06:00	0c64a8a71cf9646c70c7b0e4e27f0b07	2024-07-30T09:27:31.037549-05:00	774133e2-dfca-4918-9be9-8727fc99fe26	Gene Expression Quantification	released	RNA-Seq	1	32.0 - 46.0	TCGA-BRCA	068b3a5f-b9a9-4d16-ba84-99ad05d4da47	released	666548b5-7b80-42af-80f3-207063c35b3b_star__counts	https://github.com/NCI-GDC/gdc-rnaseq-cwl/blob/5d8c131bbff59fb0c969217fc1d44e6d1503cd1f/rnaseq-star-align/star2pass.rnaseq_harmonization.cwl	STAR - Counts	5d8c131bbff59fb0c969217fc1d44e6d1503cd1f	Primary Tumor	NA	TCGA-A8-A096	TCGA-A8-A096-01A
398fa6bf-78af-473b-8f2c-a2b3b605131f	TSV	TCGA-AR-A256-01A-11R-A169-07	open	a852a227-c31f-410f-baee-81135917a7d2.rna_seq.augmented_star_gene_counts.tsv	8fceedfa-a893-4a33-877a-c621932e4d1d	Transcriptome Profiling	gene_expression	Illumina	4245036	2021-12-13T22:03:08.295884-06:00	300bd799d99d4968aa1eb35bbd6385ea	2024-07-30T09:36:18.823588-05:00	398fa6bf-78af-473b-8f2c-a2b3b605131f	Gene Expression Quantification	released	RNA-Seq	1	32.0 - 46.0	TCGA-BRCA	a3963c8f-60e8-4e76-b623-c6a081890249	released	a852a227-c31f-410f-baee-81135917a7d2_star__counts	https://github.com/NCI-GDC/gdc-rnaseq-cwl/blob/5d8c131bbff59fb0c969217fc1d44e6d1503cd1f/rnaseq-star-align/star2pass.rnaseq_harmonization.cwl	STAR - Counts	5d8c131bbff59fb0c969217fc1d44e6d1503cd1f	Primary Tumor	NA	TCGA-AR-A256	TCGA-AR-A256-01A
83eeba96-e3dc-44a3-846c-43dcc2ff9806	TSV	TCGA-AO-A0JL-01A-11R-A056-07	open	631a9df0-9d81-4b15-9ee6-3ae9f31dcba6.rna_seq.augmented_star_gene_counts.tsv	6924d773-5e54-453d-90e5-f0f05da233fd	Transcriptome Profiling	gene_expression	Illumina	4227880	2021-12-13T21:58:37.811807-06:00	5516aaacb60e91486fe3ac104732cba9	2024-07-30T09:24:37.660243-05:00	83eeba96-e3dc-44a3-846c-43dcc2ff9806	Gene Expression Quantification	released	RNA-Seq	1	32.0 - 46.0	TCGA-BRCA	595a27bb-be3e-42b0-99eb-ff81dcaf1d15	released	631a9df0-9d81-4b15-9ee6-3ae9f31dcba6_star__counts	https://github.com/NCI-GDC/gdc-rnaseq-cwl/blob/5d8c131bbff59fb0c969217fc1d44e6d1503cd1f/rnaseq-star-align/star2pass.rnaseq_harmonization.cwl	STAR - Counts	5d8c131bbff59fb0c969217fc1d44e6d1503cd1f	Primary Tumor	NA	TCGA-AO-A0JL	TCGA-AO-A0JL-01A
b2c326d7-25ab-42dc-afc2-bc93381062ea	TSV	TCGA-AC-A8OS-01A-12R-A41B-07	open	defae193-bf7c-417c-b68a-57963eb454ef.rna_seq.augmented_star_gene_counts.tsv	7ef418e8-8aa2-4df5-8fbb-ae4488a557be	Transcriptome Profiling	gene_expression	Illumina	4246714	2021-12-13T22:04:09.759596-06:00	98e626aa269cbea323613ae11f8bbcab	2024-07-30T09:46:32.261134-05:00	b2c326d7-25ab-42dc-afc2-bc93381062ea	Gene Expression Quantification	released	RNA-Seq	1	32.0 - 46.0	TCGA-BRCA	9f8205e8-f7fd-4dcd-9b2f-767e04d3ee54	released	defae193-bf7c-417c-b68a-57963eb454ef_star__counts	https://github.com/NCI-GDC/gdc-rnaseq-cwl/blob/5d8c131bbff59fb0c969217fc1d44e6d1503cd1f/rnaseq-star-align/star2pass.rnaseq_harmonization.cwl	STAR - Counts	5d8c131bbff59fb0c969217fc1d44e6d1503cd1f	Primary Tumor	NA	TCGA-AC-A8OS	TCGA-AC-A8OS-01A
7493bcbc-658d-4789-a25c-9a990dcd44b8	TSV	TCGA-D8-A1JD-01A-11R-A13Q-07	open	62aa3903-4f3b-4693-b5e5-fc5abce184de.rna_seq.augmented_star_gene_counts.tsv	c168de7d-d997-4e78-8e7f-dd4fa910ce29	Transcriptome Profiling	gene_expression	Illumina	4252355	2021-12-13T22:42:05.507870-06:00	9bee5e67f40ea06b24554fee3f43e127	2024-07-30T09:53:09.012155-05:00	7493bcbc-658d-4789-a25c-9a990dcd44b8	Gene Expression Quantification	released	RNA-Seq	1	32.0 - 46.0	TCGA-BRCA	8aa22305-ae65-4cf2-a372-52bd9cccb38d	released	62aa3903-4f3b-4693-b5e5-fc5abce184de_star__counts	https://github.com/NCI-GDC/gdc-rnaseq-cwl/blob/5d8c131bbff59fb0c969217fc1d44e6d1503cd1f/rnaseq-star-align/star2pass.rnaseq_harmonization.cwl	STAR - Counts	5d8c131bbff59fb0c969217fc1d44e6d1503cd1f	Primary Tumor	NA	TCGA-D8-A1JD	TCGA-D8-A1JD-01A
48847088-1303-4b23-8902-c0ca4ea5ae80	TSV	TCGA-B6-A409-01A-11R-A24H-07	open	ff93cbad-7bdf-4e5d-81c7-95aacaa3bee9.rna_seq.augmented_star_gene_counts.tsv	bb57f8fd-c072-4f68-b470-88925e2173c2	Transcriptome Profiling	gene_expression	Illumina	4245425	2021-12-13T22:24:20.991623-06:00	e5f59d3cfc77db2320210c244d629a01	2024-07-30T10:05:53.020448-05:00	48847088-1303-4b23-8902-c0ca4ea5ae80	Gene Expression Quantification	released	RNA-Seq	1	32.0 - 46.0	TCGA-BRCA	414db92f-cf54-4eb9-9635-61c99dd9858f	released	ff93cbad-7bdf-4e5d-81c7-95aacaa3bee9_star__counts	https://github.com/NCI-GDC/gdc-rnaseq-cwl/blob/5d8c131bbff59fb0c969217fc1d44e6d1503cd1f/rnaseq-star-align/star2pass.rnaseq_harmonization.cwl	STAR - Counts	5d8c131bbff59fb0c969217fc1d44e6d1503cd1f	Primary Tumor	NA	TCGA-B6-A409	TCGA-B6-A409-01A
c1d62c39-f3ab-47d3-b654-8b6285cd97a3	TSV	TCGA-BH-A0HF-01A-11R-A056-07	open	5a3d1b74-f904-44ef-94a0-b38291e30be6.rna_seq.augmented_star_gene_counts.tsv	401f7c4b-e356-4155-91c8-a6e33c496ff7	Transcriptome Profiling	gene_expression	Illumina	4240380	2021-12-13T22:09:52.625285-06:00	c59b0d27dd45b23bf5930cbe77be54cc	2024-07-30T10:08:41.439268-05:00	c1d62c39-f3ab-47d3-b654-8b6285cd97a3	Gene Expression Quantification	released	RNA-Seq	1	32.0 - 46.0	TCGA-BRCA	2a29228d-39f5-49e0-994a-839819d5c975	released	5a3d1b74-f904-44ef-94a0-b38291e30be6_star__counts	https://github.com/NCI-GDC/gdc-rnaseq-cwl/blob/5d8c131bbff59fb0c969217fc1d44e6d1503cd1f/rnaseq-star-align/star2pass.rnaseq_harmonization.cwl	STAR - Counts	5d8c131bbff59fb0c969217fc1d44e6d1503cd1f	Primary Tumor	NA	TCGA-BH-A0HF	TCGA-BH-A0HF-01A
c6fd0f95-d74a-49e3-9a70-fec12e63ff1a	TSV	TCGA-BH-A18K-01A-11R-A12D-07	open	a17d056c-59ee-4c93-9357-19d57f108144.rna_seq.augmented_star_gene_counts.tsv	ca2a8557-6df3-45e8-9de9-4fb4f8ddd205	Transcriptome Profiling	gene_expression	Illumina	4246394	2021-12-13T21:55:06.100834-06:00	7a14e15f5ba5c6a7b63e3510bc5fa9bc	2024-07-30T09:25:54.192084-05:00	c6fd0f95-d74a-49e3-9a70-fec12e63ff1a	Gene Expression Quantification	released	RNA-Seq	1	32.0 - 46.0	TCGA-BRCA	0b77dd69-ba19-420d-a232-14a62398d1fd	released	a17d056c-59ee-4c93-9357-19d57f108144_star__counts	https://github.com/NCI-GDC/gdc-rnaseq-cwl/blob/5d8c131bbff59fb0c969217fc1d44e6d1503cd1f/rnaseq-star-align/star2pass.rnaseq_harmonization.cwl	STAR - Counts	5d8c131bbff59fb0c969217fc1d44e6d1503cd1f	Primary Tumor	NA	TCGA-BH-A18K	TCGA-BH-A18K-01A
c5baa506-f18b-42d8-bafd-4e9b85e1d390	TSV	TCGA-A2-A3Y0-01A-11R-A239-07	open	54022a08-1016-45a7-ac33-5a40b4b5e6b3.rna_seq.augmented_star_gene_counts.tsv	56625a27-264c-47c6-8b25-848d7c354d70	Transcriptome Profiling	gene_expression	Illumina	4247363	2021-12-13T22:15:38.262175-06:00	3354bc0d17441cfbf62f43e5a1878acc	2024-07-30T09:33:25.086176-05:00	c5baa506-f18b-42d8-bafd-4e9b85e1d390	Gene Expression Quantification	released	RNA-Seq	1	32.0 - 46.0	TCGA-BRCA	b27265df-45dc-4c50-9dfa-5acd30252696	released	54022a08-1016-45a7-ac33-5a40b4b5e6b3_star__counts	https://github.com/NCI-GDC/gdc-rnaseq-cwl/blob/5d8c131bbff59fb0c969217fc1d44e6d1503cd1f/rnaseq-star-align/star2pass.rnaseq_harmonization.cwl	STAR - Counts	5d8c131bbff59fb0c969217fc1d44e6d1503cd1f	Primary Tumor	NA	TCGA-A2-A3Y0	TCGA-A2-A3Y0-01A
59f472a7-ce4f-4d3a-9193-8b3a4500d52b	TSV	TCGA-A2-A3XV-01A-21R-A239-07	open	b73f749f-eafa-460d-b921-f12e7f8d6609.rna_seq.augmented_star_gene_counts.tsv	b87e23ac-acdd-4796-ad51-bfdee5b47117	Transcriptome Profiling	gene_expression	Illumina	4228291	2021-12-13T21:52:23.808466-06:00	6598ccb8dc297b589882e757d7d5fcc7	2024-07-30T09:28:28.904334-05:00	59f472a7-ce4f-4d3a-9193-8b3a4500d52b	Gene Expression Quantification	released	RNA-Seq	1	32.0 - 46.0	TCGA-BRCA	e9d771a7-bbf7-41ad-9d4d-b484d96ff2c9	released	b73f749f-eafa-460d-b921-f12e7f8d6609_star__counts	https://github.com/NCI-GDC/gdc-rnaseq-cwl/blob/5d8c131bbff59fb0c969217fc1d44e6d1503cd1f/rnaseq-star-align/star2pass.rnaseq_harmonization.cwl	STAR - Counts	5d8c131bbff59fb0c969217fc1d44e6d1503cd1f	Primary Tumor	NA	TCGA-A2-A3XV	TCGA-A2-A3XV-01A
9b03a281-22c7-4ad4-b1c8-ba7eed0e8c5b	TSV	TCGA-E9-A22H-01A-11R-A157-07	open	6e8eeaae-cc26-4db8-85f6-5c975b06bf45.rna_seq.augmented_star_gene_counts.tsv	423aa3b2-e1d5-4975-98ec-bfe83fbc1c62	Transcriptome Profiling	gene_expression	Illumina	4254815	2021-12-13T21:57:45.402636-06:00	1746578ba53b3146e66dbdeaccc2c90b	2024-07-30T09:55:13.679661-05:00	9b03a281-22c7-4ad4-b1c8-ba7eed0e8c5b	Gene Expression Quantification	released	RNA-Seq	1	32.0 - 46.0	TCGA-BRCA	9e42d590-fe63-447a-90aa-6b5c28caf91a	released	6e8eeaae-cc26-4db8-85f6-5c975b06bf45_star__counts	https://github.com/NCI-GDC/gdc-rnaseq-cwl/blob/5d8c131bbff59fb0c969217fc1d44e6d1503cd1f/rnaseq-star-align/star2pass.rnaseq_harmonization.cwl	STAR - Counts	5d8c131bbff59fb0c969217fc1d44e6d1503cd1f	Primary Tumor	NA	TCGA-E9-A22H	TCGA-E9-A22H-01A
baec6a46-7c48-41ed-a8a9-eef52d32cba3	TSV	TCGA-A7-A0D9-11A-53R-A089-07	open	eb17c782-c3a1-458d-8e2d-cadb58c7655a.rna_seq.augmented_star_gene_counts.tsv	5fb9d962-1c85-4aa1-857f-fd41e7b40c52	Transcriptome Profiling	gene_expression	Illumina	4230216	2021-12-13T22:35:57.473124-06:00	52c51a3e04f6955a715a02ba33e94131	2024-07-30T09:59:43.165009-05:00	baec6a46-7c48-41ed-a8a9-eef52d32cba3	Gene Expression Quantification	released	RNA-Seq	1	32.0 - 46.0	TCGA-BRCA	6bb14fac-9eed-4b31-b720-4596c0615d9b	released	eb17c782-c3a1-458d-8e2d-cadb58c7655a_star__counts	https://github.com/NCI-GDC/gdc-rnaseq-cwl/blob/5d8c131bbff59fb0c969217fc1d44e6d1503cd1f/rnaseq-star-align/star2pass.rnaseq_harmonization.cwl	STAR - Counts	5d8c131bbff59fb0c969217fc1d44e6d1503cd1f	Solid Tissue Normal	NA	TCGA-A7-A0D9	TCGA-A7-A0D9-11A
d5330be0-9f72-4be5-9139-8503aa4d00b4	TSV	TCGA-A1-A0SI-01A-11R-A144-07	open	0a133c47-fae8-4e3b-8f4d-cbf357f5e2fc.rna_seq.augmented_star_gene_counts.tsv	04f36fb9-01ba-41e0-ad4c-61738f92dbd8	Transcriptome Profiling	gene_expression	Illumina	4251146	2021-12-13T22:30:07.781230-06:00	90d5b3ada024e6072663452cca7cd40e	2024-07-30T09:47:27.376459-05:00	d5330be0-9f72-4be5-9139-8503aa4d00b4	Gene Expression Quantification	released	RNA-Seq	1	32.0 - 46.0	TCGA-BRCA	4d2fd2fd-6bc7-4046-a74d-c1dfff22cc7c	released	0a133c47-fae8-4e3b-8f4d-cbf357f5e2fc_star__counts	https://github.com/NCI-GDC/gdc-rnaseq-cwl/blob/5d8c131bbff59fb0c969217fc1d44e6d1503cd1f/rnaseq-star-align/star2pass.rnaseq_harmonization.cwl	STAR - Counts	5d8c131bbff59fb0c969217fc1d44e6d1503cd1f	Primary Tumor	NA	TCGA-A1-A0SI	TCGA-A1-A0SI-01A
36e4ffb0-0bab-4035-88f1-a181b195fce1	TSV	TCGA-A2-A0CZ-01A-11R-A034-07	open	d78126ec-68b1-4d77-bf7a-19a47678a5fb.rna_seq.augmented_star_gene_counts.tsv	ce26f6e0-a9b6-4c42-89eb-9f220393e09c	Transcriptome Profiling	gene_expression	Illumina	4236185	2021-12-13T21:56:34.120022-06:00	4b71eb19d00c7303f4fb95912bba60ec	2024-07-30T09:51:24.650641-05:00	36e4ffb0-0bab-4035-88f1-a181b195fce1	Gene Expression Quantification	released	RNA-Seq	1	32.0 - 46.0	TCGA-BRCA	be5e8588-7a70-4873-a2ed-f113429d7a24	released	d78126ec-68b1-4d77-bf7a-19a47678a5fb_star__counts	https://github.com/NCI-GDC/gdc-rnaseq-cwl/blob/5d8c131bbff59fb0c969217fc1d44e6d1503cd1f/rnaseq-star-align/star2pass.rnaseq_harmonization.cwl	STAR - Counts	5d8c131bbff59fb0c969217fc1d44e6d1503cd1f	Primary Tumor	NA	TCGA-A2-A0CZ	TCGA-A2-A0CZ-01A
8a84b9a5-d453-416b-b481-f15402c2eb54	TSV	TCGA-BH-A1EU-11A-23R-A137-07	open	8c0d18d4-98f5-4a66-b62e-7cede666c49f.rna_seq.augmented_star_gene_counts.tsv	a4d30d11-37bc-4ff8-8f41-6902d6a598f3	Transcriptome Profiling	gene_expression	Illumina	4234079	2021-12-13T22:15:13.632878-06:00	6a90260b6cce8a93cdd63247e527e5b2	2024-07-30T09:42:19.517533-05:00	8a84b9a5-d453-416b-b481-f15402c2eb54	Gene Expression Quantification	released	RNA-Seq	1	32.0 - 46.0	TCGA-BRCA	2c61772e-242f-4874-86d5-34ff302a7925	released	8c0d18d4-98f5-4a66-b62e-7cede666c49f_star__counts	https://github.com/NCI-GDC/gdc-rnaseq-cwl/blob/5d8c131bbff59fb0c969217fc1d44e6d1503cd1f/rnaseq-star-align/star2pass.rnaseq_harmonization.cwl	STAR - Counts	5d8c131bbff59fb0c969217fc1d44e6d1503cd1f	Solid Tissue Normal	NA	TCGA-BH-A1EU	TCGA-BH-A1EU-11A
bb3c5c27-7e75-43cc-8dfd-eab290e2f9da	TSV	TCGA-BH-A8FZ-01A-11R-A352-07	open	f58dd06b-ab52-42e5-8603-cde9c4eb7fed.rna_seq.augmented_star_gene_counts.tsv	9eb497ca-fff1-431f-a926-cf111edbc59a	Transcriptome Profiling	gene_expression	Illumina	4247923	2021-12-13T21:56:52.521857-06:00	26d59d98d0c61902fb0199bd11fa7f89	2024-07-30T09:39:07.549660-05:00	bb3c5c27-7e75-43cc-8dfd-eab290e2f9da	Gene Expression Quantification	released	RNA-Seq	1	32.0 - 46.0	TCGA-BRCA	3e23bd4e-4cb0-4965-89ee-928936ebdc86	released	f58dd06b-ab52-42e5-8603-cde9c4eb7fed_star__counts	https://github.com/NCI-GDC/gdc-rnaseq-cwl/blob/5d8c131bbff59fb0c969217fc1d44e6d1503cd1f/rnaseq-star-align/star2pass.rnaseq_harmonization.cwl	STAR - Counts	5d8c131bbff59fb0c969217fc1d44e6d1503cd1f	Primary Tumor	NA	TCGA-BH-A8FZ	TCGA-BH-A8FZ-01A
d923e06d-c747-419d-bd40-b05eb3e13edb	TSV	TCGA-E2-A15P-01A-11R-A115-07	open	914508e1-ccc8-47ff-a225-7aca326a54dd.rna_seq.augmented_star_gene_counts.tsv	c7f22f92-b2df-4649-b5bc-ed8cb0402839	Transcriptome Profiling	gene_expression	Illumina	4257281	2021-12-13T21:59:26.343780-06:00	ea4cb40a8e1743cc113547737ba47b20	2024-07-30T09:55:21.005011-05:00	d923e06d-c747-419d-bd40-b05eb3e13edb	Gene Expression Quantification	released	RNA-Seq	1	32.0 - 46.0	TCGA-BRCA	6f0a9472-4bdb-4cac-8dcf-34e29313a935	released	914508e1-ccc8-47ff-a225-7aca326a54dd_star__counts	https://github.com/NCI-GDC/gdc-rnaseq-cwl/blob/5d8c131bbff59fb0c969217fc1d44e6d1503cd1f/rnaseq-star-align/star2pass.rnaseq_harmonization.cwl	STAR - Counts	5d8c131bbff59fb0c969217fc1d44e6d1503cd1f	Primary Tumor	NA	TCGA-E2-A15P	TCGA-E2-A15P-01A
f3746445-b2d0-4455-a6c0-46562188c056	TSV	TCGA-E9-A243-01A-21R-A169-07	open	d89a84a4-4f45-4aab-ab6a-131bf3b359bd.rna_seq.augmented_star_gene_counts.tsv	7bc9b0b4-791d-4cf3-9b48-4559f3fac6a8	Transcriptome Profiling	gene_expression	Illumina	4261472	2021-12-13T21:55:58.941119-06:00	76ea2b80b216ad37b358631aff252cdd	2024-07-30T09:22:41.468235-05:00	f3746445-b2d0-4455-a6c0-46562188c056	Gene Expression Quantification	released	RNA-Seq	1	32.0 - 46.0	TCGA-BRCA	76284b58-da0a-4894-87fb-1e9ceb925f88	released	d89a84a4-4f45-4aab-ab6a-131bf3b359bd_star__counts	https://github.com/NCI-GDC/gdc-rnaseq-cwl/blob/5d8c131bbff59fb0c969217fc1d44e6d1503cd1f/rnaseq-star-align/star2pass.rnaseq_harmonization.cwl	STAR - Counts	5d8c131bbff59fb0c969217fc1d44e6d1503cd1f	Primary Tumor	NA	TCGA-E9-A243	TCGA-E9-A243-01A
e67bbc10-91cf-406e-8d5f-8d44c77315f1	TSV	TCGA-BH-A1FG-01A-11R-A13Q-07	open	cbf0063b-68e5-42ee-9292-dfbf918a7b08.rna_seq.augmented_star_gene_counts.tsv	8acc0e63-8404-4e49-a95f-eb2b7303dc3c	Transcriptome Profiling	gene_expression	Illumina	4236013	2021-12-13T22:32:53.812072-06:00	7613e39e213fb43e848f5ba3d3252217	2024-07-30T09:47:16.622606-05:00	e67bbc10-91cf-406e-8d5f-8d44c77315f1	Gene Expression Quantification	released	RNA-Seq	1	32.0 - 46.0	TCGA-BRCA	0f9faefa-c1d3-4edb-87be-dd3bda54b45d	released	cbf0063b-68e5-42ee-9292-dfbf918a7b08_star__counts	https://github.com/NCI-GDC/gdc-rnaseq-cwl/blob/5d8c131bbff59fb0c969217fc1d44e6d1503cd1f/rnaseq-star-align/star2pass.rnaseq_harmonization.cwl	STAR - Counts	5d8c131bbff59fb0c969217fc1d44e6d1503cd1f	Primary Tumor	NA	TCGA-BH-A1FG	TCGA-BH-A1FG-01A
4d0dcaac-cf91-4737-931d-f308fb20df9d	TSV	TCGA-E2-A1BC-01A-11R-A12P-07	open	a0baf653-6f10-46fe-959c-54268fbc670e.rna_seq.augmented_star_gene_counts.tsv	393cb40e-bc86-4f03-a46a-9cdda5db03d6	Transcriptome Profiling	gene_expression	Illumina	4219849	2021-12-13T22:37:05.408541-06:00	9aa0e4f21a6175192626bfa78e68e2da	2024-07-30T09:44:51.136509-05:00	4d0dcaac-cf91-4737-931d-f308fb20df9d	Gene Expression Quantification	released	RNA-Seq	1	32.0 - 46.0	TCGA-BRCA	3252e718-08f1-47d8-92f2-e3216b0da0a2	released	a0baf653-6f10-46fe-959c-54268fbc670e_star__counts	https://github.com/NCI-GDC/gdc-rnaseq-cwl/blob/5d8c131bbff59fb0c969217fc1d44e6d1503cd1f/rnaseq-star-align/star2pass.rnaseq_harmonization.cwl	STAR - Counts	5d8c131bbff59fb0c969217fc1d44e6d1503cd1f	Primary Tumor	NA	TCGA-E2-A1BC	TCGA-E2-A1BC-01A
95668f0b-130d-44d4-94c0-ba7a4e7798e6	TSV	TCGA-OL-A6VR-01A-32R-A33J-07	open	6365a756-2e65-42cb-be4f-1f726915ca94.rna_seq.augmented_star_gene_counts.tsv	06cd79cd-aa0d-4da4-a579-db76867b41a6	Transcriptome Profiling	gene_expression	Illumina	4250969	2021-12-13T22:23:07.591557-06:00	41f027c2fe766d7623bb9dabedc19721	2024-07-30T09:24:25.490195-05:00	95668f0b-130d-44d4-94c0-ba7a4e7798e6	Gene Expression Quantification	released	RNA-Seq	1	32.0 - 46.0	TCGA-BRCA	a3b66c22-a9af-4bd0-9f95-10a680f193b1	released	6365a756-2e65-42cb-be4f-1f726915ca94_star__counts	https://github.com/NCI-GDC/gdc-rnaseq-cwl/blob/5d8c131bbff59fb0c969217fc1d44e6d1503cd1f/rnaseq-star-align/star2pass.rnaseq_harmonization.cwl	STAR - Counts	5d8c131bbff59fb0c969217fc1d44e6d1503cd1f	Primary Tumor	NA	TCGA-OL-A6VR	TCGA-OL-A6VR-01A
778642d9-e4e2-4ae8-a900-b2e663c9d5b9	TSV	TCGA-AC-A3BB-01A-21R-A19W-07	open	1c9253df-acb7-492c-aaa8-7718fc778f13.rna_seq.augmented_star_gene_counts.tsv	6de5da39-a486-4df8-8826-c962e2289bde	Transcriptome Profiling	gene_expression	Illumina	4248379	2021-12-13T22:07:50.726938-06:00	6698f2d763df998e1daffe16525fbc78	2024-07-30T09:20:02.423668-05:00	778642d9-e4e2-4ae8-a900-b2e663c9d5b9	Gene Expression Quantification	released	RNA-Seq	1	32.0 - 46.0	TCGA-BRCA	18b555ef-38c5-4678-92be-9342c2bed016	released	1c9253df-acb7-492c-aaa8-7718fc778f13_star__counts	https://github.com/NCI-GDC/gdc-rnaseq-cwl/blob/5d8c131bbff59fb0c969217fc1d44e6d1503cd1f/rnaseq-star-align/star2pass.rnaseq_harmonization.cwl	STAR - Counts	5d8c131bbff59fb0c969217fc1d44e6d1503cd1f	Primary Tumor	NA	TCGA-AC-A3BB	TCGA-AC-A3BB-01A
f502949f-ca10-4617-a7ee-b8f142f7ec93	TSV	TCGA-A8-A09Q-01A-11R-A00Z-07	open	3099b2a6-0d46-4404-88b0-a3689b019c38.rna_seq.augmented_star_gene_counts.tsv	01a86abe-57b9-4a48-b9a9-7570ab297344	Transcriptome Profiling	gene_expression	Illumina	4245653	2021-12-13T22:26:42.667364-06:00	d1e302ff72aeebcc716c047f1d17567b	2024-07-30T09:54:30.135187-05:00	f502949f-ca10-4617-a7ee-b8f142f7ec93	Gene Expression Quantification	released	RNA-Seq	1	32.0 - 46.0	TCGA-BRCA	e44dd720-58d1-4188-a39a-1ec2219bd01b	released	3099b2a6-0d46-4404-88b0-a3689b019c38_star__counts	https://github.com/NCI-GDC/gdc-rnaseq-cwl/blob/5d8c131bbff59fb0c969217fc1d44e6d1503cd1f/rnaseq-star-align/star2pass.rnaseq_harmonization.cwl	STAR - Counts	5d8c131bbff59fb0c969217fc1d44e6d1503cd1f	Primary Tumor	NA	TCGA-A8-A09Q	TCGA-A8-A09Q-01A
6c908d24-e571-436a-9a06-705c294ba5d7	TSV	TCGA-B6-A0RE-01A-11R-A056-07	open	9ba7cd75-a96c-4220-9f57-c9f0fb545a95.rna_seq.augmented_star_gene_counts.tsv	1bf95ef2-abcc-47e0-83e9-395a51ec8bd9	Transcriptome Profiling	gene_expression	Illumina	4239350	2021-12-13T22:34:46.324461-06:00	fce1c9502897709291cce4c4fe95c70e	2024-07-30T09:26:27.284704-05:00	6c908d24-e571-436a-9a06-705c294ba5d7	Gene Expression Quantification	released	RNA-Seq	1	32.0 - 46.0	TCGA-BRCA	322f053f-fbb7-4324-bd62-cb9c8f4014b9	released	9ba7cd75-a96c-4220-9f57-c9f0fb545a95_star__counts	https://github.com/NCI-GDC/gdc-rnaseq-cwl/blob/5d8c131bbff59fb0c969217fc1d44e6d1503cd1f/rnaseq-star-align/star2pass.rnaseq_harmonization.cwl	STAR - Counts	5d8c131bbff59fb0c969217fc1d44e6d1503cd1f	Primary Tumor	NA	TCGA-B6-A0RE	TCGA-B6-A0RE-01A
d8a94ea1-68a3-43be-8a30-d690541a23aa	TSV	TCGA-E2-A15E-01A-11R-A12D-07	open	acb1bf8e-f597-4f67-b19d-bb737109d9cd.rna_seq.augmented_star_gene_counts.tsv	b73d9337-5c7b-4a30-afb9-489878cc10b0	Transcriptome Profiling	gene_expression	Illumina	4238398	2021-12-13T22:31:47.780358-06:00	bd44a943cea584fa4fdac31c35172af0	2024-07-30T09:19:24.561465-05:00	d8a94ea1-68a3-43be-8a30-d690541a23aa	Gene Expression Quantification	released	RNA-Seq	1	32.0 - 46.0	TCGA-BRCA	187f883f-0704-469c-a7d3-2887ce4540aa	released	acb1bf8e-f597-4f67-b19d-bb737109d9cd_star__counts	https://github.com/NCI-GDC/gdc-rnaseq-cwl/blob/5d8c131bbff59fb0c969217fc1d44e6d1503cd1f/rnaseq-star-align/star2pass.rnaseq_harmonization.cwl	STAR - Counts	5d8c131bbff59fb0c969217fc1d44e6d1503cd1f	Primary Tumor	NA	TCGA-E2-A15E	TCGA-E2-A15E-01A
15f5f60a-13f0-41a2-8711-171d19c2903a	TSV	TCGA-BH-A0H7-01A-13R-A056-07	open	9c706e45-00da-42cd-933f-1f42f0b6942e.rna_seq.augmented_star_gene_counts.tsv	b82ef4a8-6598-4ada-85af-e9b65151a36d	Transcriptome Profiling	gene_expression	Illumina	4241664	2021-12-13T22:28:19.584692-06:00	23d51e22d95865bd3b0961b4835cc2fc	2024-07-30T09:21:55.595930-05:00	15f5f60a-13f0-41a2-8711-171d19c2903a	Gene Expression Quantification	released	RNA-Seq	1	32.0 - 46.0	TCGA-BRCA	9bae5500-7620-4fd0-a0c7-f518ada2cda7	released	9c706e45-00da-42cd-933f-1f42f0b6942e_star__counts	https://github.com/NCI-GDC/gdc-rnaseq-cwl/blob/5d8c131bbff59fb0c969217fc1d44e6d1503cd1f/rnaseq-star-align/star2pass.rnaseq_harmonization.cwl	STAR - Counts	5d8c131bbff59fb0c969217fc1d44e6d1503cd1f	Primary Tumor	NA	TCGA-BH-A0H7	TCGA-BH-A0H7-01A
7882ff91-e415-48ae-9151-26b55f1cfc57	TSV	TCGA-BH-A0E0-01A-11R-A056-07	open	2b5864c9-7577-4e93-8d22-1f45a98267f1.rna_seq.augmented_star_gene_counts.tsv	65c11baf-4534-4e86-b1dc-ba2e0ce24e45	Transcriptome Profiling	gene_expression	Illumina	4221522	2021-12-13T22:36:47.963041-06:00	3337bb07f0afd8b6d06911ba132616c0	2024-07-30T09:57:20.681165-05:00	7882ff91-e415-48ae-9151-26b55f1cfc57	Gene Expression Quantification	released	RNA-Seq	1	32.0 - 46.0	TCGA-BRCA	1e80b1de-56df-4e42-88b0-bff7a1edd6be	released	2b5864c9-7577-4e93-8d22-1f45a98267f1_star__counts	https://github.com/NCI-GDC/gdc-rnaseq-cwl/blob/5d8c131bbff59fb0c969217fc1d44e6d1503cd1f/rnaseq-star-align/star2pass.rnaseq_harmonization.cwl	STAR - Counts	5d8c131bbff59fb0c969217fc1d44e6d1503cd1f	Primary Tumor	NA	TCGA-BH-A0E0	TCGA-BH-A0E0-01A
cc12e7a8-e384-47f5-94b8-3e472925cc87	TSV	TCGA-A2-A3KC-01A-11R-A213-07	open	05e15869-61fd-420f-b0e4-a2faaa814aca.rna_seq.augmented_star_gene_counts.tsv	975e0bb5-560e-4421-9cf2-e126d44f8556	Transcriptome Profiling	gene_expression	Illumina	4250585	2021-12-13T22:07:06.324818-06:00	788da90f824a06627056c1cec45cac51	2024-07-30T09:53:11.551677-05:00	cc12e7a8-e384-47f5-94b8-3e472925cc87	Gene Expression Quantification	released	RNA-Seq	1	32.0 - 46.0	TCGA-BRCA	0d36d624-bb5e-4329-a21a-197904ff4740	released	05e15869-61fd-420f-b0e4-a2faaa814aca_star__counts	https://github.com/NCI-GDC/gdc-rnaseq-cwl/blob/5d8c131bbff59fb0c969217fc1d44e6d1503cd1f/rnaseq-star-align/star2pass.rnaseq_harmonization.cwl	STAR - Counts	5d8c131bbff59fb0c969217fc1d44e6d1503cd1f	Primary Tumor	NA	TCGA-A2-A3KC	TCGA-A2-A3KC-01A
1b98fd3e-d3e3-4ecc-9fe3-02600177efed	TSV	TCGA-E2-A1LL-01A-11R-A144-07	open	acb208ab-def4-4b55-b1c7-abe2130e61c9.rna_seq.augmented_star_gene_counts.tsv	6c98d31d-e33b-4047-bcab-ba617e4dc6f2	Transcriptome Profiling	gene_expression	Illumina	4225415	2021-12-13T22:23:37.180098-06:00	1a1ad91956c97af6e1df9547365bb22d	2024-07-30T10:05:03.595346-05:00	1b98fd3e-d3e3-4ecc-9fe3-02600177efed	Gene Expression Quantification	released	RNA-Seq	1	32.0 - 46.0	TCGA-BRCA	a4b76624-a266-4c50-b8c2-88125cfa042b	released	acb208ab-def4-4b55-b1c7-abe2130e61c9_star__counts	https://github.com/NCI-GDC/gdc-rnaseq-cwl/blob/5d8c131bbff59fb0c969217fc1d44e6d1503cd1f/rnaseq-star-align/star2pass.rnaseq_harmonization.cwl	STAR - Counts	5d8c131bbff59fb0c969217fc1d44e6d1503cd1f	Primary Tumor	NA	TCGA-E2-A1LL	TCGA-E2-A1LL-01A
1db8a1bb-fef2-4e06-9cd5-a1f6579573a5	TSV	TCGA-BH-A18U-01A-21R-A12D-07	open	c24618ee-27b7-4760-99d1-fa9b338f05c4.rna_seq.augmented_star_gene_counts.tsv	348d402b-e2a2-454e-a5df-40229413a35f	Transcriptome Profiling	gene_expression	Illumina	4244597	2021-12-13T22:39:55.734413-06:00	d1f6bbaca6de124a4e1290ed1860368e	2024-07-30T09:52:45.330419-05:00	1db8a1bb-fef2-4e06-9cd5-a1f6579573a5	Gene Expression Quantification	released	RNA-Seq	1	32.0 - 46.0	TCGA-BRCA	35d6785e-7a4a-40c9-83bf-0b44c65ff6f1	released	c24618ee-27b7-4760-99d1-fa9b338f05c4_star__counts	https://github.com/NCI-GDC/gdc-rnaseq-cwl/blob/5d8c131bbff59fb0c969217fc1d44e6d1503cd1f/rnaseq-star-align/star2pass.rnaseq_harmonization.cwl	STAR - Counts	5d8c131bbff59fb0c969217fc1d44e6d1503cd1f	Primary Tumor	NA	TCGA-BH-A18U	TCGA-BH-A18U-01A
502fcba1-9d3c-4117-86fb-70a26c090692	TSV	TCGA-A8-A06Z-01A-11R-A00Z-07	open	36998e69-e955-49da-b859-2092caff19cb.rna_seq.augmented_star_gene_counts.tsv	0ebad5a1-ba52-47df-ba3a-3f1d10427c67	Transcriptome Profiling	gene_expression	Illumina	4247367	2021-12-13T22:30:38.459862-06:00	7481a7e0f7ccf02b7a4627ff2c64b927	2024-07-30T09:20:39.909811-05:00	502fcba1-9d3c-4117-86fb-70a26c090692	Gene Expression Quantification	released	RNA-Seq	1	32.0 - 46.0	TCGA-BRCA	074f2154-2867-4e3e-95ba-0d4ba16fa307	released	36998e69-e955-49da-b859-2092caff19cb_star__counts	https://github.com/NCI-GDC/gdc-rnaseq-cwl/blob/5d8c131bbff59fb0c969217fc1d44e6d1503cd1f/rnaseq-star-align/star2pass.rnaseq_harmonization.cwl	STAR - Counts	5d8c131bbff59fb0c969217fc1d44e6d1503cd1f	Primary Tumor	NA	TCGA-A8-A06Z	TCGA-A8-A06Z-01A
ad18b7e0-57ec-41c5-99a1-0c9d8740e0f1	TSV	TCGA-A8-A0AB-01A-11R-A034-07	open	fd2f42a3-d79c-466b-98c2-5f4d0a4a64e9.rna_seq.augmented_star_gene_counts.tsv	aa204850-62e7-4d03-8c62-88d37ff1c911	Transcriptome Profiling	gene_expression	Illumina	4253283	2021-12-13T21:50:49.630627-06:00	cec87e119bf2c7eaf776166149e4b5ba	2024-07-30T10:07:21.377471-05:00	ad18b7e0-57ec-41c5-99a1-0c9d8740e0f1	Gene Expression Quantification	released	RNA-Seq	1	32.0 - 46.0	TCGA-BRCA	18f3fb12-d087-4e25-be12-3345234a84e8	released	fd2f42a3-d79c-466b-98c2-5f4d0a4a64e9_star__counts	https://github.com/NCI-GDC/gdc-rnaseq-cwl/blob/5d8c131bbff59fb0c969217fc1d44e6d1503cd1f/rnaseq-star-align/star2pass.rnaseq_harmonization.cwl	STAR - Counts	5d8c131bbff59fb0c969217fc1d44e6d1503cd1f	Primary Tumor	NA	TCGA-A8-A0AB	TCGA-A8-A0AB-01A
28ecd88f-6249-425c-99e1-9055989feff8	TSV	TCGA-AR-A1AJ-01A-21R-A12P-07	open	768e0380-9183-4600-849b-0d315ba502fc.rna_seq.augmented_star_gene_counts.tsv	82d64d83-9d85-4846-9ba9-e224b0cc98b1	Transcriptome Profiling	gene_expression	Illumina	4244622	2021-12-13T22:15:54.037105-06:00	c7a3d195732fbefdacfa4ade967acf58	2024-07-30T09:55:36.866527-05:00	28ecd88f-6249-425c-99e1-9055989feff8	Gene Expression Quantification	released	RNA-Seq	1	32.0 - 46.0	TCGA-BRCA	3c37842f-be8f-49b7-bbde-fef1efc11fa5	released	768e0380-9183-4600-849b-0d315ba502fc_star__counts	https://github.com/NCI-GDC/gdc-rnaseq-cwl/blob/5d8c131bbff59fb0c969217fc1d44e6d1503cd1f/rnaseq-star-align/star2pass.rnaseq_harmonization.cwl	STAR - Counts	5d8c131bbff59fb0c969217fc1d44e6d1503cd1f	Primary Tumor	NA	TCGA-AR-A1AJ	TCGA-AR-A1AJ-01A
b88daf3f-645d-4d11-a2be-2295e186747f	TSV	TCGA-BH-A18U-11A-23R-A12D-07	open	98b5b7d9-7f5d-48e0-ad50-7b22f379fef6.rna_seq.augmented_star_gene_counts.tsv	6c8e9e76-bc95-415a-9128-7f140f6d549b	Transcriptome Profiling	gene_expression	Illumina	4244495	2021-12-13T21:54:22.630672-06:00	e3c997f705686155b4362f0d4f6cde4d	2024-07-30T10:07:35.844517-05:00	b88daf3f-645d-4d11-a2be-2295e186747f	Gene Expression Quantification	released	RNA-Seq	1	32.0 - 46.0	TCGA-BRCA	2dbb83c7-467d-47d6-9747-87e0c6b66034	released	98b5b7d9-7f5d-48e0-ad50-7b22f379fef6_star__counts	https://github.com/NCI-GDC/gdc-rnaseq-cwl/blob/5d8c131bbff59fb0c969217fc1d44e6d1503cd1f/rnaseq-star-align/star2pass.rnaseq_harmonization.cwl	STAR - Counts	5d8c131bbff59fb0c969217fc1d44e6d1503cd1f	Solid Tissue Normal	NA	TCGA-BH-A18U	TCGA-BH-A18U-11A
9d61e56d-690b-4d66-891a-f8d010d704cf	TSV	TCGA-A2-A0T1-01A-21R-A084-07	open	ed13eb3a-17ab-4781-bc60-13797148c7c4.rna_seq.augmented_star_gene_counts.tsv	aabc9f55-c800-40e7-a448-4ec2647fca90	Transcriptome Profiling	gene_expression	Illumina	4241422	2021-12-13T21:49:03.014958-06:00	a206a82e80592fd4c903480b0f82440e	2024-07-30T09:36:35.685703-05:00	9d61e56d-690b-4d66-891a-f8d010d704cf	Gene Expression Quantification	released	RNA-Seq	1	32.0 - 46.0	TCGA-BRCA	43a7c2be-66e8-49c5-af54-38b0629e51b0	released	ed13eb3a-17ab-4781-bc60-13797148c7c4_star__counts	https://github.com/NCI-GDC/gdc-rnaseq-cwl/blob/5d8c131bbff59fb0c969217fc1d44e6d1503cd1f/rnaseq-star-align/star2pass.rnaseq_harmonization.cwl	STAR - Counts	5d8c131bbff59fb0c969217fc1d44e6d1503cd1f	Primary Tumor	NA	TCGA-A2-A0T1	TCGA-A2-A0T1-01A
788a4858-c6c6-4a8d-9aef-dbd32d74776b	TSV	TCGA-A2-A0D1-01A-11R-A034-07	open	5cf049e5-d45c-4601-8f67-1fdc0b1918a9.rna_seq.augmented_star_gene_counts.tsv	67309d3b-74f7-41b7-ad79-8df83dad8671	Transcriptome Profiling	gene_expression	Illumina	4231580	2021-12-13T21:43:41.772765-06:00	a5e2ae65d787013597fea10507e45a1e	2024-07-30T09:57:25.659289-05:00	788a4858-c6c6-4a8d-9aef-dbd32d74776b	Gene Expression Quantification	released	RNA-Seq	1	32.0 - 46.0	TCGA-BRCA	41724e0c-eb5c-423c-9b1d-0a9cbd03089c	released	5cf049e5-d45c-4601-8f67-1fdc0b1918a9_star__counts	https://github.com/NCI-GDC/gdc-rnaseq-cwl/blob/5d8c131bbff59fb0c969217fc1d44e6d1503cd1f/rnaseq-star-align/star2pass.rnaseq_harmonization.cwl	STAR - Counts	5d8c131bbff59fb0c969217fc1d44e6d1503cd1f	Primary Tumor	NA	TCGA-A2-A0D1	TCGA-A2-A0D1-01A
9da9a119-9f9a-4ddb-947e-97724b9fe45f	TSV	TCGA-AO-A0JC-01A-11R-A056-07	open	7733c059-09bd-40b4-9812-4bedd68d9d01.rna_seq.augmented_star_gene_counts.tsv	fd47968c-1e78-4045-9976-4a1b306f1219	Transcriptome Profiling	gene_expression	Illumina	4249713	2021-12-13T21:45:14.760833-06:00	767e0ec3e9114e20a332f8d2fc60954c	2024-07-30T09:37:23.557432-05:00	9da9a119-9f9a-4ddb-947e-97724b9fe45f	Gene Expression Quantification	released	RNA-Seq	1	32.0 - 46.0	TCGA-BRCA	752f5ff6-e390-4d55-a51b-c988e452e38c	released	7733c059-09bd-40b4-9812-4bedd68d9d01_star__counts	https://github.com/NCI-GDC/gdc-rnaseq-cwl/blob/5d8c131bbff59fb0c969217fc1d44e6d1503cd1f/rnaseq-star-align/star2pass.rnaseq_harmonization.cwl	STAR - Counts	5d8c131bbff59fb0c969217fc1d44e6d1503cd1f	Primary Tumor	NA	TCGA-AO-A0JC	TCGA-AO-A0JC-01A
435f3fbf-5c8f-4800-bff4-3b4d5f9daf2e	TSV	TCGA-GM-A3XL-01A-11R-A22U-07	open	8563d0ce-646e-4992-897d-5634f023ecba.rna_seq.augmented_star_gene_counts.tsv	d382c007-e2a6-48f6-b254-0b6f9bed65f8	Transcriptome Profiling	gene_expression	Illumina	4245714	2021-12-13T22:04:24.240153-06:00	e49166dd6b3a8806d385152b385f267b	2024-07-30T09:37:04.697920-05:00	435f3fbf-5c8f-4800-bff4-3b4d5f9daf2e	Gene Expression Quantification	released	RNA-Seq	1	32.0 - 46.0	TCGA-BRCA	d3bd13d2-7a12-49da-92c8-77ef24812328	released	8563d0ce-646e-4992-897d-5634f023ecba_star__counts	https://github.com/NCI-GDC/gdc-rnaseq-cwl/blob/5d8c131bbff59fb0c969217fc1d44e6d1503cd1f/rnaseq-star-align/star2pass.rnaseq_harmonization.cwl	STAR - Counts	5d8c131bbff59fb0c969217fc1d44e6d1503cd1f	Primary Tumor	NA	TCGA-GM-A3XL	TCGA-GM-A3XL-01A
1737104f-367e-4098-a068-12f8ece492bf	TSV	TCGA-B6-A0WZ-01A-11R-A109-07	open	b4a9422c-ed5b-435f-aa13-e8a8f2484e97.rna_seq.augmented_star_gene_counts.tsv	81edff02-c1c1-4b6e-8dc0-355d7c2ccfc9	Transcriptome Profiling	gene_expression	Illumina	4240560	2021-12-13T22:21:32.794282-06:00	dc19d10278544bb1e029e55333c2a010	2024-07-30T09:37:36.930799-05:00	1737104f-367e-4098-a068-12f8ece492bf	Gene Expression Quantification	released	RNA-Seq	1	32.0 - 46.0	TCGA-BRCA	238fedc2-2d39-486b-b022-75b24a888d64	released	b4a9422c-ed5b-435f-aa13-e8a8f2484e97_star__counts	https://github.com/NCI-GDC/gdc-rnaseq-cwl/blob/5d8c131bbff59fb0c969217fc1d44e6d1503cd1f/rnaseq-star-align/star2pass.rnaseq_harmonization.cwl	STAR - Counts	5d8c131bbff59fb0c969217fc1d44e6d1503cd1f	Primary Tumor	NA	TCGA-B6-A0WZ	TCGA-B6-A0WZ-01A
16b9a021-447f-44d8-a1f9-ad45edc73bc9	TSV	TCGA-D8-A1XY-01A-11R-A14M-07	open	13d6ae6d-1662-4e0a-a10b-a733efc216b2.rna_seq.augmented_star_gene_counts.tsv	f697cf64-325c-46b4-a06e-b99bfc439e54	Transcriptome Profiling	gene_expression	Illumina	4247091	2021-12-13T22:22:15.802997-06:00	4b8aa78f000b12f34a03c0e960c3bbe8	2024-07-30T09:44:47.344446-05:00	16b9a021-447f-44d8-a1f9-ad45edc73bc9	Gene Expression Quantification	released	RNA-Seq	1	32.0 - 46.0	TCGA-BRCA	4ec22c1f-b633-4d4c-a70b-1d4e0e8c20d2	released	13d6ae6d-1662-4e0a-a10b-a733efc216b2_star__counts	https://github.com/NCI-GDC/gdc-rnaseq-cwl/blob/5d8c131bbff59fb0c969217fc1d44e6d1503cd1f/rnaseq-star-align/star2pass.rnaseq_harmonization.cwl	STAR - Counts	5d8c131bbff59fb0c969217fc1d44e6d1503cd1f	Primary Tumor	NA	TCGA-D8-A1XY	TCGA-D8-A1XY-01A
c7f1e894-f50d-437c-ad42-4a35f531c795	TSV	TCGA-S3-AA12-01A-11R-A41B-07	open	b656d5d9-3bd0-4d76-b7ad-6440cc706048.rna_seq.augmented_star_gene_counts.tsv	3a7b6f05-f764-40f0-8f7b-db61af12b4e7	Transcriptome Profiling	gene_expression	Illumina	4229422	2021-12-13T22:37:59.214183-06:00	e1ec69c617443bd214cbf43c40c2a96e	2024-07-30T09:22:10.017330-05:00	c7f1e894-f50d-437c-ad42-4a35f531c795	Gene Expression Quantification	released	RNA-Seq	1	32.0 - 46.0	TCGA-BRCA	7ed54e66-6575-486b-89db-9b621135e185	released	b656d5d9-3bd0-4d76-b7ad-6440cc706048_star__counts	https://github.com/NCI-GDC/gdc-rnaseq-cwl/blob/5d8c131bbff59fb0c969217fc1d44e6d1503cd1f/rnaseq-star-align/star2pass.rnaseq_harmonization.cwl	STAR - Counts	5d8c131bbff59fb0c969217fc1d44e6d1503cd1f	Primary Tumor	NA	TCGA-S3-AA12	TCGA-S3-AA12-01A
dbdaac00-02bf-41e0-8d54-734273e10baa	TSV	TCGA-EW-A1P7-01A-21R-A144-07	open	bf858293-b533-4a73-ac9b-568109ba05d4.rna_seq.augmented_star_gene_counts.tsv	e4473f93-46f5-43b0-8585-0f6c3eedde94	Transcriptome Profiling	gene_expression	Illumina	4247731	2021-12-13T22:20:48.668793-06:00	f2a471b912bb9570c27799a8f418c5aa	2024-07-30T10:02:39.478238-05:00	dbdaac00-02bf-41e0-8d54-734273e10baa	Gene Expression Quantification	released	RNA-Seq	1	32.0 - 46.0	TCGA-BRCA	f18688e5-38c0-4093-8b0a-814b2e1a9116	released	bf858293-b533-4a73-ac9b-568109ba05d4_star__counts	https://github.com/NCI-GDC/gdc-rnaseq-cwl/blob/5d8c131bbff59fb0c969217fc1d44e6d1503cd1f/rnaseq-star-align/star2pass.rnaseq_harmonization.cwl	STAR - Counts	5d8c131bbff59fb0c969217fc1d44e6d1503cd1f	Primary Tumor	NA	TCGA-EW-A1P7	TCGA-EW-A1P7-01A
84ab5edd-38bf-4987-b9af-fa4d1cbdef2c	TSV	TCGA-A8-A07Z-01A-11R-A00Z-07	open	774f5688-bad0-4a78-b26a-7aceb353e603.rna_seq.augmented_star_gene_counts.tsv	7345109f-7de3-4249-a213-b925862bb315	Transcriptome Profiling	gene_expression	Illumina	4228023	2021-12-13T22:35:30.194037-06:00	51deac7af9a8e7c6c5d186aea1584435	2024-07-30T10:01:31.495801-05:00	84ab5edd-38bf-4987-b9af-fa4d1cbdef2c	Gene Expression Quantification	released	RNA-Seq	1	32.0 - 46.0	TCGA-BRCA	4802783a-6ee8-49df-9c30-daa729743101	released	774f5688-bad0-4a78-b26a-7aceb353e603_star__counts	https://github.com/NCI-GDC/gdc-rnaseq-cwl/blob/5d8c131bbff59fb0c969217fc1d44e6d1503cd1f/rnaseq-star-align/star2pass.rnaseq_harmonization.cwl	STAR - Counts	5d8c131bbff59fb0c969217fc1d44e6d1503cd1f	Primary Tumor	NA	TCGA-A8-A07Z	TCGA-A8-A07Z-01A
21f16535-a7bb-4bbd-affe-bff937467374	TSV	TCGA-BH-A0E0-11A-13R-A089-07	open	930d7c02-c230-4d19-9247-74fb0e02d524.rna_seq.augmented_star_gene_counts.tsv	cd66349f-6a3e-4898-86b8-3786f856f5e1	Transcriptome Profiling	gene_expression	Illumina	4238934	2021-12-13T22:22:05.442782-06:00	46147814e6efbeba517a13e938b0fae4	2024-07-30T09:46:39.477282-05:00	21f16535-a7bb-4bbd-affe-bff937467374	Gene Expression Quantification	released	RNA-Seq	1	32.0 - 46.0	TCGA-BRCA	3ae93642-ce33-467c-8817-a7c43ae5be71	released	930d7c02-c230-4d19-9247-74fb0e02d524_star__counts	https://github.com/NCI-GDC/gdc-rnaseq-cwl/blob/5d8c131bbff59fb0c969217fc1d44e6d1503cd1f/rnaseq-star-align/star2pass.rnaseq_harmonization.cwl	STAR - Counts	5d8c131bbff59fb0c969217fc1d44e6d1503cd1f	Solid Tissue Normal	NA	TCGA-BH-A0E0	TCGA-BH-A0E0-11A
fdd73b76-517e-4554-ba4d-1c67b1b758f8	TSV	TCGA-B6-A0RN-01A-12R-A084-07	open	fc5b682e-c00d-4840-8c11-f17abe059fa8.rna_seq.augmented_star_gene_counts.tsv	1604f04b-5aac-4ab9-9d82-885b04d7d4b5	Transcriptome Profiling	gene_expression	Illumina	4235898	2021-12-13T21:53:48.867935-06:00	9d3485573f87a8add19507dcb263aa3c	2024-07-30T10:09:03.478916-05:00	fdd73b76-517e-4554-ba4d-1c67b1b758f8	Gene Expression Quantification	released	RNA-Seq	1	32.0 - 46.0	TCGA-BRCA	0f8983da-1526-44b5-8fe6-8ec4d07240a5	released	fc5b682e-c00d-4840-8c11-f17abe059fa8_star__counts	https://github.com/NCI-GDC/gdc-rnaseq-cwl/blob/5d8c131bbff59fb0c969217fc1d44e6d1503cd1f/rnaseq-star-align/star2pass.rnaseq_harmonization.cwl	STAR - Counts	5d8c131bbff59fb0c969217fc1d44e6d1503cd1f	Primary Tumor	NA	TCGA-B6-A0RN	TCGA-B6-A0RN-01A
0e3cf07b-2cea-4ce7-a8f0-c8dc7d3db7a7	TSV	TCGA-LL-A5YL-01A-12R-A29R-07	open	c469b31e-857a-4ac6-9a45-978c99391d9d.rna_seq.augmented_star_gene_counts.tsv	f329d693-fff9-45a0-b704-8cff8492006a	Transcriptome Profiling	gene_expression	Illumina	4239206	2021-12-13T22:40:51.926734-06:00	d9c639b97a0e519c8bcea0440697ccf9	2024-07-30T09:58:00.845227-05:00	0e3cf07b-2cea-4ce7-a8f0-c8dc7d3db7a7	Gene Expression Quantification	released	RNA-Seq	1	32.0 - 46.0	TCGA-BRCA	ceda6099-407b-4ab5-ab03-d27c81b823ce	released	c469b31e-857a-4ac6-9a45-978c99391d9d_star__counts	https://github.com/NCI-GDC/gdc-rnaseq-cwl/blob/5d8c131bbff59fb0c969217fc1d44e6d1503cd1f/rnaseq-star-align/star2pass.rnaseq_harmonization.cwl	STAR - Counts	5d8c131bbff59fb0c969217fc1d44e6d1503cd1f	Primary Tumor	NA	TCGA-LL-A5YL	TCGA-LL-A5YL-01A
d777e8a9-92a8-48eb-bf58-8e13af99c77f	TSV	TCGA-A8-A0A4-01A-11R-A00Z-07	open	23dace7d-4200-46ee-8501-96c4b5084851.rna_seq.augmented_star_gene_counts.tsv	7b02a938-1b09-4919-ac9a-3fb6ccd181ec	Transcriptome Profiling	gene_expression	Illumina	4246500	2021-12-13T21:47:25.855524-06:00	cef94ca9bd0255990306cede3bedc0b8	2024-07-30T09:56:31.434525-05:00	d777e8a9-92a8-48eb-bf58-8e13af99c77f	Gene Expression Quantification	released	RNA-Seq	1	32.0 - 46.0	TCGA-BRCA	59908027-fbc1-4035-9f01-ed52cc2111f9	released	23dace7d-4200-46ee-8501-96c4b5084851_star__counts	https://github.com/NCI-GDC/gdc-rnaseq-cwl/blob/5d8c131bbff59fb0c969217fc1d44e6d1503cd1f/rnaseq-star-align/star2pass.rnaseq_harmonization.cwl	STAR - Counts	5d8c131bbff59fb0c969217fc1d44e6d1503cd1f	Primary Tumor	NA	TCGA-A8-A0A4	TCGA-A8-A0A4-01A
51a3cb9a-e745-49ac-af0e-3a750f9e7521	TSV	TCGA-S3-AA10-01A-21R-A41B-07	open	df6af593-6a85-4f5f-8dbe-c32df5a85ef6.rna_seq.augmented_star_gene_counts.tsv	7a70e897-0cb1-42f4-a471-793a4cb2ea87	Transcriptome Profiling	gene_expression	Illumina	4237560	2021-12-13T22:24:26.089492-06:00	e3b1abcee920570435311e0b4475691f	2024-07-30T10:02:18.853575-05:00	51a3cb9a-e745-49ac-af0e-3a750f9e7521	Gene Expression Quantification	released	RNA-Seq	1	32.0 - 46.0	TCGA-BRCA	cf813f5d-8396-4d96-9c08-94b842579551	released	df6af593-6a85-4f5f-8dbe-c32df5a85ef6_star__counts	https://github.com/NCI-GDC/gdc-rnaseq-cwl/blob/5d8c131bbff59fb0c969217fc1d44e6d1503cd1f/rnaseq-star-align/star2pass.rnaseq_harmonization.cwl	STAR - Counts	5d8c131bbff59fb0c969217fc1d44e6d1503cd1f	Primary Tumor	NA	TCGA-S3-AA10	TCGA-S3-AA10-01A
391a3465-d22e-424b-af09-3e6342159bbb	TSV	TCGA-A8-A076-01A-21R-A00Z-07	open	ed1fa4ae-5e58-465c-b106-379f7456656e.rna_seq.augmented_star_gene_counts.tsv	17d905f7-36c8-463a-9847-d096ade299d1	Transcriptome Profiling	gene_expression	Illumina	4251308	2021-12-13T22:41:17.219133-06:00	6a8916b639106db09425e54a40adf795	2024-07-30T09:33:50.004810-05:00	391a3465-d22e-424b-af09-3e6342159bbb	Gene Expression Quantification	released	RNA-Seq	1	32.0 - 46.0	TCGA-BRCA	f795b69b-e9ac-42ba-8df6-d4d1ee44809d	released	ed1fa4ae-5e58-465c-b106-379f7456656e_star__counts	https://github.com/NCI-GDC/gdc-rnaseq-cwl/blob/5d8c131bbff59fb0c969217fc1d44e6d1503cd1f/rnaseq-star-align/star2pass.rnaseq_harmonization.cwl	STAR - Counts	5d8c131bbff59fb0c969217fc1d44e6d1503cd1f	Primary Tumor	NA	TCGA-A8-A076	TCGA-A8-A076-01A
589dda89-b968-4f26-b3c7-5371dfdb8a90	TSV	TCGA-OL-A66O-01A-11R-A31O-07	open	ae4a5866-347f-4850-b4c8-a009d0765021.rna_seq.augmented_star_gene_counts.tsv	7c9b60f0-fec0-475d-b179-fd600b956f9a	Transcriptome Profiling	gene_expression	Illumina	4242565	2021-12-13T21:58:04.456014-06:00	59edda16289a2e77fc7afb80de6d6603	2024-07-30T10:08:10.353735-05:00	589dda89-b968-4f26-b3c7-5371dfdb8a90	Gene Expression Quantification	released	RNA-Seq	1	32.0 - 46.0	TCGA-BRCA	1bd99a10-825e-4b66-b930-6b80ea0d5a3c	released	ae4a5866-347f-4850-b4c8-a009d0765021_star__counts	https://github.com/NCI-GDC/gdc-rnaseq-cwl/blob/5d8c131bbff59fb0c969217fc1d44e6d1503cd1f/rnaseq-star-align/star2pass.rnaseq_harmonization.cwl	STAR - Counts	5d8c131bbff59fb0c969217fc1d44e6d1503cd1f	Primary Tumor	NA	TCGA-OL-A66O	TCGA-OL-A66O-01A
4c2bb8e3-2527-466b-a3bb-0f36c3b2a3e7	TSV	TCGA-A7-A13F-11A-42R-A12P-07	open	2d1e176a-adc9-4d8a-92cf-5cba5ab8e486.rna_seq.augmented_star_gene_counts.tsv	f3f21600-1205-4441-8d2b-91d14818c0f4	Transcriptome Profiling	gene_expression	Illumina	4242224	2021-12-13T22:04:58.286955-06:00	f18b1cb250955746893716a393fb20ed	2024-07-30T09:51:23.278917-05:00	4c2bb8e3-2527-466b-a3bb-0f36c3b2a3e7	Gene Expression Quantification	released	RNA-Seq	1	32.0 - 46.0	TCGA-BRCA	2d629850-81d7-4c17-a28c-0d893f5848d2	released	2d1e176a-adc9-4d8a-92cf-5cba5ab8e486_star__counts	https://github.com/NCI-GDC/gdc-rnaseq-cwl/blob/5d8c131bbff59fb0c969217fc1d44e6d1503cd1f/rnaseq-star-align/star2pass.rnaseq_harmonization.cwl	STAR - Counts	5d8c131bbff59fb0c969217fc1d44e6d1503cd1f	Solid Tissue Normal	NA	TCGA-A7-A13F	TCGA-A7-A13F-11A
a2f902f5-2413-4698-b53b-446df6409d61	TSV	TCGA-AC-A3YI-01A-21R-A239-07	open	79f139fe-fecb-4b0e-b668-3407c13748d8.rna_seq.augmented_star_gene_counts.tsv	b2452898-c7ce-442c-8873-cb747093ae11	Transcriptome Profiling	gene_expression	Illumina	4239314	2021-12-13T22:25:43.074551-06:00	b674a9bd7fc13649c7314090440d2750	2024-07-30T09:32:17.133612-05:00	a2f902f5-2413-4698-b53b-446df6409d61	Gene Expression Quantification	released	RNA-Seq	1	32.0 - 46.0	TCGA-BRCA	699a5aa9-7565-4910-80d7-392a5f831319	released	79f139fe-fecb-4b0e-b668-3407c13748d8_star__counts	https://github.com/NCI-GDC/gdc-rnaseq-cwl/blob/5d8c131bbff59fb0c969217fc1d44e6d1503cd1f/rnaseq-star-align/star2pass.rnaseq_harmonization.cwl	STAR - Counts	5d8c131bbff59fb0c969217fc1d44e6d1503cd1f	Primary Tumor	NA	TCGA-AC-A3YI	TCGA-AC-A3YI-01A
7bcb3817-31ac-4ef5-9038-a9bfebad5869	TSV	TCGA-V7-A7HQ-01A-11R-A33J-07	open	87506e5d-4ebe-4f0c-a124-ea0add72d2ac.rna_seq.augmented_star_gene_counts.tsv	e003374b-693c-4e80-98b3-e984e783a494	Transcriptome Profiling	gene_expression	Illumina	4228760	2021-12-13T22:00:39.198918-06:00	1d8f2d187e8c49d2cafaa4b2a1ad5575	2024-07-30T09:23:12.701624-05:00	7bcb3817-31ac-4ef5-9038-a9bfebad5869	Gene Expression Quantification	released	RNA-Seq	1	32.0 - 46.0	TCGA-BRCA	93e7ae49-60b9-4360-8d12-c88aa5f42986	released	87506e5d-4ebe-4f0c-a124-ea0add72d2ac_star__counts	https://github.com/NCI-GDC/gdc-rnaseq-cwl/blob/5d8c131bbff59fb0c969217fc1d44e6d1503cd1f/rnaseq-star-align/star2pass.rnaseq_harmonization.cwl	STAR - Counts	5d8c131bbff59fb0c969217fc1d44e6d1503cd1f	Primary Tumor	NA	TCGA-V7-A7HQ	TCGA-V7-A7HQ-01A
a73c6624-c462-4c25-94bf-58769257c6dc	TSV	TCGA-A2-A0T6-01A-11R-A084-07	open	34a0c8c5-8086-4f33-9ecb-7518035a4a7f.rna_seq.augmented_star_gene_counts.tsv	3a63cf57-fd59-4892-ba19-dda75af50c76	Transcriptome Profiling	gene_expression	Illumina	4250690	2021-12-13T22:17:42.265623-06:00	fab779e91f50b1171b402e52d281f3d1	2024-07-30T09:31:13.563836-05:00	a73c6624-c462-4c25-94bf-58769257c6dc	Gene Expression Quantification	released	RNA-Seq	1	32.0 - 46.0	TCGA-BRCA	6dfe54c9-45cc-4be1-a7fe-b48d50517143	released	34a0c8c5-8086-4f33-9ecb-7518035a4a7f_star__counts	https://github.com/NCI-GDC/gdc-rnaseq-cwl/blob/5d8c131bbff59fb0c969217fc1d44e6d1503cd1f/rnaseq-star-align/star2pass.rnaseq_harmonization.cwl	STAR - Counts	5d8c131bbff59fb0c969217fc1d44e6d1503cd1f	Primary Tumor	NA	TCGA-A2-A0T6	TCGA-A2-A0T6-01A
8ced7ce3-86ec-4bc8-afce-8fcfb06d8be4	TSV	TCGA-D8-A1JC-01A-11R-A13Q-07	open	d1adf0be-5afe-4df7-8f88-dbf7521bcdac.rna_seq.augmented_star_gene_counts.tsv	9c97ef40-0178-45e3-8aa5-477954cc8060	Transcriptome Profiling	gene_expression	Illumina	4257607	2021-12-13T21:57:28.838227-06:00	5ab6cf779c351322446fb259fe5b16d4	2024-07-30T09:19:02.782807-05:00	8ced7ce3-86ec-4bc8-afce-8fcfb06d8be4	Gene Expression Quantification	released	RNA-Seq	1	32.0 - 46.0	TCGA-BRCA	c8597424-d9ef-4eda-9afc-a3a7524ba020	released	d1adf0be-5afe-4df7-8f88-dbf7521bcdac_star__counts	https://github.com/NCI-GDC/gdc-rnaseq-cwl/blob/5d8c131bbff59fb0c969217fc1d44e6d1503cd1f/rnaseq-star-align/star2pass.rnaseq_harmonization.cwl	STAR - Counts	5d8c131bbff59fb0c969217fc1d44e6d1503cd1f	Primary Tumor	NA	TCGA-D8-A1JC	TCGA-D8-A1JC-01A
a5c799bc-1332-4127-8fda-84da04084d25	TSV	TCGA-A7-A26E-01B-06R-A277-07	open	de01516e-43f0-4f96-8ac6-ab543a314829.rna_seq.augmented_star_gene_counts.tsv	162ed5c3-add6-4485-8d99-37c02751bd36	Transcriptome Profiling	gene_expression	Illumina	4220759	2021-12-13T22:37:49.340267-06:00	cae9cf46552fd8b701916e21c6663ad2	2024-07-30T09:51:34.524478-05:00	a5c799bc-1332-4127-8fda-84da04084d25	Gene Expression Quantification	released	RNA-Seq	1	32.0 - 46.0	TCGA-BRCA	1d06d9a6-4145-4c38-a35d-c23c3433423a	released	de01516e-43f0-4f96-8ac6-ab543a314829_star__counts	https://github.com/NCI-GDC/gdc-rnaseq-cwl/blob/5d8c131bbff59fb0c969217fc1d44e6d1503cd1f/rnaseq-star-align/star2pass.rnaseq_harmonization.cwl	STAR - Counts	5d8c131bbff59fb0c969217fc1d44e6d1503cd1f	Primary Tumor	NA	TCGA-A7-A26E	TCGA-A7-A26E-01B
43820fe3-a899-4e6b-9227-27e32edaefd5	TSV	TCGA-BH-A0DX-01A-11R-A115-07	open	fc70931f-4a97-4538-b055-8ed988ab601c.rna_seq.augmented_star_gene_counts.tsv	556f5bda-4556-42c3-b5f0-6e351fab38d2	Transcriptome Profiling	gene_expression	Illumina	4243947	2021-12-13T21:47:59.835046-06:00	cb089d7be1f0d606a9ad54e5244702fc	2024-07-30T10:07:33.419884-05:00	43820fe3-a899-4e6b-9227-27e32edaefd5	Gene Expression Quantification	released	RNA-Seq	1	32.0 - 46.0	TCGA-BRCA	c91f1720-a948-4672-a01f-e61e2df14fb6	released	fc70931f-4a97-4538-b055-8ed988ab601c_star__counts	https://github.com/NCI-GDC/gdc-rnaseq-cwl/blob/5d8c131bbff59fb0c969217fc1d44e6d1503cd1f/rnaseq-star-align/star2pass.rnaseq_harmonization.cwl	STAR - Counts	5d8c131bbff59fb0c969217fc1d44e6d1503cd1f	Primary Tumor	NA	TCGA-BH-A0DX	TCGA-BH-A0DX-01A
f0a63361-78bb-4a7f-9d78-31f7b2980ba2	TSV	TCGA-C8-A137-01A-11R-A115-07	open	1008e8d8-a93c-4779-80b6-1272322e7c52.rna_seq.augmented_star_gene_counts.tsv	5337aa2f-0867-4189-ba8d-5eb22c78b2a0	Transcriptome Profiling	gene_expression	Illumina	4224263	2021-12-13T21:58:29.669447-06:00	7c75b69a65b6f1da8641783c6505586c	2024-07-30T09:35:32.590069-05:00	f0a63361-78bb-4a7f-9d78-31f7b2980ba2	Gene Expression Quantification	released	RNA-Seq	1	32.0 - 46.0	TCGA-BRCA	06743565-f466-4b54-9a18-e19fa2745388	released	1008e8d8-a93c-4779-80b6-1272322e7c52_star__counts	https://github.com/NCI-GDC/gdc-rnaseq-cwl/blob/5d8c131bbff59fb0c969217fc1d44e6d1503cd1f/rnaseq-star-align/star2pass.rnaseq_harmonization.cwl	STAR - Counts	5d8c131bbff59fb0c969217fc1d44e6d1503cd1f	Primary Tumor	NA	TCGA-C8-A137	TCGA-C8-A137-01A
91577462-386f-43eb-88e1-859c1d74763c	TSV	TCGA-E9-A1N3-01A-12R-A157-07	open	6ddc13fe-e8e0-4fb1-88df-c068fe87b5cb.rna_seq.augmented_star_gene_counts.tsv	d1747379-e834-45ef-8c38-489e4a17c821	Transcriptome Profiling	gene_expression	Illumina	4251488	2021-12-13T22:14:27.697125-06:00	8f93109869bc6e261db04def14563ae7	2024-07-30T09:38:19.395481-05:00	91577462-386f-43eb-88e1-859c1d74763c	Gene Expression Quantification	released	RNA-Seq	1	32.0 - 46.0	TCGA-BRCA	0a783158-3e53-488e-90ee-24df3a188a6a	released	6ddc13fe-e8e0-4fb1-88df-c068fe87b5cb_star__counts	https://github.com/NCI-GDC/gdc-rnaseq-cwl/blob/5d8c131bbff59fb0c969217fc1d44e6d1503cd1f/rnaseq-star-align/star2pass.rnaseq_harmonization.cwl	STAR - Counts	5d8c131bbff59fb0c969217fc1d44e6d1503cd1f	Primary Tumor	NA	TCGA-E9-A1N3	TCGA-E9-A1N3-01A
0b829610-f28e-418e-b79d-d3351e13e1fe	TSV	TCGA-B6-A0IJ-01A-11R-A034-07	open	98f3d2d7-edc4-40aa-b09a-63f8abd2b528.rna_seq.augmented_star_gene_counts.tsv	a2c0f0a7-441e-4496-bfbf-1d38bc5eeaee	Transcriptome Profiling	gene_expression	Illumina	4246526	2021-12-13T22:39:22.715398-06:00	23eb309dff9ad9fb156c70d21602a98b	2024-07-30T09:29:58.057488-05:00	0b829610-f28e-418e-b79d-d3351e13e1fe	Gene Expression Quantification	released	RNA-Seq	1	32.0 - 46.0	TCGA-BRCA	cd7b417f-5ee3-4576-abc2-6aa7ac41800e	released	98f3d2d7-edc4-40aa-b09a-63f8abd2b528_star__counts	https://github.com/NCI-GDC/gdc-rnaseq-cwl/blob/5d8c131bbff59fb0c969217fc1d44e6d1503cd1f/rnaseq-star-align/star2pass.rnaseq_harmonization.cwl	STAR - Counts	5d8c131bbff59fb0c969217fc1d44e6d1503cd1f	Primary Tumor	NA	TCGA-B6-A0IJ	TCGA-B6-A0IJ-01A
b4ac6e06-8760-4cb2-883c-c829eaefdc4c	TSV	TCGA-BH-A0B7-01A-12R-A115-07	open	96668a75-e21b-482f-b699-0b5282909a9a.rna_seq.augmented_star_gene_counts.tsv	c729e28a-6a6d-4e72-9592-04de7e102fdd	Transcriptome Profiling	gene_expression	Illumina	4246784	2021-12-13T22:02:32.943254-06:00	fa5bcb02e4e0a184d35b17ad7d4e7195	2024-07-30T09:39:10.076124-05:00	b4ac6e06-8760-4cb2-883c-c829eaefdc4c	Gene Expression Quantification	released	RNA-Seq	1	32.0 - 46.0	TCGA-BRCA	d7399aba-1fe2-47c0-b046-392a23bf0849	released	96668a75-e21b-482f-b699-0b5282909a9a_star__counts	https://github.com/NCI-GDC/gdc-rnaseq-cwl/blob/5d8c131bbff59fb0c969217fc1d44e6d1503cd1f/rnaseq-star-align/star2pass.rnaseq_harmonization.cwl	STAR - Counts	5d8c131bbff59fb0c969217fc1d44e6d1503cd1f	Primary Tumor	NA	TCGA-BH-A0B7	TCGA-BH-A0B7-01A
621b0997-70e5-415b-8d8c-1e5f90d0d4aa	TSV	TCGA-D8-A1XZ-01A-11R-A14M-07	open	0a430a9a-7e63-41d6-8cd0-1dda1e1df975.rna_seq.augmented_star_gene_counts.tsv	bb91e4c6-dedc-4617-b745-fbe2c3ccfa54	Transcriptome Profiling	gene_expression	Illumina	4250689	2021-12-13T22:43:47.289314-06:00	98f45d463ceb5d4b651af19845328eb4	2024-07-30T09:52:59.983351-05:00	621b0997-70e5-415b-8d8c-1e5f90d0d4aa	Gene Expression Quantification	released	RNA-Seq	1	32.0 - 46.0	TCGA-BRCA	342a081c-9dc0-41fe-b02d-0d6f8a249e71	released	0a430a9a-7e63-41d6-8cd0-1dda1e1df975_star__counts	https://github.com/NCI-GDC/gdc-rnaseq-cwl/blob/5d8c131bbff59fb0c969217fc1d44e6d1503cd1f/rnaseq-star-align/star2pass.rnaseq_harmonization.cwl	STAR - Counts	5d8c131bbff59fb0c969217fc1d44e6d1503cd1f	Primary Tumor	NA	TCGA-D8-A1XZ	TCGA-D8-A1XZ-01A
e4f1f27b-24a1-4d01-af87-b2692d092d2a	TSV	TCGA-A7-A4SA-01A-11R-A266-07	open	b05af4cd-19e2-4752-ad71-c36b886f4507.rna_seq.augmented_star_gene_counts.tsv	b0456171-4626-425e-afdf-234a6278c570	Transcriptome Profiling	gene_expression	Illumina	4235590	2021-12-13T21:55:48.158748-06:00	3532d0be6bf2ec83e2e320db037b35ec	2024-07-30T09:52:09.877935-05:00	e4f1f27b-24a1-4d01-af87-b2692d092d2a	Gene Expression Quantification	released	RNA-Seq	1	32.0 - 46.0	TCGA-BRCA	f770ebde-9a9c-4a33-a19c-ca2adf339590	released	b05af4cd-19e2-4752-ad71-c36b886f4507_star__counts	https://github.com/NCI-GDC/gdc-rnaseq-cwl/blob/5d8c131bbff59fb0c969217fc1d44e6d1503cd1f/rnaseq-star-align/star2pass.rnaseq_harmonization.cwl	STAR - Counts	5d8c131bbff59fb0c969217fc1d44e6d1503cd1f	Primary Tumor	NA	TCGA-A7-A4SA	TCGA-A7-A4SA-01A
7814e438-105f-4d5b-94fe-8c66e95585ea	TSV	TCGA-AR-A24L-01A-11R-A169-07	open	cfbfbac5-7f44-4537-9a1c-088075a936e6.rna_seq.augmented_star_gene_counts.tsv	2b77e05b-bd6d-4b34-b689-786ce231e8cb	Transcriptome Profiling	gene_expression	Illumina	4255970	2021-12-13T21:53:08.250733-06:00	af41be3a78fe9984bb3eebfe07bc9064	2024-07-30T10:06:44.734660-05:00	7814e438-105f-4d5b-94fe-8c66e95585ea	Gene Expression Quantification	released	RNA-Seq	1	32.0 - 46.0	TCGA-BRCA	7d745803-1c04-4fc2-8240-98c249003b7e	released	cfbfbac5-7f44-4537-9a1c-088075a936e6_star__counts	https://github.com/NCI-GDC/gdc-rnaseq-cwl/blob/5d8c131bbff59fb0c969217fc1d44e6d1503cd1f/rnaseq-star-align/star2pass.rnaseq_harmonization.cwl	STAR - Counts	5d8c131bbff59fb0c969217fc1d44e6d1503cd1f	Primary Tumor	NA	TCGA-AR-A24L	TCGA-AR-A24L-01A
ad8be67e-a885-4d33-8776-fa0a5f9863d1	TSV	TCGA-BH-A1F0-11B-23R-A137-07	open	570b216f-f99d-4be8-b179-48c8d30c6c06.rna_seq.augmented_star_gene_counts.tsv	43fcca42-9f26-48e3-bdfa-6061b471167b	Transcriptome Profiling	gene_expression	Illumina	4255120	2021-12-13T21:56:09.682339-06:00	450b7704515633253e0c950d20aa341d	2024-07-30T10:00:24.530991-05:00	ad8be67e-a885-4d33-8776-fa0a5f9863d1	Gene Expression Quantification	released	RNA-Seq	1	32.0 - 46.0	TCGA-BRCA	8c481e69-e83e-4707-a5cd-ba2c7d765ad9	released	570b216f-f99d-4be8-b179-48c8d30c6c06_star__counts	https://github.com/NCI-GDC/gdc-rnaseq-cwl/blob/5d8c131bbff59fb0c969217fc1d44e6d1503cd1f/rnaseq-star-align/star2pass.rnaseq_harmonization.cwl	STAR - Counts	5d8c131bbff59fb0c969217fc1d44e6d1503cd1f	Solid Tissue Normal	NA	TCGA-BH-A1F0	TCGA-BH-A1F0-11B
e9fe2319-2624-4ac1-9c41-d0ac44608f02	TSV	TCGA-AN-A0FY-01A-11R-A034-07	open	04ed1bfb-533f-4d97-a7e4-3e7bab103485.rna_seq.augmented_star_gene_counts.tsv	29d9ce27-104e-44f4-a965-30187899b0e7	Transcriptome Profiling	gene_expression	Illumina	4254570	2021-12-13T22:14:58.696051-06:00	8a7eeb3cc53080ab1233c87251d9b24f	2024-07-30T09:24:22.883549-05:00	e9fe2319-2624-4ac1-9c41-d0ac44608f02	Gene Expression Quantification	released	RNA-Seq	1	32.0 - 46.0	TCGA-BRCA	8a0f9e77-d8de-4167-a665-4ba0541866f5	released	04ed1bfb-533f-4d97-a7e4-3e7bab103485_star__counts	https://github.com/NCI-GDC/gdc-rnaseq-cwl/blob/5d8c131bbff59fb0c969217fc1d44e6d1503cd1f/rnaseq-star-align/star2pass.rnaseq_harmonization.cwl	STAR - Counts	5d8c131bbff59fb0c969217fc1d44e6d1503cd1f	Primary Tumor	NA	TCGA-AN-A0FY	TCGA-AN-A0FY-01A
afedbcf7-d427-4371-9c2a-f349b03de522	TSV	TCGA-AO-A12E-01A-11R-A10J-07	open	6e209f42-3c0f-4f05-83d7-c982448ccb87.rna_seq.augmented_star_gene_counts.tsv	b93f9a61-ff20-454b-b5eb-3af778048fe4	Transcriptome Profiling	gene_expression	Illumina	4254390	2021-12-13T21:43:56.256772-06:00	8908b49460257b8139db676237244ae9	2024-07-30T09:24:09.828916-05:00	afedbcf7-d427-4371-9c2a-f349b03de522	Gene Expression Quantification	released	RNA-Seq	1	32.0 - 46.0	TCGA-BRCA	c6b05ba6-7e20-4d28-b3cb-7aab49533e19	released	6e209f42-3c0f-4f05-83d7-c982448ccb87_star__counts	https://github.com/NCI-GDC/gdc-rnaseq-cwl/blob/5d8c131bbff59fb0c969217fc1d44e6d1503cd1f/rnaseq-star-align/star2pass.rnaseq_harmonization.cwl	STAR - Counts	5d8c131bbff59fb0c969217fc1d44e6d1503cd1f	Primary Tumor	NA	TCGA-AO-A12E	TCGA-AO-A12E-01A
0525bcb6-d206-46c8-b37d-b9b7cc90fef6	TSV	TCGA-BH-A1F0-01A-11R-A137-07	open	46cdbe65-5610-4903-9452-518fd6d5787d.rna_seq.augmented_star_gene_counts.tsv	c016321f-3e6a-4ed3-85a8-7f442ca2a0e4	Transcriptome Profiling	gene_expression	Illumina	4266236	2021-12-13T22:24:38.949523-06:00	52a46b7bfc448c4d95f6c1dab007c74e	2024-07-30T09:54:04.530011-05:00	0525bcb6-d206-46c8-b37d-b9b7cc90fef6	Gene Expression Quantification	released	RNA-Seq	1	32.0 - 46.0	TCGA-BRCA	6a967b85-7741-4450-8be3-c6aec4790132	released	46cdbe65-5610-4903-9452-518fd6d5787d_star__counts	https://github.com/NCI-GDC/gdc-rnaseq-cwl/blob/5d8c131bbff59fb0c969217fc1d44e6d1503cd1f/rnaseq-star-align/star2pass.rnaseq_harmonization.cwl	STAR - Counts	5d8c131bbff59fb0c969217fc1d44e6d1503cd1f	Primary Tumor	NA	TCGA-BH-A1F0	TCGA-BH-A1F0-01A
8437bf97-2354-40cf-8dc4-631c5d7ae63a	TSV	TCGA-E2-A15J-01A-11R-A12P-07	open	723ed50c-2c78-4a3a-9f6e-9f9e8e264f6b.rna_seq.augmented_star_gene_counts.tsv	92d8a9bf-3080-4f29-a01f-fefa33e56c7d	Transcriptome Profiling	gene_expression	Illumina	4239516	2021-12-13T22:33:42.904700-06:00	5e0c7ea5b06b7b8b14f2346ac7681ef9	2024-07-30T09:27:29.905990-05:00	8437bf97-2354-40cf-8dc4-631c5d7ae63a	Gene Expression Quantification	released	RNA-Seq	1	32.0 - 46.0	TCGA-BRCA	7d72b99b-7dc9-42d5-9f94-2bd6e531bf91	released	723ed50c-2c78-4a3a-9f6e-9f9e8e264f6b_star__counts	https://github.com/NCI-GDC/gdc-rnaseq-cwl/blob/5d8c131bbff59fb0c969217fc1d44e6d1503cd1f/rnaseq-star-align/star2pass.rnaseq_harmonization.cwl	STAR - Counts	5d8c131bbff59fb0c969217fc1d44e6d1503cd1f	Primary Tumor	NA	TCGA-E2-A15J	TCGA-E2-A15J-01A
4cce67eb-0cb7-4c8f-a81e-0e521c2b0168	TSV	TCGA-BH-A0AZ-11A-22R-A12P-07	open	05f4836a-8db8-4dbc-a996-090887bf8a64.rna_seq.augmented_star_gene_counts.tsv	95ed8366-fb94-469b-b690-d7276c1cb782	Transcriptome Profiling	gene_expression	Illumina	4261955	2021-12-13T21:50:42.510838-06:00	fb2875737ffb9fa6fa13ae3c903f683e	2024-07-30T09:45:19.449446-05:00	4cce67eb-0cb7-4c8f-a81e-0e521c2b0168	Gene Expression Quantification	released	RNA-Seq	1	32.0 - 46.0	TCGA-BRCA	77a6cefc-e90c-4859-8efa-6bb152310282	released	05f4836a-8db8-4dbc-a996-090887bf8a64_star__counts	https://github.com/NCI-GDC/gdc-rnaseq-cwl/blob/5d8c131bbff59fb0c969217fc1d44e6d1503cd1f/rnaseq-star-align/star2pass.rnaseq_harmonization.cwl	STAR - Counts	5d8c131bbff59fb0c969217fc1d44e6d1503cd1f	Solid Tissue Normal	NA	TCGA-BH-A0AZ	TCGA-BH-A0AZ-11A
1051db4c-40a5-4a98-a239-d96c986aa349	TSV	TCGA-B6-A0I6-01A-11R-A034-07	open	691c297b-b48d-4e65-84d4-cb4fcdf03fc0.rna_seq.augmented_star_gene_counts.tsv	32019a11-4fbe-4c01-a617-99d0af31d4e2	Transcriptome Profiling	gene_expression	Illumina	4238213	2021-12-13T22:20:24.145453-06:00	115e5acd322d7c31a04cb5c85641907a	2024-07-30T09:31:54.570880-05:00	1051db4c-40a5-4a98-a239-d96c986aa349	Gene Expression Quantification	released	RNA-Seq	1	32.0 - 46.0	TCGA-BRCA	8b94262a-4174-4057-b010-6657ef5245a6	released	691c297b-b48d-4e65-84d4-cb4fcdf03fc0_star__counts	https://github.com/NCI-GDC/gdc-rnaseq-cwl/blob/5d8c131bbff59fb0c969217fc1d44e6d1503cd1f/rnaseq-star-align/star2pass.rnaseq_harmonization.cwl	STAR - Counts	5d8c131bbff59fb0c969217fc1d44e6d1503cd1f	Primary Tumor	NA	TCGA-B6-A0I6	TCGA-B6-A0I6-01A
4ed31cce-6d4f-4c79-a4e4-80eaedd1c4d2	TSV	TCGA-LL-A7SZ-01A-32R-A352-07	open	5b6b8058-474f-4a6a-84c6-0eab99e3b2d3.rna_seq.augmented_star_gene_counts.tsv	48c3e831-9f16-479b-b92c-28e73995b378	Transcriptome Profiling	gene_expression	Illumina	4221574	2021-12-13T22:18:57.701272-06:00	ef845f5092152bbeb639b545cc84064b	2024-07-30T09:45:23.328898-05:00	4ed31cce-6d4f-4c79-a4e4-80eaedd1c4d2	Gene Expression Quantification	released	RNA-Seq	1	32.0 - 46.0	TCGA-BRCA	cec56571-acf9-4614-bd61-9143afd6fc5a	released	5b6b8058-474f-4a6a-84c6-0eab99e3b2d3_star__counts	https://github.com/NCI-GDC/gdc-rnaseq-cwl/blob/5d8c131bbff59fb0c969217fc1d44e6d1503cd1f/rnaseq-star-align/star2pass.rnaseq_harmonization.cwl	STAR - Counts	5d8c131bbff59fb0c969217fc1d44e6d1503cd1f	Primary Tumor	NA	TCGA-LL-A7SZ	TCGA-LL-A7SZ-01A
aa89d193-05a1-4f7f-9291-b9cf646656de	TSV	TCGA-A8-A07W-01A-11R-A00Z-07	open	e06580e9-0b4a-48f7-9522-d54229aefb2d.rna_seq.augmented_star_gene_counts.tsv	f3442321-08bd-40ba-a8ba-ad8113952f72	Transcriptome Profiling	gene_expression	Illumina	4245532	2021-12-13T22:18:42.713280-06:00	4f6befb7a85bb2d42b5d404d26add7ee	2024-07-30T09:28:55.107550-05:00	aa89d193-05a1-4f7f-9291-b9cf646656de	Gene Expression Quantification	released	RNA-Seq	1	32.0 - 46.0	TCGA-BRCA	4414e72c-ca0a-4d76-a692-f490def2a412	released	e06580e9-0b4a-48f7-9522-d54229aefb2d_star__counts	https://github.com/NCI-GDC/gdc-rnaseq-cwl/blob/5d8c131bbff59fb0c969217fc1d44e6d1503cd1f/rnaseq-star-align/star2pass.rnaseq_harmonization.cwl	STAR - Counts	5d8c131bbff59fb0c969217fc1d44e6d1503cd1f	Primary Tumor	NA	TCGA-A8-A07W	TCGA-A8-A07W-01A
6c7f9fc6-3dba-4605-9f0c-d4f00095352f	TSV	TCGA-BH-AB28-01A-31R-A41B-07	open	4ee78309-dea3-486f-95a8-ca283a1b70d9.rna_seq.augmented_star_gene_counts.tsv	d15ad5dd-1bbc-4055-a99c-9309e0fec068	Transcriptome Profiling	gene_expression	Illumina	4244017	2021-12-13T22:25:03.742015-06:00	bc5318dd139db6266d41df00f24ac9b0	2024-07-30T09:26:35.950552-05:00	6c7f9fc6-3dba-4605-9f0c-d4f00095352f	Gene Expression Quantification	released	RNA-Seq	1	32.0 - 46.0	TCGA-BRCA	38d44abb-6776-498c-bc35-f5e21d354563	released	4ee78309-dea3-486f-95a8-ca283a1b70d9_star__counts	https://github.com/NCI-GDC/gdc-rnaseq-cwl/blob/5d8c131bbff59fb0c969217fc1d44e6d1503cd1f/rnaseq-star-align/star2pass.rnaseq_harmonization.cwl	STAR - Counts	5d8c131bbff59fb0c969217fc1d44e6d1503cd1f	Primary Tumor	NA	TCGA-BH-AB28	TCGA-BH-AB28-01A
19520ee7-658f-4e16-8a24-291beed9f0af	TSV	TCGA-A1-A0SQ-01A-21R-A144-07	open	40a31ab3-71fa-4f7b-a3b1-22e15ff0f358.rna_seq.augmented_star_gene_counts.tsv	131bda35-27c3-4e31-9b71-ff604dd38264	Transcriptome Profiling	gene_expression	Illumina	4236321	2021-12-13T22:15:07.150969-06:00	212a0de04619dee541d9e33a4cca2054	2024-07-30T09:40:17.266970-05:00	19520ee7-658f-4e16-8a24-291beed9f0af	Gene Expression Quantification	released	RNA-Seq	1	32.0 - 46.0	TCGA-BRCA	352cc4ed-86be-4143-a20e-6df26d640ecb	released	40a31ab3-71fa-4f7b-a3b1-22e15ff0f358_star__counts	https://github.com/NCI-GDC/gdc-rnaseq-cwl/blob/5d8c131bbff59fb0c969217fc1d44e6d1503cd1f/rnaseq-star-align/star2pass.rnaseq_harmonization.cwl	STAR - Counts	5d8c131bbff59fb0c969217fc1d44e6d1503cd1f	Primary Tumor	NA	TCGA-A1-A0SQ	TCGA-A1-A0SQ-01A
1a000feb-3b71-4f95-8b39-68ec25b64d96	TSV	TCGA-GM-A3XN-01A-12R-A22U-07	open	30a67cbd-940c-40c4-9f86-a8ba9fe63177.rna_seq.augmented_star_gene_counts.tsv	21b96bec-0c2a-47ca-8d19-1e52d9cdb93e	Transcriptome Profiling	gene_expression	Illumina	4255995	2021-12-13T22:11:00.660884-06:00	eb0c825ca7bc47f8fba0b2681d22062d	2024-07-30T09:47:28.599372-05:00	1a000feb-3b71-4f95-8b39-68ec25b64d96	Gene Expression Quantification	released	RNA-Seq	1	32.0 - 46.0	TCGA-BRCA	2e1f9837-7cf4-4298-93b9-56b02a6081b6	released	30a67cbd-940c-40c4-9f86-a8ba9fe63177_star__counts	https://github.com/NCI-GDC/gdc-rnaseq-cwl/blob/5d8c131bbff59fb0c969217fc1d44e6d1503cd1f/rnaseq-star-align/star2pass.rnaseq_harmonization.cwl	STAR - Counts	5d8c131bbff59fb0c969217fc1d44e6d1503cd1f	Primary Tumor	NA	TCGA-GM-A3XN	TCGA-GM-A3XN-01A
02e08315-4d34-421c-acc0-129b1e1de38b	TSV	TCGA-E2-A1IE-01A-11R-A13Q-07	open	4a88d54f-c88c-4ffd-84c9-069b53f2cb28.rna_seq.augmented_star_gene_counts.tsv	186d31a5-86d5-4cf8-8418-b53ea596f4f3	Transcriptome Profiling	gene_expression	Illumina	4252919	2021-12-13T21:59:35.545387-06:00	1fdcecd478e911b9a62234c1de04a7e8	2024-07-30T09:32:27.195482-05:00	02e08315-4d34-421c-acc0-129b1e1de38b	Gene Expression Quantification	released	RNA-Seq	1	32.0 - 46.0	TCGA-BRCA	09c584c6-bd99-4a64-979c-27ef8c44b4b8	released	4a88d54f-c88c-4ffd-84c9-069b53f2cb28_star__counts	https://github.com/NCI-GDC/gdc-rnaseq-cwl/blob/5d8c131bbff59fb0c969217fc1d44e6d1503cd1f/rnaseq-star-align/star2pass.rnaseq_harmonization.cwl	STAR - Counts	5d8c131bbff59fb0c969217fc1d44e6d1503cd1f	Primary Tumor	NA	TCGA-E2-A1IE	TCGA-E2-A1IE-01A
987d401a-3e68-414e-8067-afe277b02fad	TSV	TCGA-A2-A0ES-01A-11R-A115-07	open	f6f90b5a-51c6-4402-aab5-081f5e2931a0.rna_seq.augmented_star_gene_counts.tsv	165c81a7-8c3c-4378-9208-599b6f65bcbe	Transcriptome Profiling	gene_expression	Illumina	4248480	2021-12-13T22:21:07.939702-06:00	0fb260d46c83109f2b41663b4175153b	2024-07-30T09:45:22.127987-05:00	987d401a-3e68-414e-8067-afe277b02fad	Gene Expression Quantification	released	RNA-Seq	1	32.0 - 46.0	TCGA-BRCA	65b6c18b-7dd7-460b-be20-7b72b9f378d2	released	f6f90b5a-51c6-4402-aab5-081f5e2931a0_star__counts	https://github.com/NCI-GDC/gdc-rnaseq-cwl/blob/5d8c131bbff59fb0c969217fc1d44e6d1503cd1f/rnaseq-star-align/star2pass.rnaseq_harmonization.cwl	STAR - Counts	5d8c131bbff59fb0c969217fc1d44e6d1503cd1f	Primary Tumor	NA	TCGA-A2-A0ES	TCGA-A2-A0ES-01A
aedc877a-f4b9-4657-b5c9-b7768b5751c9	TSV	TCGA-AC-A7VC-01A-11R-A352-07	open	ac792e04-54f4-4c6c-9cb5-23a7c1a4ed0b.rna_seq.augmented_star_gene_counts.tsv	ae0e1f3d-3afe-41d8-a73d-8ac5b4197182	Transcriptome Profiling	gene_expression	Illumina	4225267	2021-12-13T22:38:51.391609-06:00	9f6731176c4a2b40f73597071239a28c	2024-07-30T09:32:44.589678-05:00	aedc877a-f4b9-4657-b5c9-b7768b5751c9	Gene Expression Quantification	released	RNA-Seq	1	32.0 - 46.0	TCGA-BRCA	afe8ec8e-959e-43fe-b2ff-b16d846d3cd0	released	ac792e04-54f4-4c6c-9cb5-23a7c1a4ed0b_star__counts	https://github.com/NCI-GDC/gdc-rnaseq-cwl/blob/5d8c131bbff59fb0c969217fc1d44e6d1503cd1f/rnaseq-star-align/star2pass.rnaseq_harmonization.cwl	STAR - Counts	5d8c131bbff59fb0c969217fc1d44e6d1503cd1f	Primary Tumor	NA	TCGA-AC-A7VC	TCGA-AC-A7VC-01A
1eca5ea8-093a-494d-968b-2ffcfe2b4604	TSV	TCGA-D8-A1XG-01A-11R-A14D-07	open	1cb7f73e-af63-4d6a-b6a1-fe289435a93f.rna_seq.augmented_star_gene_counts.tsv	7a8ed80b-3289-49df-a13c-eedf0776229e	Transcriptome Profiling	gene_expression	Illumina	4241317	2021-12-13T22:28:37.491502-06:00	dca828ae93845a901b345199410a5733	2024-07-30T09:51:01.828644-05:00	1eca5ea8-093a-494d-968b-2ffcfe2b4604	Gene Expression Quantification	released	RNA-Seq	1	32.0 - 46.0	TCGA-BRCA	a5edf95e-b452-466d-82a6-49ce980c1545	released	1cb7f73e-af63-4d6a-b6a1-fe289435a93f_star__counts	https://github.com/NCI-GDC/gdc-rnaseq-cwl/blob/5d8c131bbff59fb0c969217fc1d44e6d1503cd1f/rnaseq-star-align/star2pass.rnaseq_harmonization.cwl	STAR - Counts	5d8c131bbff59fb0c969217fc1d44e6d1503cd1f	Primary Tumor	NA	TCGA-D8-A1XG	TCGA-D8-A1XG-01A
35fd75aa-21e8-49c0-8b40-159839c3cc19	TSV	TCGA-BH-A0BT-01A-11R-A12P-07	open	7de22a44-8f58-4a73-90a3-a16d161160e8.rna_seq.augmented_star_gene_counts.tsv	be2d9ebc-3cea-431f-9e6a-592aa83ce398	Transcriptome Profiling	gene_expression	Illumina	4241494	2021-12-13T22:35:05.256610-06:00	b0c46031272e8c209a2eab5edbb73e57	2024-07-30T10:03:45.408042-05:00	35fd75aa-21e8-49c0-8b40-159839c3cc19	Gene Expression Quantification	released	RNA-Seq	1	32.0 - 46.0	TCGA-BRCA	1f43002d-ed33-4579-be0e-6520c7814bbe	released	7de22a44-8f58-4a73-90a3-a16d161160e8_star__counts	https://github.com/NCI-GDC/gdc-rnaseq-cwl/blob/5d8c131bbff59fb0c969217fc1d44e6d1503cd1f/rnaseq-star-align/star2pass.rnaseq_harmonization.cwl	STAR - Counts	5d8c131bbff59fb0c969217fc1d44e6d1503cd1f	Primary Tumor	NA	TCGA-BH-A0BT	TCGA-BH-A0BT-01A
fc9fab5b-52f0-4c79-bdf3-750c650a0fdc	TSV	TCGA-A2-A3XY-01A-11R-A239-07	open	ea43014e-5b51-4b3c-b16b-6d58df9f4a1d.rna_seq.augmented_star_gene_counts.tsv	e6532717-d349-4a6b-bfbc-002a200bcb90	Transcriptome Profiling	gene_expression	Illumina	4260228	2021-12-13T22:30:16.066053-06:00	c656732fd2ed7fd3b998f13ca7e34fc6	2024-07-30T08:51:44.948332-05:00	fc9fab5b-52f0-4c79-bdf3-750c650a0fdc	Gene Expression Quantification	released	RNA-Seq	1	32.0 - 46.0	TCGA-BRCA	ec150c49-7fcb-4655-95db-4429359c9da1	released	ea43014e-5b51-4b3c-b16b-6d58df9f4a1d_star__counts	https://github.com/NCI-GDC/gdc-rnaseq-cwl/blob/5d8c131bbff59fb0c969217fc1d44e6d1503cd1f/rnaseq-star-align/star2pass.rnaseq_harmonization.cwl	STAR - Counts	5d8c131bbff59fb0c969217fc1d44e6d1503cd1f	Primary Tumor	NA	TCGA-A2-A3XY	TCGA-A2-A3XY-01A
9ccdf2cc-ca01-4ef7-bed9-f955fd0396c2	TSV	TCGA-BH-A0EA-01A-11R-A115-07	open	1d65448f-dcba-432b-98d5-f7e87de4f9f6.rna_seq.augmented_star_gene_counts.tsv	59f949b9-8d40-4713-aa7f-10d54cde4bcb	Transcriptome Profiling	gene_expression	Illumina	4241210	2021-12-13T22:06:54.322991-06:00	3faca7c4b12ad95b13868f199949bf72	2024-07-30T09:37:31.972576-05:00	9ccdf2cc-ca01-4ef7-bed9-f955fd0396c2	Gene Expression Quantification	released	RNA-Seq	1	32.0 - 46.0	TCGA-BRCA	b8df139a-9ad7-479c-95d6-15ea54286832	released	1d65448f-dcba-432b-98d5-f7e87de4f9f6_star__counts	https://github.com/NCI-GDC/gdc-rnaseq-cwl/blob/5d8c131bbff59fb0c969217fc1d44e6d1503cd1f/rnaseq-star-align/star2pass.rnaseq_harmonization.cwl	STAR - Counts	5d8c131bbff59fb0c969217fc1d44e6d1503cd1f	Primary Tumor	NA	TCGA-BH-A0EA	TCGA-BH-A0EA-01A
89409cf3-e710-47fd-af3c-6f8f0dec7c90	TSV	TCGA-A7-A26E-01A-11R-A277-07	open	e6bad6ec-c178-4684-99e8-2504781a022b.rna_seq.augmented_star_gene_counts.tsv	e7f438b1-23bb-4330-ad43-432d600b314c	Transcriptome Profiling	gene_expression	Illumina	4212897	2021-12-13T22:29:39.372118-06:00	065c8923da34b05c559a4f446e12cffa	2024-07-30T10:06:58.308638-05:00	89409cf3-e710-47fd-af3c-6f8f0dec7c90	Gene Expression Quantification	released	RNA-Seq	1	32.0 - 46.0	TCGA-BRCA	9e228bcd-5842-4798-ab7e-63d9dcfdb6f8	released	e6bad6ec-c178-4684-99e8-2504781a022b_star__counts	https://github.com/NCI-GDC/gdc-rnaseq-cwl/blob/5d8c131bbff59fb0c969217fc1d44e6d1503cd1f/rnaseq-star-align/star2pass.rnaseq_harmonization.cwl	STAR - Counts	5d8c131bbff59fb0c969217fc1d44e6d1503cd1f	Primary Tumor	NA	TCGA-A7-A26E	TCGA-A7-A26E-01A
e5016a2d-c839-4962-aa12-16b6c0e1328b	TSV	TCGA-B6-A0IO-01A-11R-A034-07	open	9634f770-bc93-4dfa-949c-98a6da30a102.rna_seq.augmented_star_gene_counts.tsv	a79567bf-a5d9-41cf-aa9e-58b85150ca95	Transcriptome Profiling	gene_expression	Illumina	4245166	2021-12-13T21:51:37.769967-06:00	317294299af0bce355aa417df10f7990	2024-07-30T09:18:15.934008-05:00	e5016a2d-c839-4962-aa12-16b6c0e1328b	Gene Expression Quantification	released	RNA-Seq	1	32.0 - 46.0	TCGA-BRCA	9ca17213-3d15-4586-a7a7-1de1311f177b	released	9634f770-bc93-4dfa-949c-98a6da30a102_star__counts	https://github.com/NCI-GDC/gdc-rnaseq-cwl/blob/5d8c131bbff59fb0c969217fc1d44e6d1503cd1f/rnaseq-star-align/star2pass.rnaseq_harmonization.cwl	STAR - Counts	5d8c131bbff59fb0c969217fc1d44e6d1503cd1f	Primary Tumor	NA	TCGA-B6-A0IO	TCGA-B6-A0IO-01A
ea1fadc2-1cdc-4658-9619-eeb26ae09da8	TSV	TCGA-BH-A0H7-11A-13R-A089-07	open	9ee600fe-20c7-4b1f-b08f-15d3d38a5c52.rna_seq.augmented_star_gene_counts.tsv	4a41ab86-3fe8-434d-96d7-2f904d994ede	Transcriptome Profiling	gene_expression	Illumina	4247558	2021-12-13T21:54:34.562512-06:00	151e826089cfc5f25208381c730421d1	2024-07-30T09:23:36.823835-05:00	ea1fadc2-1cdc-4658-9619-eeb26ae09da8	Gene Expression Quantification	released	RNA-Seq	1	32.0 - 46.0	TCGA-BRCA	6a1f748d-d287-4332-9ec6-0870166c72a7	released	9ee600fe-20c7-4b1f-b08f-15d3d38a5c52_star__counts	https://github.com/NCI-GDC/gdc-rnaseq-cwl/blob/5d8c131bbff59fb0c969217fc1d44e6d1503cd1f/rnaseq-star-align/star2pass.rnaseq_harmonization.cwl	STAR - Counts	5d8c131bbff59fb0c969217fc1d44e6d1503cd1f	Solid Tissue Normal	NA	TCGA-BH-A0H7	TCGA-BH-A0H7-11A
da7f48b2-3bed-4824-8de7-187d0b22f54d	TSV	TCGA-C8-A1HF-01A-11R-A137-07	open	0a72c39e-889a-4990-bf96-6c7b9b8c1124.rna_seq.augmented_star_gene_counts.tsv	d14528fe-617f-4702-9be4-daf7ff7319d2	Transcriptome Profiling	gene_expression	Illumina	4248039	2021-12-13T22:00:57.512522-06:00	bd54e7e9567e40faff2f94604c9f90a1	2024-07-30T09:43:23.555096-05:00	da7f48b2-3bed-4824-8de7-187d0b22f54d	Gene Expression Quantification	released	RNA-Seq	1	32.0 - 46.0	TCGA-BRCA	77712c90-d343-46bd-b87f-d76cc6e09e04	released	0a72c39e-889a-4990-bf96-6c7b9b8c1124_star__counts	https://github.com/NCI-GDC/gdc-rnaseq-cwl/blob/5d8c131bbff59fb0c969217fc1d44e6d1503cd1f/rnaseq-star-align/star2pass.rnaseq_harmonization.cwl	STAR - Counts	5d8c131bbff59fb0c969217fc1d44e6d1503cd1f	Primary Tumor	NA	TCGA-C8-A1HF	TCGA-C8-A1HF-01A
f30b7e3e-f26d-47f7-a87f-6c1a4f074f65	TSV	TCGA-B6-A0IQ-01A-11R-A034-07	open	a7bca7c2-8c54-4ad1-9deb-7f77c962bb07.rna_seq.augmented_star_gene_counts.tsv	a9e71460-c547-42c9-8625-e798af04b153	Transcriptome Profiling	gene_expression	Illumina	4253516	2021-12-13T22:01:23.119642-06:00	4b87e94f6fa77db5b14428fa8d5b2de8	2024-07-30T09:57:36.565712-05:00	f30b7e3e-f26d-47f7-a87f-6c1a4f074f65	Gene Expression Quantification	released	RNA-Seq	1	32.0 - 46.0	TCGA-BRCA	1399f806-e1fb-4466-9cbc-43a8d14c89c6	released	a7bca7c2-8c54-4ad1-9deb-7f77c962bb07_star__counts	https://github.com/NCI-GDC/gdc-rnaseq-cwl/blob/5d8c131bbff59fb0c969217fc1d44e6d1503cd1f/rnaseq-star-align/star2pass.rnaseq_harmonization.cwl	STAR - Counts	5d8c131bbff59fb0c969217fc1d44e6d1503cd1f	Primary Tumor	NA	TCGA-B6-A0IQ	TCGA-B6-A0IQ-01A
0081f507-b104-4214-9ea1-31dd69130991	TSV	TCGA-E2-A14U-01A-11R-A22K-07	open	b321a3f5-043d-42c6-8c9d-5784d45cb85c.rna_seq.augmented_star_gene_counts.tsv	77fd98ce-44d4-4130-86f5-1eb1562cb7b1	Transcriptome Profiling	gene_expression	Illumina	4254905	2021-12-13T21:44:09.144352-06:00	6fee2c3426fa94061cbb665386794be3	2024-07-30T10:00:14.652185-05:00	0081f507-b104-4214-9ea1-31dd69130991	Gene Expression Quantification	released	RNA-Seq	1	32.0 - 46.0	TCGA-BRCA	2adf1dcd-5dea-48e8-93ea-9668683d6d87	released	b321a3f5-043d-42c6-8c9d-5784d45cb85c_star__counts	https://github.com/NCI-GDC/gdc-rnaseq-cwl/blob/5d8c131bbff59fb0c969217fc1d44e6d1503cd1f/rnaseq-star-align/star2pass.rnaseq_harmonization.cwl	STAR - Counts	5d8c131bbff59fb0c969217fc1d44e6d1503cd1f	Primary Tumor	NA	TCGA-E2-A14U	TCGA-E2-A14U-01A
c441b2f1-d5ad-4aae-a37e-946579ff604f	TSV	TCGA-OL-A5RW-01A-11R-A28M-07	open	5c957f54-8c46-4f13-a22b-49c175e8af3a.rna_seq.augmented_star_gene_counts.tsv	e9f8117f-f2e4-4f0e-8268-e1e00e2482e6	Transcriptome Profiling	gene_expression	Illumina	4236518	2021-12-13T21:48:13.722821-06:00	9469b9b62c3edbe21e94469359127c09	2024-07-30T09:52:17.429254-05:00	c441b2f1-d5ad-4aae-a37e-946579ff604f	Gene Expression Quantification	released	RNA-Seq	1	32.0 - 46.0	TCGA-BRCA	fefccaa5-efd9-421e-83e4-ad8c09bcb4d9	released	5c957f54-8c46-4f13-a22b-49c175e8af3a_star__counts	https://github.com/NCI-GDC/gdc-rnaseq-cwl/blob/5d8c131bbff59fb0c969217fc1d44e6d1503cd1f/rnaseq-star-align/star2pass.rnaseq_harmonization.cwl	STAR - Counts	5d8c131bbff59fb0c969217fc1d44e6d1503cd1f	Primary Tumor	NA	TCGA-OL-A5RW	TCGA-OL-A5RW-01A
da84f488-af86-4472-bf87-063a9137e1db	TSV	TCGA-BH-A0BT-11A-21R-A12P-07	open	8aed99b7-de49-4e7e-8fb3-17d897c03e00.rna_seq.augmented_star_gene_counts.tsv	830258ed-6d7c-4be1-88d5-6fb139e0db24	Transcriptome Profiling	gene_expression	Illumina	4247511	2021-12-13T22:43:05.564654-06:00	179ff61f318da41996d78cfc8688d024	2024-07-30T09:48:21.847453-05:00	da84f488-af86-4472-bf87-063a9137e1db	Gene Expression Quantification	released	RNA-Seq	1	32.0 - 46.0	TCGA-BRCA	12dbfca0-036d-4c6d-b662-ae6d111790f3	released	8aed99b7-de49-4e7e-8fb3-17d897c03e00_star__counts	https://github.com/NCI-GDC/gdc-rnaseq-cwl/blob/5d8c131bbff59fb0c969217fc1d44e6d1503cd1f/rnaseq-star-align/star2pass.rnaseq_harmonization.cwl	STAR - Counts	5d8c131bbff59fb0c969217fc1d44e6d1503cd1f	Solid Tissue Normal	NA	TCGA-BH-A0BT	TCGA-BH-A0BT-11A
a4fc84b0-29ff-4994-b493-1102a044838d	TSV	TCGA-B6-A0X0-01A-21R-A115-07	open	4d54d278-9d82-4681-9b6a-247e79a9a83e.rna_seq.augmented_star_gene_counts.tsv	14f8444d-3c51-470d-b731-db1062566896	Transcriptome Profiling	gene_expression	Illumina	4221988	2021-12-13T22:16:56.901611-06:00	9f16d478d18e701ad97fe9a61ba1052c	2024-07-30T10:01:45.101172-05:00	a4fc84b0-29ff-4994-b493-1102a044838d	Gene Expression Quantification	released	RNA-Seq	1	32.0 - 46.0	TCGA-BRCA	d0a4dc27-a7bb-401e-992c-dafc48dd2046	released	4d54d278-9d82-4681-9b6a-247e79a9a83e_star__counts	https://github.com/NCI-GDC/gdc-rnaseq-cwl/blob/5d8c131bbff59fb0c969217fc1d44e6d1503cd1f/rnaseq-star-align/star2pass.rnaseq_harmonization.cwl	STAR - Counts	5d8c131bbff59fb0c969217fc1d44e6d1503cd1f	Primary Tumor	NA	TCGA-B6-A0X0	TCGA-B6-A0X0-01A
7d1c40bf-6119-4f2b-bb33-3ba23546799f	TSV	TCGA-LD-A7W5-01A-22R-A352-07	open	b0a1f575-657f-4277-95dd-0e02e77279fe.rna_seq.augmented_star_gene_counts.tsv	c5ebdb1d-4855-4233-98a7-6ca7db2e3df7	Transcriptome Profiling	gene_expression	Illumina	4257241	2021-12-13T22:02:35.687692-06:00	dfb54e76bcca6bc490238c6f73cfe026	2024-07-30T10:04:58.949118-05:00	7d1c40bf-6119-4f2b-bb33-3ba23546799f	Gene Expression Quantification	released	RNA-Seq	1	32.0 - 46.0	TCGA-BRCA	d04a2852-65e2-44ce-a0cc-dc3eefc7390a	released	b0a1f575-657f-4277-95dd-0e02e77279fe_star__counts	https://github.com/NCI-GDC/gdc-rnaseq-cwl/blob/5d8c131bbff59fb0c969217fc1d44e6d1503cd1f/rnaseq-star-align/star2pass.rnaseq_harmonization.cwl	STAR - Counts	5d8c131bbff59fb0c969217fc1d44e6d1503cd1f	Primary Tumor	NA	TCGA-LD-A7W5	TCGA-LD-A7W5-01A
fd94a0ed-37d8-49a5-af96-e2160a9e6096	TSV	TCGA-BH-A18P-11A-43R-A12D-07	open	f8cfabf6-dc25-4141-be6c-817dd439a74b.rna_seq.augmented_star_gene_counts.tsv	50dc8ca3-d4d8-4f81-80a7-2b0bd11a03cb	Transcriptome Profiling	gene_expression	Illumina	4239967	2021-12-13T22:23:16.596114-06:00	b8fc778c645804d3dd57d7b2faa1bdf8	2024-07-30T10:08:58.312465-05:00	fd94a0ed-37d8-49a5-af96-e2160a9e6096	Gene Expression Quantification	released	RNA-Seq	1	32.0 - 46.0	TCGA-BRCA	c5b3da10-abba-4ac7-af1d-b631c7eae34d	released	f8cfabf6-dc25-4141-be6c-817dd439a74b_star__counts	https://github.com/NCI-GDC/gdc-rnaseq-cwl/blob/5d8c131bbff59fb0c969217fc1d44e6d1503cd1f/rnaseq-star-align/star2pass.rnaseq_harmonization.cwl	STAR - Counts	5d8c131bbff59fb0c969217fc1d44e6d1503cd1f	Solid Tissue Normal	NA	TCGA-BH-A18P	TCGA-BH-A18P-11A
3e0c80d6-5091-454c-ad27-eb513cf6f45d	TSV	TCGA-GI-A2C9-01A-11R-A21T-07	open	b161c26d-64b1-4e03-94da-4f9b9de25e88.rna_seq.augmented_star_gene_counts.tsv	20b6e579-41d8-4bd2-b20b-f78ff4257c82	Transcriptome Profiling	gene_expression	Illumina	4248818	2021-12-13T21:59:30.042987-06:00	95dab2fffc861226d58a651c28a1b1b2	2024-07-30T09:26:40.811346-05:00	3e0c80d6-5091-454c-ad27-eb513cf6f45d	Gene Expression Quantification	released	RNA-Seq	1	32.0 - 46.0	TCGA-BRCA	4368d149-90dc-4c52-99d8-19ec07470791	released	b161c26d-64b1-4e03-94da-4f9b9de25e88_star__counts	https://github.com/NCI-GDC/gdc-rnaseq-cwl/blob/5d8c131bbff59fb0c969217fc1d44e6d1503cd1f/rnaseq-star-align/star2pass.rnaseq_harmonization.cwl	STAR - Counts	5d8c131bbff59fb0c969217fc1d44e6d1503cd1f	Primary Tumor	NA	TCGA-GI-A2C9	TCGA-GI-A2C9-01A
78805478-bf7a-4d7b-8c4f-15e334430efd	TSV	TCGA-E2-A15H-01A-11R-A12D-07	open	ed9b3b6b-c2c2-41a2-ac61-dd2cfbb321ba.rna_seq.augmented_star_gene_counts.tsv	ebb533d0-0a2c-459c-9e84-d2c3e08f1978	Transcriptome Profiling	gene_expression	Illumina	4241329	2021-12-13T22:06:14.844704-06:00	952b64bcfd7f856f5d1bd19245986d5d	2024-07-30T09:57:26.802117-05:00	78805478-bf7a-4d7b-8c4f-15e334430efd	Gene Expression Quantification	released	RNA-Seq	1	32.0 - 46.0	TCGA-BRCA	3886b3aa-e237-4a24-a0a8-c16fa53283f7	released	ed9b3b6b-c2c2-41a2-ac61-dd2cfbb321ba_star__counts	https://github.com/NCI-GDC/gdc-rnaseq-cwl/blob/5d8c131bbff59fb0c969217fc1d44e6d1503cd1f/rnaseq-star-align/star2pass.rnaseq_harmonization.cwl	STAR - Counts	5d8c131bbff59fb0c969217fc1d44e6d1503cd1f	Primary Tumor	NA	TCGA-E2-A15H	TCGA-E2-A15H-01A
9dc09c86-c728-4bd9-b2b6-2d9962dad662	TSV	TCGA-EW-A2FS-01A-11R-A17B-07	open	d1f1743c-5fd9-4ae8-90c2-8c3e2d475d1b.rna_seq.augmented_star_gene_counts.tsv	da44e611-ff43-4958-bf7e-cca4ad82e9a8	Transcriptome Profiling	gene_expression	Illumina	4251380	2021-12-13T21:48:25.054178-06:00	24d42f590b663170a1f908a75917da90	2024-07-30T10:07:57.973605-05:00	9dc09c86-c728-4bd9-b2b6-2d9962dad662	Gene Expression Quantification	released	RNA-Seq	1	32.0 - 46.0	TCGA-BRCA	6bce10a9-c27f-4fa4-a6a0-0ba4a9725c6f	released	d1f1743c-5fd9-4ae8-90c2-8c3e2d475d1b_star__counts	https://github.com/NCI-GDC/gdc-rnaseq-cwl/blob/5d8c131bbff59fb0c969217fc1d44e6d1503cd1f/rnaseq-star-align/star2pass.rnaseq_harmonization.cwl	STAR - Counts	5d8c131bbff59fb0c969217fc1d44e6d1503cd1f	Primary Tumor	NA	TCGA-EW-A2FS	TCGA-EW-A2FS-01A
ed1497db-7c6f-4bd2-83ed-ee05fa286f8b	TSV	TCGA-C8-A130-01A-31R-A115-07	open	ca701a41-b397-48b7-bad4-09ef8b4eb462.rna_seq.augmented_star_gene_counts.tsv	b3d38744-da96-488d-a85c-7c5530675b07	Transcriptome Profiling	gene_expression	Illumina	4245305	2021-12-13T22:27:44.958422-06:00	0109c6791e06b2d9e6f19e416ebe4537	2024-07-30T09:22:00.285768-05:00	ed1497db-7c6f-4bd2-83ed-ee05fa286f8b	Gene Expression Quantification	released	RNA-Seq	1	32.0 - 46.0	TCGA-BRCA	0c0fcf69-235d-4aaf-a705-54d0ffb7a888	released	ca701a41-b397-48b7-bad4-09ef8b4eb462_star__counts	https://github.com/NCI-GDC/gdc-rnaseq-cwl/blob/5d8c131bbff59fb0c969217fc1d44e6d1503cd1f/rnaseq-star-align/star2pass.rnaseq_harmonization.cwl	STAR - Counts	5d8c131bbff59fb0c969217fc1d44e6d1503cd1f	Primary Tumor	NA	TCGA-C8-A130	TCGA-C8-A130-01A
f1dc7a14-29f1-4fe1-bc67-01e0776d6b40	TSV	TCGA-OL-A5RV-01A-12R-A28M-07	open	00a26384-1b1c-4db4-9664-75fb9b3febdb.rna_seq.augmented_star_gene_counts.tsv	2edb0dbd-4778-46a9-b5d2-264dddf8a2d8	Transcriptome Profiling	gene_expression	Illumina	4249777	2021-12-13T21:57:18.575568-06:00	c37c8d05e1c8764e281094f3b7124c63	2024-07-30T09:42:08.416307-05:00	f1dc7a14-29f1-4fe1-bc67-01e0776d6b40	Gene Expression Quantification	released	RNA-Seq	1	32.0 - 46.0	TCGA-BRCA	091b8d4b-a786-4723-b637-c5b4657475b7	released	00a26384-1b1c-4db4-9664-75fb9b3febdb_star__counts	https://github.com/NCI-GDC/gdc-rnaseq-cwl/blob/5d8c131bbff59fb0c969217fc1d44e6d1503cd1f/rnaseq-star-align/star2pass.rnaseq_harmonization.cwl	STAR - Counts	5d8c131bbff59fb0c969217fc1d44e6d1503cd1f	Primary Tumor	NA	TCGA-OL-A5RV	TCGA-OL-A5RV-01A
9dc47384-64df-48c7-9d41-921d6021ef9c	TSV	TCGA-BH-A0B8-11A-41R-A089-07	open	8e6bbb91-f5de-4615-8a29-37c8f401dbe9.rna_seq.augmented_star_gene_counts.tsv	6b26cbfa-d7d4-49a7-8170-343c61e075bd	Transcriptome Profiling	gene_expression	Illumina	4232380	2021-12-13T22:21:37.818228-06:00	9c9b1f4d9b2932edff48f6c2bc886550	2024-07-30T10:08:15.321144-05:00	9dc47384-64df-48c7-9d41-921d6021ef9c	Gene Expression Quantification	released	RNA-Seq	1	32.0 - 46.0	TCGA-BRCA	faf86720-90f4-4fc5-92d1-a383f4593458	released	8e6bbb91-f5de-4615-8a29-37c8f401dbe9_star__counts	https://github.com/NCI-GDC/gdc-rnaseq-cwl/blob/5d8c131bbff59fb0c969217fc1d44e6d1503cd1f/rnaseq-star-align/star2pass.rnaseq_harmonization.cwl	STAR - Counts	5d8c131bbff59fb0c969217fc1d44e6d1503cd1f	Solid Tissue Normal	NA	TCGA-BH-A0B8	TCGA-BH-A0B8-11A
77e51e8b-b21e-458a-9d00-217baa96d771	TSV	TCGA-BH-A0E7-01A-11R-A034-07	open	28f3a34c-f73a-4d10-8c0a-23e578866289.rna_seq.augmented_star_gene_counts.tsv	60891b29-885e-4a52-ad10-89338ecb8ba4	Transcriptome Profiling	gene_expression	Illumina	4246807	2021-12-13T22:33:34.808307-06:00	b9fdd342c07759148cabcd2a8c2aee62	2024-07-30T10:06:47.156811-05:00	77e51e8b-b21e-458a-9d00-217baa96d771	Gene Expression Quantification	released	RNA-Seq	1	32.0 - 46.0	TCGA-BRCA	64f71dbf-053d-4acc-8928-627aefbdcaa4	released	28f3a34c-f73a-4d10-8c0a-23e578866289_star__counts	https://github.com/NCI-GDC/gdc-rnaseq-cwl/blob/5d8c131bbff59fb0c969217fc1d44e6d1503cd1f/rnaseq-star-align/star2pass.rnaseq_harmonization.cwl	STAR - Counts	5d8c131bbff59fb0c969217fc1d44e6d1503cd1f	Primary Tumor	NA	TCGA-BH-A0E7	TCGA-BH-A0E7-01A
2a73e390-7415-486e-8d15-d9ea6ede09ba	TSV	TCGA-AC-A5XS-01A-11R-A29R-07	open	5b875575-24fd-40c1-910c-38775c73004e.rna_seq.augmented_star_gene_counts.tsv	5c672c57-0930-438b-8c89-f6b198496f62	Transcriptome Profiling	gene_expression	Illumina	4238674	2021-12-13T22:26:11.099539-06:00	424b7b15644d073cc47ba937fd406027	2024-07-30T10:06:39.899025-05:00	2a73e390-7415-486e-8d15-d9ea6ede09ba	Gene Expression Quantification	released	RNA-Seq	1	32.0 - 46.0	TCGA-BRCA	c26acee1-5522-4938-8da5-7a1b3043d9ef	released	5b875575-24fd-40c1-910c-38775c73004e_star__counts	https://github.com/NCI-GDC/gdc-rnaseq-cwl/blob/5d8c131bbff59fb0c969217fc1d44e6d1503cd1f/rnaseq-star-align/star2pass.rnaseq_harmonization.cwl	STAR - Counts	5d8c131bbff59fb0c969217fc1d44e6d1503cd1f	Primary Tumor	NA	TCGA-AC-A5XS	TCGA-AC-A5XS-01A
4df2233b-3bbc-4d20-9abc-2a09b3f37383	TSV	TCGA-BH-A0DO-11A-22R-A12D-07	open	eb0f8bc7-5f47-4174-8e85-678bd011bc3c.rna_seq.augmented_star_gene_counts.tsv	5b0ea085-b3d6-4f53-b97e-e97ba519caa7	Transcriptome Profiling	gene_expression	Illumina	4251762	2021-12-13T21:54:31.113978-06:00	2a9f52c2eadf6f18224c9f2f8778e873	2024-07-30T09:35:21.512235-05:00	4df2233b-3bbc-4d20-9abc-2a09b3f37383	Gene Expression Quantification	released	RNA-Seq	1	32.0 - 46.0	TCGA-BRCA	61b03d22-7dd3-48f9-94f6-d267b59144f4	released	eb0f8bc7-5f47-4174-8e85-678bd011bc3c_star__counts	https://github.com/NCI-GDC/gdc-rnaseq-cwl/blob/5d8c131bbff59fb0c969217fc1d44e6d1503cd1f/rnaseq-star-align/star2pass.rnaseq_harmonization.cwl	STAR - Counts	5d8c131bbff59fb0c969217fc1d44e6d1503cd1f	Solid Tissue Normal	NA	TCGA-BH-A0DO	TCGA-BH-A0DO-11A
a260d9e5-d88e-44eb-8431-4266c1baf68a	TSV	TCGA-AC-A2QJ-01A-12R-A19W-07	open	9c20991b-fb37-4984-8b57-2c1fa8112d1a.rna_seq.augmented_star_gene_counts.tsv	15f27716-6a10-4b6f-8322-75fb0f9c46e0	Transcriptome Profiling	gene_expression	Illumina	4222815	2021-12-13T22:30:41.054546-06:00	8439e7ee7f371c0c298f95689b26ea7c	2024-07-30T09:31:12.421078-05:00	a260d9e5-d88e-44eb-8431-4266c1baf68a	Gene Expression Quantification	released	RNA-Seq	1	32.0 - 46.0	TCGA-BRCA	169e778b-fb81-43e7-83df-1792a9dd3de4	released	9c20991b-fb37-4984-8b57-2c1fa8112d1a_star__counts	https://github.com/NCI-GDC/gdc-rnaseq-cwl/blob/5d8c131bbff59fb0c969217fc1d44e6d1503cd1f/rnaseq-star-align/star2pass.rnaseq_harmonization.cwl	STAR - Counts	5d8c131bbff59fb0c969217fc1d44e6d1503cd1f	Primary Tumor	NA	TCGA-AC-A2QJ	TCGA-AC-A2QJ-01A
b1d29048-b913-40d9-bb58-97c107b95e8d	TSV	TCGA-A7-A426-01A-22R-A24H-07	open	3719879b-e7b9-42b4-974c-f69735086cad.rna_seq.augmented_star_gene_counts.tsv	9ad47805-b90f-4a19-9c50-aff9b0ff9c58	Transcriptome Profiling	gene_expression	Illumina	4264805	2021-12-13T22:10:59.391533-06:00	12f25f309067c13ff17c30e590ca2c94	2024-07-30T10:03:58.652727-05:00	b1d29048-b913-40d9-bb58-97c107b95e8d	Gene Expression Quantification	released	RNA-Seq	1	32.0 - 46.0	TCGA-BRCA	7822ac28-c7c9-49a1-8e9d-5f52c4364014	released	3719879b-e7b9-42b4-974c-f69735086cad_star__counts	https://github.com/NCI-GDC/gdc-rnaseq-cwl/blob/5d8c131bbff59fb0c969217fc1d44e6d1503cd1f/rnaseq-star-align/star2pass.rnaseq_harmonization.cwl	STAR - Counts	5d8c131bbff59fb0c969217fc1d44e6d1503cd1f	Primary Tumor	NA	TCGA-A7-A426	TCGA-A7-A426-01A
5bee33e8-6c0e-4b47-b5b4-a82bf5784d81	TSV	TCGA-AC-A2FE-01A-11R-A19W-07	open	9cb6482e-6f20-4aad-986c-7ccea66b7cc8.rna_seq.augmented_star_gene_counts.tsv	5fcdc020-3f69-4787-a9f3-ddb67ca68b3e	Transcriptome Profiling	gene_expression	Illumina	4252498	2021-12-13T21:57:21.363405-06:00	1fd96ef0ad510184ed3f47f77c7742c1	2024-07-30T09:53:14.189211-05:00	5bee33e8-6c0e-4b47-b5b4-a82bf5784d81	Gene Expression Quantification	released	RNA-Seq	1	32.0 - 46.0	TCGA-BRCA	2d2edefd-4733-40d8-a26a-c63e94415d72	released	9cb6482e-6f20-4aad-986c-7ccea66b7cc8_star__counts	https://github.com/NCI-GDC/gdc-rnaseq-cwl/blob/5d8c131bbff59fb0c969217fc1d44e6d1503cd1f/rnaseq-star-align/star2pass.rnaseq_harmonization.cwl	STAR - Counts	5d8c131bbff59fb0c969217fc1d44e6d1503cd1f	Primary Tumor	NA	TCGA-AC-A2FE	TCGA-AC-A2FE-01A
2fa144d0-2776-46d9-a7d4-41f68a1d3727	TSV	TCGA-A2-A04R-01A-41R-A109-07	open	89424841-6b5a-4f5f-b5c2-209630c6f597.rna_seq.augmented_star_gene_counts.tsv	41fc9198-be2f-495e-bfc1-1fab0c03b12b	Transcriptome Profiling	gene_expression	Illumina	4237107	2021-12-13T22:27:23.694430-06:00	ceb5280fa26e533912417a354cd6794b	2024-07-30T09:38:15.772875-05:00	2fa144d0-2776-46d9-a7d4-41f68a1d3727	Gene Expression Quantification	released	RNA-Seq	1	32.0 - 46.0	TCGA-BRCA	56bcfbb6-77de-4ab3-9627-86be6735da40	released	89424841-6b5a-4f5f-b5c2-209630c6f597_star__counts	https://github.com/NCI-GDC/gdc-rnaseq-cwl/blob/5d8c131bbff59fb0c969217fc1d44e6d1503cd1f/rnaseq-star-align/star2pass.rnaseq_harmonization.cwl	STAR - Counts	5d8c131bbff59fb0c969217fc1d44e6d1503cd1f	Primary Tumor	NA	TCGA-A2-A04R	TCGA-A2-A04R-01A
5fe2671d-4314-444b-adc1-64bbc6a85aab	TSV	TCGA-D8-A1JL-01A-11R-A13Q-07	open	548b1967-fca4-4238-8d59-ae5405122c90.rna_seq.augmented_star_gene_counts.tsv	c48a09d0-9a94-47e6-8270-52498c286104	Transcriptome Profiling	gene_expression	Illumina	4258915	2021-12-13T22:05:17.815833-06:00	5392625781b55a2440dec8430c38feb1	2024-07-30T09:23:40.402296-05:00	5fe2671d-4314-444b-adc1-64bbc6a85aab	Gene Expression Quantification	released	RNA-Seq	1	32.0 - 46.0	TCGA-BRCA	8c0077e1-f7e3-4758-9733-35fba86bdd17	released	548b1967-fca4-4238-8d59-ae5405122c90_star__counts	https://github.com/NCI-GDC/gdc-rnaseq-cwl/blob/5d8c131bbff59fb0c969217fc1d44e6d1503cd1f/rnaseq-star-align/star2pass.rnaseq_harmonization.cwl	STAR - Counts	5d8c131bbff59fb0c969217fc1d44e6d1503cd1f	Primary Tumor	NA	TCGA-D8-A1JL	TCGA-D8-A1JL-01A
1ca86ab0-2f8a-4cd3-81b8-d19e8579b1d6	TSV	TCGA-A2-A25A-01A-12R-A16F-07	open	b9bfdf3b-d23e-433b-892f-1b61e24abdfa.rna_seq.augmented_star_gene_counts.tsv	27337e9a-bef6-4494-9d29-7d950edd3a73	Transcriptome Profiling	gene_expression	Illumina	4268204	2021-12-13T22:10:06.874355-06:00	e9246495a5a86915767ea3044a1980b9	2024-07-30T09:26:05.658270-05:00	1ca86ab0-2f8a-4cd3-81b8-d19e8579b1d6	Gene Expression Quantification	released	RNA-Seq	1	32.0 - 46.0	TCGA-BRCA	cf91b2aa-90cd-41a2-8337-f7922a3901e3	released	b9bfdf3b-d23e-433b-892f-1b61e24abdfa_star__counts	https://github.com/NCI-GDC/gdc-rnaseq-cwl/blob/5d8c131bbff59fb0c969217fc1d44e6d1503cd1f/rnaseq-star-align/star2pass.rnaseq_harmonization.cwl	STAR - Counts	5d8c131bbff59fb0c969217fc1d44e6d1503cd1f	Primary Tumor	NA	TCGA-A2-A25A	TCGA-A2-A25A-01A
4ef4f9f1-7883-4fff-91c0-223cac5f1887	TSV	TCGA-BH-A0HX-01A-21R-A056-07	open	dbb3747a-aafe-421c-bb21-84a0b82c6a75.rna_seq.augmented_star_gene_counts.tsv	d99f48c9-9f9b-45eb-b770-316ac83dbe78	Transcriptome Profiling	gene_expression	Illumina	4243368	2021-12-13T22:27:10.585242-06:00	202fa31be24d15209e18557651fe771f	2024-07-30T09:28:34.906942-05:00	4ef4f9f1-7883-4fff-91c0-223cac5f1887	Gene Expression Quantification	released	RNA-Seq	1	32.0 - 46.0	TCGA-BRCA	d052341a-6c3e-41e7-9128-9bd27796807c	released	dbb3747a-aafe-421c-bb21-84a0b82c6a75_star__counts	https://github.com/NCI-GDC/gdc-rnaseq-cwl/blob/5d8c131bbff59fb0c969217fc1d44e6d1503cd1f/rnaseq-star-align/star2pass.rnaseq_harmonization.cwl	STAR - Counts	5d8c131bbff59fb0c969217fc1d44e6d1503cd1f	Primary Tumor	NA	TCGA-BH-A0HX	TCGA-BH-A0HX-01A
422ef158-74dd-4a5e-88a6-5b0da33004d1	TSV	TCGA-AN-A0AR-01A-11R-A00Z-07	open	9b7c81c7-d03c-446c-9d25-8c966058b0e3.rna_seq.augmented_star_gene_counts.tsv	542dde3c-25e6-4826-b7a8-dc579aacdef4	Transcriptome Profiling	gene_expression	Illumina	4247739	2021-12-13T21:44:47.144658-06:00	31051643d355efb8baecf8a64979428c	2024-07-30T10:08:33.730908-05:00	422ef158-74dd-4a5e-88a6-5b0da33004d1	Gene Expression Quantification	released	RNA-Seq	1	32.0 - 46.0	TCGA-BRCA	cf26cef3-4b64-42cc-9e83-b6d404fc335b	released	9b7c81c7-d03c-446c-9d25-8c966058b0e3_star__counts	https://github.com/NCI-GDC/gdc-rnaseq-cwl/blob/5d8c131bbff59fb0c969217fc1d44e6d1503cd1f/rnaseq-star-align/star2pass.rnaseq_harmonization.cwl	STAR - Counts	5d8c131bbff59fb0c969217fc1d44e6d1503cd1f	Primary Tumor	NA	TCGA-AN-A0AR	TCGA-AN-A0AR-01A
ec9437c2-dad0-471a-bd2c-faa61846af57	TSV	TCGA-E2-A156-01A-11R-A12D-07	open	fb120cb4-2cee-4848-a60e-6c1fba723dc9.rna_seq.augmented_star_gene_counts.tsv	b5c8bbf8-66f4-40bc-8dd0-36bdbbb6166d	Transcriptome Profiling	gene_expression	Illumina	4218779	2021-12-13T22:26:13.699555-06:00	4d151583ad711eb77ee79a83c7660543	2024-07-30T10:07:16.490773-05:00	ec9437c2-dad0-471a-bd2c-faa61846af57	Gene Expression Quantification	released	RNA-Seq	1	32.0 - 46.0	TCGA-BRCA	a4eaa9ce-6d54-413b-bd94-1b994bbd79bb	released	fb120cb4-2cee-4848-a60e-6c1fba723dc9_star__counts	https://github.com/NCI-GDC/gdc-rnaseq-cwl/blob/5d8c131bbff59fb0c969217fc1d44e6d1503cd1f/rnaseq-star-align/star2pass.rnaseq_harmonization.cwl	STAR - Counts	5d8c131bbff59fb0c969217fc1d44e6d1503cd1f	Primary Tumor	NA	TCGA-E2-A156	TCGA-E2-A156-01A
2b64d9ef-56fc-4362-99c7-d0cc6011c2a4	TSV	TCGA-EW-A1P6-01A-11R-A144-07	open	68bf0c2e-f2ad-48f3-b29d-b2a3c5d1c568.rna_seq.augmented_star_gene_counts.tsv	f0f7e4a0-5909-41e0-933a-26bb4d8cf832	Transcriptome Profiling	gene_expression	Illumina	4230464	2021-12-13T22:39:04.014103-06:00	45c1e03a6ae265cec474f77510e1bff3	2024-07-30T09:22:13.837066-05:00	2b64d9ef-56fc-4362-99c7-d0cc6011c2a4	Gene Expression Quantification	released	RNA-Seq	1	32.0 - 46.0	TCGA-BRCA	47ac1c24-9779-4ae7-bbe0-eb470ca20f15	released	68bf0c2e-f2ad-48f3-b29d-b2a3c5d1c568_star__counts	https://github.com/NCI-GDC/gdc-rnaseq-cwl/blob/5d8c131bbff59fb0c969217fc1d44e6d1503cd1f/rnaseq-star-align/star2pass.rnaseq_harmonization.cwl	STAR - Counts	5d8c131bbff59fb0c969217fc1d44e6d1503cd1f	Primary Tumor	NA	TCGA-EW-A1P6	TCGA-EW-A1P6-01A
430184b1-040d-4b3a-863d-1e6c71009d93	TSV	TCGA-A7-A56D-01A-11R-A27Q-07	open	73729b89-4802-4780-9e7f-cb160a04bb17.rna_seq.augmented_star_gene_counts.tsv	547d2221-9ea7-4c3f-8104-cc8d9e1e9b22	Transcriptome Profiling	gene_expression	Illumina	4219010	2021-12-13T22:33:03.063236-06:00	057325b61fba0dadaffe50c2125b7883	2024-07-30T09:27:53.098997-05:00	430184b1-040d-4b3a-863d-1e6c71009d93	Gene Expression Quantification	released	RNA-Seq	1	32.0 - 46.0	TCGA-BRCA	da7a11b4-2436-45cd-99ee-956df8558e33	released	73729b89-4802-4780-9e7f-cb160a04bb17_star__counts	https://github.com/NCI-GDC/gdc-rnaseq-cwl/blob/5d8c131bbff59fb0c969217fc1d44e6d1503cd1f/rnaseq-star-align/star2pass.rnaseq_harmonization.cwl	STAR - Counts	5d8c131bbff59fb0c969217fc1d44e6d1503cd1f	Primary Tumor	NA	TCGA-A7-A56D	TCGA-A7-A56D-01A
0f0b1a31-1f88-40e0-bd25-320046de4970	TSV	TCGA-AO-A0J6-01A-11R-A034-07	open	9eb69ff7-492b-4ed3-8762-c25c3dffa1fe.rna_seq.augmented_star_gene_counts.tsv	89a50272-ea9e-414a-bde5-3b0f29ef15aa	Transcriptome Profiling	gene_expression	Illumina	4248923	2021-12-13T22:13:27.678839-06:00	382cb13386c9647ec105ee73601d086c	2024-07-30T10:02:52.923397-05:00	0f0b1a31-1f88-40e0-bd25-320046de4970	Gene Expression Quantification	released	RNA-Seq	1	32.0 - 46.0	TCGA-BRCA	53232bc3-3061-4762-a323-9140bb2778e6	released	9eb69ff7-492b-4ed3-8762-c25c3dffa1fe_star__counts	https://github.com/NCI-GDC/gdc-rnaseq-cwl/blob/5d8c131bbff59fb0c969217fc1d44e6d1503cd1f/rnaseq-star-align/star2pass.rnaseq_harmonization.cwl	STAR - Counts	5d8c131bbff59fb0c969217fc1d44e6d1503cd1f	Primary Tumor	NA	TCGA-AO-A0J6	TCGA-AO-A0J6-01A
98320692-9c1c-4ed3-9ea1-72f098c03049	TSV	TCGA-E9-A1ND-01A-11R-A144-07	open	7880b3ba-9f39-4744-be72-b87dbd8eb425.rna_seq.augmented_star_gene_counts.tsv	ece3e66e-4b90-4cff-94a9-6c97665a67d4	Transcriptome Profiling	gene_expression	Illumina	4233158	2021-12-13T21:58:01.535928-06:00	be35f7c5ec5dc1b050d94b60b856840e	2024-07-30T09:52:05.865826-05:00	98320692-9c1c-4ed3-9ea1-72f098c03049	Gene Expression Quantification	released	RNA-Seq	1	32.0 - 46.0	TCGA-BRCA	3c4a41ea-b29f-4aa6-9f18-cc9f30a027c7	released	7880b3ba-9f39-4744-be72-b87dbd8eb425_star__counts	https://github.com/NCI-GDC/gdc-rnaseq-cwl/blob/5d8c131bbff59fb0c969217fc1d44e6d1503cd1f/rnaseq-star-align/star2pass.rnaseq_harmonization.cwl	STAR - Counts	5d8c131bbff59fb0c969217fc1d44e6d1503cd1f	Primary Tumor	NA	TCGA-E9-A1ND	TCGA-E9-A1ND-01A
a629c407-5141-454c-bb69-ba7e58d1febc	TSV	TCGA-BH-A0DK-01A-21R-A056-07	open	5a277308-f1bc-47b3-a397-aeabe9db8dc6.rna_seq.augmented_star_gene_counts.tsv	778db925-e0a7-4b0b-bf1a-da8c86316da3	Transcriptome Profiling	gene_expression	Illumina	4236454	2021-12-13T22:34:50.476068-06:00	ebcd993f94f6ecdd485420e86c3c38d1	2024-07-30T10:00:53.049333-05:00	a629c407-5141-454c-bb69-ba7e58d1febc	Gene Expression Quantification	released	RNA-Seq	1	32.0 - 46.0	TCGA-BRCA	317c9687-316b-4ede-a398-d810f5041def	released	5a277308-f1bc-47b3-a397-aeabe9db8dc6_star__counts	https://github.com/NCI-GDC/gdc-rnaseq-cwl/blob/5d8c131bbff59fb0c969217fc1d44e6d1503cd1f/rnaseq-star-align/star2pass.rnaseq_harmonization.cwl	STAR - Counts	5d8c131bbff59fb0c969217fc1d44e6d1503cd1f	Primary Tumor	NA	TCGA-BH-A0DK	TCGA-BH-A0DK-01A
e4732dd4-002a-4b37-9a56-d01d551e9cc3	TSV	TCGA-B6-A0WW-01A-11R-A109-07	open	9c1779d3-6e10-413b-9df9-a9378862d8c4.rna_seq.augmented_star_gene_counts.tsv	ade4ece3-152f-47fc-bfed-34903e6b93ab	Transcriptome Profiling	gene_expression	Illumina	4225561	2021-12-13T22:25:14.075638-06:00	8342e92db4e2a962256b2d078f7d0608	2024-07-30T09:38:28.685901-05:00	e4732dd4-002a-4b37-9a56-d01d551e9cc3	Gene Expression Quantification	released	RNA-Seq	1	32.0 - 46.0	TCGA-BRCA	8278c890-ecee-475d-bf5e-0d484e9bb7b1	released	9c1779d3-6e10-413b-9df9-a9378862d8c4_star__counts	https://github.com/NCI-GDC/gdc-rnaseq-cwl/blob/5d8c131bbff59fb0c969217fc1d44e6d1503cd1f/rnaseq-star-align/star2pass.rnaseq_harmonization.cwl	STAR - Counts	5d8c131bbff59fb0c969217fc1d44e6d1503cd1f	Primary Tumor	NA	TCGA-B6-A0WW	TCGA-B6-A0WW-01A
ddb7443e-0dda-40f1-9652-adc025804c85	TSV	TCGA-BH-A0EB-01A-11R-A034-07	open	4c6f18b9-eb4c-4b7f-90ee-0c3194407be7.rna_seq.augmented_star_gene_counts.tsv	0b3991ae-d5e4-4281-9ca0-20ae1fd384ce	Transcriptome Profiling	gene_expression	Illumina	4244256	2021-12-13T22:43:44.719113-06:00	e372e9c8813dc7e7e6fdab3d4251ad81	2024-07-30T09:51:26.024945-05:00	ddb7443e-0dda-40f1-9652-adc025804c85	Gene Expression Quantification	released	RNA-Seq	1	32.0 - 46.0	TCGA-BRCA	d71ec557-5c61-4d1b-896f-84e9d55ffd83	released	4c6f18b9-eb4c-4b7f-90ee-0c3194407be7_star__counts	https://github.com/NCI-GDC/gdc-rnaseq-cwl/blob/5d8c131bbff59fb0c969217fc1d44e6d1503cd1f/rnaseq-star-align/star2pass.rnaseq_harmonization.cwl	STAR - Counts	5d8c131bbff59fb0c969217fc1d44e6d1503cd1f	Primary Tumor	NA	TCGA-BH-A0EB	TCGA-BH-A0EB-01A
3396edba-0d2a-4485-ad0a-5114b38c1abe	TSV	TCGA-GM-A2DL-01A-11R-A18M-07	open	2e64abe2-6024-4d28-9e09-560ce2a9fd15.rna_seq.augmented_star_gene_counts.tsv	f7c166d0-fb1c-467f-a6b4-c0dcd6a539e9	Transcriptome Profiling	gene_expression	Illumina	4231290	2021-12-13T22:27:19.927008-06:00	25a162e0b1fa52e5a06881efcb56784e	2024-07-30T09:37:39.361963-05:00	3396edba-0d2a-4485-ad0a-5114b38c1abe	Gene Expression Quantification	released	RNA-Seq	1	32.0 - 46.0	TCGA-BRCA	10f23d82-414b-4984-bbd8-2f65526b11d3	released	2e64abe2-6024-4d28-9e09-560ce2a9fd15_star__counts	https://github.com/NCI-GDC/gdc-rnaseq-cwl/blob/5d8c131bbff59fb0c969217fc1d44e6d1503cd1f/rnaseq-star-align/star2pass.rnaseq_harmonization.cwl	STAR - Counts	5d8c131bbff59fb0c969217fc1d44e6d1503cd1f	Primary Tumor	NA	TCGA-GM-A2DL	TCGA-GM-A2DL-01A
27f4c9d4-d6ba-4fea-9f0b-fb06066e69a8	TSV	TCGA-E2-A158-01A-11R-A12D-07	open	dd1d9d28-3929-4361-a6ff-0ac781fb0ac3.rna_seq.augmented_star_gene_counts.tsv	d4739e9d-1e99-4a02-8488-05fa103d94b4	Transcriptome Profiling	gene_expression	Illumina	4247156	2021-12-13T22:30:46.183400-06:00	4be54a6d046de4c54599d9c233d2c944	2024-07-30T09:47:38.969591-05:00	27f4c9d4-d6ba-4fea-9f0b-fb06066e69a8	Gene Expression Quantification	released	RNA-Seq	1	32.0 - 46.0	TCGA-BRCA	5fcecd19-cb5f-4820-926f-c871e7a8ee6f	released	dd1d9d28-3929-4361-a6ff-0ac781fb0ac3_star__counts	https://github.com/NCI-GDC/gdc-rnaseq-cwl/blob/5d8c131bbff59fb0c969217fc1d44e6d1503cd1f/rnaseq-star-align/star2pass.rnaseq_harmonization.cwl	STAR - Counts	5d8c131bbff59fb0c969217fc1d44e6d1503cd1f	Primary Tumor	NA	TCGA-E2-A158	TCGA-E2-A158-01A
86ce8513-c2a6-4b5c-9811-904f0eee21a0	TSV	TCGA-EW-A1J1-01A-11R-A13Q-07	open	8b7eaa6a-3ea9-4bf4-b814-7b2e7dbb3528.rna_seq.augmented_star_gene_counts.tsv	6282feca-d6ce-4f6f-a8f4-93094353bea1	Transcriptome Profiling	gene_expression	Illumina	4250241	2021-12-13T22:14:36.203779-06:00	cd155efe0b14ed790decd3750ae0ef05	2024-07-30T09:39:06.383423-05:00	86ce8513-c2a6-4b5c-9811-904f0eee21a0	Gene Expression Quantification	released	RNA-Seq	1	32.0 - 46.0	TCGA-BRCA	5b834149-a9a0-4990-93bd-28744c9a4c23	released	8b7eaa6a-3ea9-4bf4-b814-7b2e7dbb3528_star__counts	https://github.com/NCI-GDC/gdc-rnaseq-cwl/blob/5d8c131bbff59fb0c969217fc1d44e6d1503cd1f/rnaseq-star-align/star2pass.rnaseq_harmonization.cwl	STAR - Counts	5d8c131bbff59fb0c969217fc1d44e6d1503cd1f	Primary Tumor	NA	TCGA-EW-A1J1	TCGA-EW-A1J1-01A
871d28f4-09d5-4f16-8c29-4aa7d247f3e3	TSV	TCGA-A2-A1G4-01A-11R-A13Q-07	open	ba00c48c-c33e-4dab-beb6-0575ee076dfd.rna_seq.augmented_star_gene_counts.tsv	27994dad-a5b4-481a-8ce0-85dbd614e277	Transcriptome Profiling	gene_expression	Illumina	4252003	2021-12-13T22:07:18.253030-06:00	915a42e855a0c3a2f05d9de3dd59bded	2024-07-30T09:57:40.043085-05:00	871d28f4-09d5-4f16-8c29-4aa7d247f3e3	Gene Expression Quantification	released	RNA-Seq	1	32.0 - 46.0	TCGA-BRCA	d8c7fea5-7b49-4fbb-85a0-481d0efdde72	released	ba00c48c-c33e-4dab-beb6-0575ee076dfd_star__counts	https://github.com/NCI-GDC/gdc-rnaseq-cwl/blob/5d8c131bbff59fb0c969217fc1d44e6d1503cd1f/rnaseq-star-align/star2pass.rnaseq_harmonization.cwl	STAR - Counts	5d8c131bbff59fb0c969217fc1d44e6d1503cd1f	Primary Tumor	NA	TCGA-A2-A1G4	TCGA-A2-A1G4-01A
d67d6fbf-50fa-485e-8ac7-a3c7ac33b3b2	TSV	TCGA-E9-A3QA-01A-61R-A22K-07	open	63eff205-4fd4-4148-a596-2f7c17da328f.rna_seq.augmented_star_gene_counts.tsv	ef9eac40-9e8d-4e45-aa21-38e3b39f86cd	Transcriptome Profiling	gene_expression	Illumina	4250633	2021-12-13T22:43:54.350110-06:00	7ca8610099c7aa71177daa282e6913eb	2024-07-30T09:40:29.888736-05:00	d67d6fbf-50fa-485e-8ac7-a3c7ac33b3b2	Gene Expression Quantification	released	RNA-Seq	1	32.0 - 46.0	TCGA-BRCA	1eed6648-8811-40ea-8f92-674bb9780784	released	63eff205-4fd4-4148-a596-2f7c17da328f_star__counts	https://github.com/NCI-GDC/gdc-rnaseq-cwl/blob/5d8c131bbff59fb0c969217fc1d44e6d1503cd1f/rnaseq-star-align/star2pass.rnaseq_harmonization.cwl	STAR - Counts	5d8c131bbff59fb0c969217fc1d44e6d1503cd1f	Primary Tumor	NA	TCGA-E9-A3QA	TCGA-E9-A3QA-01A
cc7f30ec-5369-45ec-80cb-68534838a655	TSV	TCGA-A2-A0YG-01A-21R-A109-07	open	cc66d11a-33c0-4247-9072-6e7c0d0b6112.rna_seq.augmented_star_gene_counts.tsv	3be7564b-4cee-4b37-a1b5-d3baf2f427e6	Transcriptome Profiling	gene_expression	Illumina	4242388	2021-12-13T21:48:16.270764-06:00	d49025f52acc466d3422baae1c3319e1	2024-07-30T09:52:28.219062-05:00	cc7f30ec-5369-45ec-80cb-68534838a655	Gene Expression Quantification	released	RNA-Seq	1	32.0 - 46.0	TCGA-BRCA	3b2afa18-0bb3-4e1f-9977-42da3a748e25	released	cc66d11a-33c0-4247-9072-6e7c0d0b6112_star__counts	https://github.com/NCI-GDC/gdc-rnaseq-cwl/blob/5d8c131bbff59fb0c969217fc1d44e6d1503cd1f/rnaseq-star-align/star2pass.rnaseq_harmonization.cwl	STAR - Counts	5d8c131bbff59fb0c969217fc1d44e6d1503cd1f	Primary Tumor	NA	TCGA-A2-A0YG	TCGA-A2-A0YG-01A
f66aace4-01a4-4def-8e71-26d9aaf13d49	TSV	TCGA-A1-A0SE-01A-11R-A084-07	open	9db2f825-0d02-4437-9107-a6b92ef4e2cc.rna_seq.augmented_star_gene_counts.tsv	3f5646bd-deb5-42a3-bcb8-89defd7f7a5b	Transcriptome Profiling	gene_expression	Illumina	4246431	2021-12-13T22:14:07.983235-06:00	24ff8dcee52767c9d8e44aaabe7a6bce	2024-07-30T09:17:59.839920-05:00	f66aace4-01a4-4def-8e71-26d9aaf13d49	Gene Expression Quantification	released	RNA-Seq	1	32.0 - 46.0	TCGA-BRCA	37131bc6-7c84-4224-a976-96ba95ac7574	released	9db2f825-0d02-4437-9107-a6b92ef4e2cc_star__counts	https://github.com/NCI-GDC/gdc-rnaseq-cwl/blob/5d8c131bbff59fb0c969217fc1d44e6d1503cd1f/rnaseq-star-align/star2pass.rnaseq_harmonization.cwl	STAR - Counts	5d8c131bbff59fb0c969217fc1d44e6d1503cd1f	Primary Tumor	NA	TCGA-A1-A0SE	TCGA-A1-A0SE-01A
e0bd84f0-9524-4bd2-aa92-7205357596e5	TSV	TCGA-E9-A1RF-01A-11R-A157-07	open	083eb05f-0af4-4f73-bf09-3806eb3b71bb.rna_seq.augmented_star_gene_counts.tsv	67c100e2-dc82-446e-8dc4-e105308350be	Transcriptome Profiling	gene_expression	Illumina	4245853	2021-12-13T22:09:08.999598-06:00	f64c247dfa21e88812983189a407b680	2024-07-30T09:29:03.686357-05:00	e0bd84f0-9524-4bd2-aa92-7205357596e5	Gene Expression Quantification	released	RNA-Seq	1	32.0 - 46.0	TCGA-BRCA	90c24183-f2a0-463c-8c9b-7bc6567edf51	released	083eb05f-0af4-4f73-bf09-3806eb3b71bb_star__counts	https://github.com/NCI-GDC/gdc-rnaseq-cwl/blob/5d8c131bbff59fb0c969217fc1d44e6d1503cd1f/rnaseq-star-align/star2pass.rnaseq_harmonization.cwl	STAR - Counts	5d8c131bbff59fb0c969217fc1d44e6d1503cd1f	Primary Tumor	NA	TCGA-E9-A1RF	TCGA-E9-A1RF-01A
4d27c8ac-375b-414a-8f88-75092f03bdd8	TSV	TCGA-A2-A25F-01A-11R-A169-07	open	3f94086c-9e16-403e-b191-e03e9b6e3ce2.rna_seq.augmented_star_gene_counts.tsv	c94404d4-5005-45d9-8866-c30af8c4f8c7	Transcriptome Profiling	gene_expression	Illumina	4254851	2021-12-13T22:35:00.107615-06:00	62af53edf4895aedca71914776644f18	2024-07-30T09:43:38.327783-05:00	4d27c8ac-375b-414a-8f88-75092f03bdd8	Gene Expression Quantification	released	RNA-Seq	1	32.0 - 46.0	TCGA-BRCA	8373f4b5-e70b-4849-a0ca-1daa15862265	released	3f94086c-9e16-403e-b191-e03e9b6e3ce2_star__counts	https://github.com/NCI-GDC/gdc-rnaseq-cwl/blob/5d8c131bbff59fb0c969217fc1d44e6d1503cd1f/rnaseq-star-align/star2pass.rnaseq_harmonization.cwl	STAR - Counts	5d8c131bbff59fb0c969217fc1d44e6d1503cd1f	Primary Tumor	NA	TCGA-A2-A25F	TCGA-A2-A25F-01A
3b9e620f-a661-4a1d-ac46-ab4c56a4b241	TSV	TCGA-A1-A0SD-01A-11R-A115-07	open	04c428b5-d0b9-4ecf-86e8-8a42dc4cbb5e.rna_seq.augmented_star_gene_counts.tsv	245c9fd5-73c0-4371-82f3-4fb43d7baad8	Transcriptome Profiling	gene_expression	Illumina	4248729	2021-12-13T22:04:50.432577-06:00	5d0d7892f916c80d94a48789d59f7909	2024-07-30T09:40:53.334820-05:00	3b9e620f-a661-4a1d-ac46-ab4c56a4b241	Gene Expression Quantification	released	RNA-Seq	1	32.0 - 46.0	TCGA-BRCA	a222eb34-a878-4c7f-99c6-c060912c5f37	released	04c428b5-d0b9-4ecf-86e8-8a42dc4cbb5e_star__counts	https://github.com/NCI-GDC/gdc-rnaseq-cwl/blob/5d8c131bbff59fb0c969217fc1d44e6d1503cd1f/rnaseq-star-align/star2pass.rnaseq_harmonization.cwl	STAR - Counts	5d8c131bbff59fb0c969217fc1d44e6d1503cd1f	Primary Tumor	NA	TCGA-A1-A0SD	TCGA-A1-A0SD-01A
3bb2e240-9cea-4dd2-be32-6bc6976a79b1	TSV	TCGA-A2-A0CX-01A-21R-A00Z-07	open	ce362483-60b7-4654-b201-834c60e38690.rna_seq.augmented_star_gene_counts.tsv	9cf7d85a-17fa-453b-9377-3b3e50d26f8f	Transcriptome Profiling	gene_expression	Illumina	4235616	2021-12-13T22:02:21.154306-06:00	e59ee7996d136eb173ab87273752c2ec	2024-07-30T10:06:22.758233-05:00	3bb2e240-9cea-4dd2-be32-6bc6976a79b1	Gene Expression Quantification	released	RNA-Seq	1	32.0 - 46.0	TCGA-BRCA	668d4668-ca2b-4778-b5f8-91782448deb9	released	ce362483-60b7-4654-b201-834c60e38690_star__counts	https://github.com/NCI-GDC/gdc-rnaseq-cwl/blob/5d8c131bbff59fb0c969217fc1d44e6d1503cd1f/rnaseq-star-align/star2pass.rnaseq_harmonization.cwl	STAR - Counts	5d8c131bbff59fb0c969217fc1d44e6d1503cd1f	Primary Tumor	NA	TCGA-A2-A0CX	TCGA-A2-A0CX-01A
9765934d-d954-485c-abfe-b9db59f18193	TSV	TCGA-AR-A0TZ-01A-12R-A084-07	open	956570e5-7ed4-4d17-a830-f1bc67a7af15.rna_seq.augmented_star_gene_counts.tsv	ca75b6b1-b7f1-46ea-bd2e-20d865295708	Transcriptome Profiling	gene_expression	Illumina	4254666	2021-12-13T22:18:46.217318-06:00	12faade223516e546bd72fddf589d3b4	2024-07-30T09:34:30.543325-05:00	9765934d-d954-485c-abfe-b9db59f18193	Gene Expression Quantification	released	RNA-Seq	1	32.0 - 46.0	TCGA-BRCA	97722de8-a081-4a41-b253-86e46cdc1144	released	956570e5-7ed4-4d17-a830-f1bc67a7af15_star__counts	https://github.com/NCI-GDC/gdc-rnaseq-cwl/blob/5d8c131bbff59fb0c969217fc1d44e6d1503cd1f/rnaseq-star-align/star2pass.rnaseq_harmonization.cwl	STAR - Counts	5d8c131bbff59fb0c969217fc1d44e6d1503cd1f	Primary Tumor	NA	TCGA-AR-A0TZ	TCGA-AR-A0TZ-01A
5dfadec2-3a10-40a9-99be-4984e917ba88	TSV	TCGA-BH-A0AZ-01A-21R-A12P-07	open	a90d3b2d-38f9-455c-88cd-73d5b3729491.rna_seq.augmented_star_gene_counts.tsv	c09fd577-7624-4ac3-98fd-2dceb447dbaf	Transcriptome Profiling	gene_expression	Illumina	4234545	2021-12-13T22:03:24.682294-06:00	94b6a69920ccf4b75df5d3644aff5a80	2024-07-30T09:40:00.356662-05:00	5dfadec2-3a10-40a9-99be-4984e917ba88	Gene Expression Quantification	released	RNA-Seq	1	32.0 - 46.0	TCGA-BRCA	41907c47-a2c2-429a-bee0-bf60f5d4fa5e	released	a90d3b2d-38f9-455c-88cd-73d5b3729491_star__counts	https://github.com/NCI-GDC/gdc-rnaseq-cwl/blob/5d8c131bbff59fb0c969217fc1d44e6d1503cd1f/rnaseq-star-align/star2pass.rnaseq_harmonization.cwl	STAR - Counts	5d8c131bbff59fb0c969217fc1d44e6d1503cd1f	Primary Tumor	NA	TCGA-BH-A0AZ	TCGA-BH-A0AZ-01A
86b68671-beef-4a15-aabb-89d79396fd9d	TSV	TCGA-EW-A1P4-01A-21R-A144-07	open	493a8b0a-11ea-4f37-8149-3825aaa04fe4.rna_seq.augmented_star_gene_counts.tsv	f02c40d5-d43e-45b3-bf9d-a12dab420cbb	Transcriptome Profiling	gene_expression	Illumina	4239058	2021-12-13T22:42:12.457896-06:00	45c718d416fc228afa997270a9a042ce	2024-07-30T09:29:16.361153-05:00	86b68671-beef-4a15-aabb-89d79396fd9d	Gene Expression Quantification	released	RNA-Seq	1	32.0 - 46.0	TCGA-BRCA	c53fb97c-ff58-4877-9fdc-0e3e67e46afe	released	493a8b0a-11ea-4f37-8149-3825aaa04fe4_star__counts	https://github.com/NCI-GDC/gdc-rnaseq-cwl/blob/5d8c131bbff59fb0c969217fc1d44e6d1503cd1f/rnaseq-star-align/star2pass.rnaseq_harmonization.cwl	STAR - Counts	5d8c131bbff59fb0c969217fc1d44e6d1503cd1f	Primary Tumor	NA	TCGA-EW-A1P4	TCGA-EW-A1P4-01A
c9bc7edd-c545-4d76-9246-1bfa043a966c	TSV	TCGA-A7-A5ZW-01A-12R-A29R-07	open	a95ecb1b-9dd9-4916-9b73-b967278f3d85.rna_seq.augmented_star_gene_counts.tsv	69b77bd5-4cd7-4ca6-8c5f-68bf077e066c	Transcriptome Profiling	gene_expression	Illumina	4240976	2021-12-13T22:42:33.143031-06:00	dd13d5bcddb592d9497611bcf155634e	2024-07-30T10:03:49.027339-05:00	c9bc7edd-c545-4d76-9246-1bfa043a966c	Gene Expression Quantification	released	RNA-Seq	1	32.0 - 46.0	TCGA-BRCA	d883cdce-5d90-4977-af5e-34c3c515ca6c	released	a95ecb1b-9dd9-4916-9b73-b967278f3d85_star__counts	https://github.com/NCI-GDC/gdc-rnaseq-cwl/blob/5d8c131bbff59fb0c969217fc1d44e6d1503cd1f/rnaseq-star-align/star2pass.rnaseq_harmonization.cwl	STAR - Counts	5d8c131bbff59fb0c969217fc1d44e6d1503cd1f	Primary Tumor	NA	TCGA-A7-A5ZW	TCGA-A7-A5ZW-01A
23304266-b28c-4ff2-8dcf-bb18f56417b4	TSV	TCGA-AO-A1KT-01A-11R-A13Q-07	open	2485ee80-8de4-4f98-b4f9-7c012bb29f6c.rna_seq.augmented_star_gene_counts.tsv	d46bead6-cd11-481f-99b9-5fd65dda3089	Transcriptome Profiling	gene_expression	Illumina	4249175	2021-12-13T22:11:09.695001-06:00	9ac8cf2079534a2a856ed4c09e40ace2	2024-07-30T09:51:16.946566-05:00	23304266-b28c-4ff2-8dcf-bb18f56417b4	Gene Expression Quantification	released	RNA-Seq	1	32.0 - 46.0	TCGA-BRCA	58e923d3-c953-4457-827d-64a804942684	released	2485ee80-8de4-4f98-b4f9-7c012bb29f6c_star__counts	https://github.com/NCI-GDC/gdc-rnaseq-cwl/blob/5d8c131bbff59fb0c969217fc1d44e6d1503cd1f/rnaseq-star-align/star2pass.rnaseq_harmonization.cwl	STAR - Counts	5d8c131bbff59fb0c969217fc1d44e6d1503cd1f	Primary Tumor	NA	TCGA-AO-A1KT	TCGA-AO-A1KT-01A
d889e5ea-58f5-4d2f-ad1e-6ab5d3217642	TSV	TCGA-E9-A1RE-01A-11R-A157-07	open	0f669396-2dc4-4305-aa35-c6fbd82ee7df.rna_seq.augmented_star_gene_counts.tsv	cbbf4316-9f99-4372-931d-d4c25ad92e5d	Transcriptome Profiling	gene_expression	Illumina	4247668	2021-12-13T22:21:17.541237-06:00	a214bab6dd3028e9f8921bb0aa786501	2024-07-30T09:55:17.340920-05:00	d889e5ea-58f5-4d2f-ad1e-6ab5d3217642	Gene Expression Quantification	released	RNA-Seq	1	32.0 - 46.0	TCGA-BRCA	b462993c-b8f9-44d2-b1ff-2807553bb2cb	released	0f669396-2dc4-4305-aa35-c6fbd82ee7df_star__counts	https://github.com/NCI-GDC/gdc-rnaseq-cwl/blob/5d8c131bbff59fb0c969217fc1d44e6d1503cd1f/rnaseq-star-align/star2pass.rnaseq_harmonization.cwl	STAR - Counts	5d8c131bbff59fb0c969217fc1d44e6d1503cd1f	Primary Tumor	NA	TCGA-E9-A1RE	TCGA-E9-A1RE-01A
09385f52-e4ad-4ae0-9f09-91e8dd5fc953	TSV	TCGA-A1-A0SJ-01A-11R-A084-07	open	6542e1dd-afee-40e9-a16e-aa9a448963b3.rna_seq.augmented_star_gene_counts.tsv	022be850-9d5f-4544-8140-56c506e73b6f	Transcriptome Profiling	gene_expression	Illumina	4241539	2021-12-13T21:54:46.298145-06:00	810acb29d31bca9946bcb1897283224a	2024-07-30T09:34:35.348100-05:00	09385f52-e4ad-4ae0-9f09-91e8dd5fc953	Gene Expression Quantification	released	RNA-Seq	1	32.0 - 46.0	TCGA-BRCA	c8cd8e71-9b42-40b1-9b8f-aa9e17ba300d	released	6542e1dd-afee-40e9-a16e-aa9a448963b3_star__counts	https://github.com/NCI-GDC/gdc-rnaseq-cwl/blob/5d8c131bbff59fb0c969217fc1d44e6d1503cd1f/rnaseq-star-align/star2pass.rnaseq_harmonization.cwl	STAR - Counts	5d8c131bbff59fb0c969217fc1d44e6d1503cd1f	Primary Tumor	NA	TCGA-A1-A0SJ	TCGA-A1-A0SJ-01A
7fadaf69-2a7b-4eca-aec9-c2f2b43eab3c	TSV	TCGA-EW-A1P3-01A-11R-A144-07	open	1100a85c-823d-417b-a764-9282ec8593a5.rna_seq.augmented_star_gene_counts.tsv	55298399-c1b6-4ae9-9984-638d15663a52	Transcriptome Profiling	gene_expression	Illumina	4235280	2021-12-13T22:31:28.427008-06:00	2b5f96118cebbb127eaa65c26f43971e	2024-07-30T09:49:45.134715-05:00	7fadaf69-2a7b-4eca-aec9-c2f2b43eab3c	Gene Expression Quantification	released	RNA-Seq	1	32.0 - 46.0	TCGA-BRCA	e2f9d67d-fc74-4c0a-9a90-e81fc20b431a	released	1100a85c-823d-417b-a764-9282ec8593a5_star__counts	https://github.com/NCI-GDC/gdc-rnaseq-cwl/blob/5d8c131bbff59fb0c969217fc1d44e6d1503cd1f/rnaseq-star-align/star2pass.rnaseq_harmonization.cwl	STAR - Counts	5d8c131bbff59fb0c969217fc1d44e6d1503cd1f	Primary Tumor	NA	TCGA-EW-A1P3	TCGA-EW-A1P3-01A
ac88a5c1-caae-4b08-87bc-0dedbe61d996	TSV	TCGA-D8-A27F-01A-11R-A16F-07	open	465928c5-ab56-46ff-acb5-76e36c97ebda.rna_seq.augmented_star_gene_counts.tsv	7f1736fb-5630-42a5-a5f0-87f1719569aa	Transcriptome Profiling	gene_expression	Illumina	4254739	2021-12-13T22:19:37.501721-06:00	c6d265903484d4382285ef3e19d66d5f	2024-07-30T10:05:27.034057-05:00	ac88a5c1-caae-4b08-87bc-0dedbe61d996	Gene Expression Quantification	released	RNA-Seq	1	32.0 - 46.0	TCGA-BRCA	f5d77f81-e190-42a1-adf8-e29fdef0ff68	released	465928c5-ab56-46ff-acb5-76e36c97ebda_star__counts	https://github.com/NCI-GDC/gdc-rnaseq-cwl/blob/5d8c131bbff59fb0c969217fc1d44e6d1503cd1f/rnaseq-star-align/star2pass.rnaseq_harmonization.cwl	STAR - Counts	5d8c131bbff59fb0c969217fc1d44e6d1503cd1f	Primary Tumor	NA	TCGA-D8-A27F	TCGA-D8-A27F-01A
4c2a67aa-54ef-405d-a498-45c1790380da	TSV	TCGA-D8-A13Y-01A-11R-A115-07	open	4e75f67b-99df-4ad5-a2ca-1877a3d45655.rna_seq.augmented_star_gene_counts.tsv	6e224f39-41d4-4986-8f83-0400363978a6	Transcriptome Profiling	gene_expression	Illumina	4250650	2021-12-13T22:40:16.614942-06:00	410b5e73bc151dc82508c7a03ae21897	2024-07-30T09:51:27.162663-05:00	4c2a67aa-54ef-405d-a498-45c1790380da	Gene Expression Quantification	released	RNA-Seq	1	32.0 - 46.0	TCGA-BRCA	b696ef9f-a4f3-4b61-9b34-4a22f87c3bb7	released	4e75f67b-99df-4ad5-a2ca-1877a3d45655_star__counts	https://github.com/NCI-GDC/gdc-rnaseq-cwl/blob/5d8c131bbff59fb0c969217fc1d44e6d1503cd1f/rnaseq-star-align/star2pass.rnaseq_harmonization.cwl	STAR - Counts	5d8c131bbff59fb0c969217fc1d44e6d1503cd1f	Primary Tumor	NA	TCGA-D8-A13Y	TCGA-D8-A13Y-01A
136df0c2-a2a4-42e9-9cc6-9051d4f4c13d	TSV	TCGA-A2-A04V-01A-21R-A034-07	open	7faebca5-c36a-4a24-b785-5e673cf5a0ed.rna_seq.augmented_star_gene_counts.tsv	ef34f01f-f195-4e74-9122-910133ded177	Transcriptome Profiling	gene_expression	Illumina	4236315	2021-12-13T22:11:47.232875-06:00	d62abe0b79cc95ca8644d2281079be38	2024-07-30T09:19:37.653444-05:00	136df0c2-a2a4-42e9-9cc6-9051d4f4c13d	Gene Expression Quantification	released	RNA-Seq	1	32.0 - 46.0	TCGA-BRCA	7b454f13-0184-40e8-b574-b87863b69f3f	released	7faebca5-c36a-4a24-b785-5e673cf5a0ed_star__counts	https://github.com/NCI-GDC/gdc-rnaseq-cwl/blob/5d8c131bbff59fb0c969217fc1d44e6d1503cd1f/rnaseq-star-align/star2pass.rnaseq_harmonization.cwl	STAR - Counts	5d8c131bbff59fb0c969217fc1d44e6d1503cd1f	Primary Tumor	NA	TCGA-A2-A04V	TCGA-A2-A04V-01A
41e96cc6-43d5-4eea-bbd3-23fb389d5532	TSV	TCGA-AN-A0XO-01A-11R-A109-07	open	b9e82597-fdf2-4479-a764-29193ddbd58f.rna_seq.augmented_star_gene_counts.tsv	56067fed-5332-4bd2-b413-5654cad30a7e	Transcriptome Profiling	gene_expression	Illumina	4248082	2021-12-13T22:23:52.410274-06:00	15cad6ce44bd46a89c0bb741805036c6	2024-07-30T09:58:31.871758-05:00	41e96cc6-43d5-4eea-bbd3-23fb389d5532	Gene Expression Quantification	released	RNA-Seq	1	32.0 - 46.0	TCGA-BRCA	af6d5f51-200c-4724-89ea-59ebc63f07a8	released	b9e82597-fdf2-4479-a764-29193ddbd58f_star__counts	https://github.com/NCI-GDC/gdc-rnaseq-cwl/blob/5d8c131bbff59fb0c969217fc1d44e6d1503cd1f/rnaseq-star-align/star2pass.rnaseq_harmonization.cwl	STAR - Counts	5d8c131bbff59fb0c969217fc1d44e6d1503cd1f	Primary Tumor	NA	TCGA-AN-A0XO	TCGA-AN-A0XO-01A
45bf52c6-b1a3-4f01-8345-a224fc195e18	TSV	TCGA-A2-A04N-01A-11R-A115-07	open	5020cd67-6bd9-420c-bc6a-1cc8f2f78bde.rna_seq.augmented_star_gene_counts.tsv	9a12b627-6f82-41f0-84e8-c2bf704353e5	Transcriptome Profiling	gene_expression	Illumina	4245360	2021-12-13T22:12:22.283931-06:00	920f721f5456c2cba428c904be7686bb	2024-07-30T09:44:10.538582-05:00	45bf52c6-b1a3-4f01-8345-a224fc195e18	Gene Expression Quantification	released	RNA-Seq	1	32.0 - 46.0	TCGA-BRCA	53cbe1cb-a304-4b81-a6c7-eee293290c08	released	5020cd67-6bd9-420c-bc6a-1cc8f2f78bde_star__counts	https://github.com/NCI-GDC/gdc-rnaseq-cwl/blob/5d8c131bbff59fb0c969217fc1d44e6d1503cd1f/rnaseq-star-align/star2pass.rnaseq_harmonization.cwl	STAR - Counts	5d8c131bbff59fb0c969217fc1d44e6d1503cd1f	Primary Tumor	NA	TCGA-A2-A04N	TCGA-A2-A04N-01A
207ea988-6795-460c-bfeb-382d8c758f31	TSV	TCGA-E9-A1NG-11A-52R-A14M-07	open	2c555b4c-f219-40f9-95a4-bf96122b9c1c.rna_seq.augmented_star_gene_counts.tsv	8e7b58e8-f8cf-4429-9295-f1233bdd487c	Transcriptome Profiling	gene_expression	Illumina	4236909	2021-12-13T22:36:56.331653-06:00	fb7cc39ac70aa243e8eb3c9e907c8007	2024-07-30T09:47:33.684222-05:00	207ea988-6795-460c-bfeb-382d8c758f31	Gene Expression Quantification	released	RNA-Seq	1	32.0 - 46.0	TCGA-BRCA	eb95ed4f-aff1-4507-877d-7d7e38cf3a64	released	2c555b4c-f219-40f9-95a4-bf96122b9c1c_star__counts	https://github.com/NCI-GDC/gdc-rnaseq-cwl/blob/5d8c131bbff59fb0c969217fc1d44e6d1503cd1f/rnaseq-star-align/star2pass.rnaseq_harmonization.cwl	STAR - Counts	5d8c131bbff59fb0c969217fc1d44e6d1503cd1f	Solid Tissue Normal	NA	TCGA-E9-A1NG	TCGA-E9-A1NG-11A
67347e29-6d43-4234-8b04-188be7e6440b	TSV	TCGA-E2-A14Y-01A-21R-A12D-07	open	85caaa0e-2811-46d2-b934-d9f9f006afc6.rna_seq.augmented_star_gene_counts.tsv	f347763d-8fa7-4d70-bb4c-33489ab68cc5	Transcriptome Profiling	gene_expression	Illumina	4222149	2021-12-13T22:32:17.245233-06:00	dbc6791263fe5cddd3875920a4151afa	2024-07-30T09:20:53.189760-05:00	67347e29-6d43-4234-8b04-188be7e6440b	Gene Expression Quantification	released	RNA-Seq	1	32.0 - 46.0	TCGA-BRCA	ec3423c9-f83d-4dd6-af5c-9f9b406beec5	released	85caaa0e-2811-46d2-b934-d9f9f006afc6_star__counts	https://github.com/NCI-GDC/gdc-rnaseq-cwl/blob/5d8c131bbff59fb0c969217fc1d44e6d1503cd1f/rnaseq-star-align/star2pass.rnaseq_harmonization.cwl	STAR - Counts	5d8c131bbff59fb0c969217fc1d44e6d1503cd1f	Primary Tumor	NA	TCGA-E2-A14Y	TCGA-E2-A14Y-01A
4004cdd0-51fa-4330-bd03-5448f6c7b787	TSV	TCGA-B6-A0I5-01A-11R-A034-07	open	bce4dcd7-d9e8-408a-8ab0-f993f9297a68.rna_seq.augmented_star_gene_counts.tsv	2ca50d00-1f43-4e8c-9c65-7b06e512bc3b	Transcriptome Profiling	gene_expression	Illumina	4227158	2021-12-13T22:17:29.599343-06:00	0303bf55910d1370b888492dbc22d1a8	2024-07-30T09:24:42.615487-05:00	4004cdd0-51fa-4330-bd03-5448f6c7b787	Gene Expression Quantification	released	RNA-Seq	1	32.0 - 46.0	TCGA-BRCA	e8912b85-2873-441c-8f6f-6ec8e812b30b	released	bce4dcd7-d9e8-408a-8ab0-f993f9297a68_star__counts	https://github.com/NCI-GDC/gdc-rnaseq-cwl/blob/5d8c131bbff59fb0c969217fc1d44e6d1503cd1f/rnaseq-star-align/star2pass.rnaseq_harmonization.cwl	STAR - Counts	5d8c131bbff59fb0c969217fc1d44e6d1503cd1f	Primary Tumor	NA	TCGA-B6-A0I5	TCGA-B6-A0I5-01A
f9418a79-3614-41a1-8ab0-c2b4313c6fd4	TSV	TCGA-S3-A6ZG-01A-22R-A32P-07	open	78142fe5-7a8a-49dd-87b5-6a1e6427893e.rna_seq.augmented_star_gene_counts.tsv	df4d6105-b7cf-4455-91b9-b80c3da71fc9	Transcriptome Profiling	gene_expression	Illumina	4253754	2021-12-13T22:18:16.619020-06:00	1814ac42d96a55c37071edd5de0468e9	2024-07-30T08:51:37.741669-05:00	f9418a79-3614-41a1-8ab0-c2b4313c6fd4	Gene Expression Quantification	released	RNA-Seq	1	32.0 - 46.0	TCGA-BRCA	9896e37b-bd02-4370-b502-25cef2712a2b	released	78142fe5-7a8a-49dd-87b5-6a1e6427893e_star__counts	https://github.com/NCI-GDC/gdc-rnaseq-cwl/blob/5d8c131bbff59fb0c969217fc1d44e6d1503cd1f/rnaseq-star-align/star2pass.rnaseq_harmonization.cwl	STAR - Counts	5d8c131bbff59fb0c969217fc1d44e6d1503cd1f	Primary Tumor	NA	TCGA-S3-A6ZG	TCGA-S3-A6ZG-01A
5e789924-9d98-4765-a348-90a27349d906	TSV	TCGA-GI-A2C9-11A-22R-A21T-07	open	d83bb114-c175-4fd5-aac0-5dc04b9218b0.rna_seq.augmented_star_gene_counts.tsv	81c105ff-e3d9-4f10-8487-73a5b29ea098	Transcriptome Profiling	gene_expression	Illumina	4256920	2021-12-13T22:27:43.435295-06:00	d8dfac715263256aa92e52820c9ad00b	2024-07-30T09:34:55.371942-05:00	5e789924-9d98-4765-a348-90a27349d906	Gene Expression Quantification	released	RNA-Seq	1	32.0 - 46.0	TCGA-BRCA	4c8f0be7-7189-48ce-b04f-01baa792b8b7	released	d83bb114-c175-4fd5-aac0-5dc04b9218b0_star__counts	https://github.com/NCI-GDC/gdc-rnaseq-cwl/blob/5d8c131bbff59fb0c969217fc1d44e6d1503cd1f/rnaseq-star-align/star2pass.rnaseq_harmonization.cwl	STAR - Counts	5d8c131bbff59fb0c969217fc1d44e6d1503cd1f	Solid Tissue Normal	NA	TCGA-GI-A2C9	TCGA-GI-A2C9-11A
189f1a1b-96d6-4cb9-9000-001e08dca1ba	TSV	TCGA-E2-A1LK-01A-21R-A14D-07	open	1044dff3-e077-4086-8d78-e3c125ec0c84.rna_seq.augmented_star_gene_counts.tsv	e43c866b-f2d5-42d3-98ac-a030c8f9106f	Transcriptome Profiling	gene_expression	Illumina	4224948	2021-12-13T21:47:45.459012-06:00	6dcf4c78be4da29f879fd906da9f1fbc	2024-07-30T09:44:58.708230-05:00	189f1a1b-96d6-4cb9-9000-001e08dca1ba	Gene Expression Quantification	released	RNA-Seq	1	32.0 - 46.0	TCGA-BRCA	c90b60f0-4550-4ef7-9133-907a08586e3f	released	1044dff3-e077-4086-8d78-e3c125ec0c84_star__counts	https://github.com/NCI-GDC/gdc-rnaseq-cwl/blob/5d8c131bbff59fb0c969217fc1d44e6d1503cd1f/rnaseq-star-align/star2pass.rnaseq_harmonization.cwl	STAR - Counts	5d8c131bbff59fb0c969217fc1d44e6d1503cd1f	Primary Tumor	NA	TCGA-E2-A1LK	TCGA-E2-A1LK-01A
c1f6f39f-db8f-4449-bfb2-d1f3f2a95d22	TSV	TCGA-AR-A1AW-01A-21R-A12P-07	open	d4bca8f9-f63e-43bb-ab6b-7529a86afac5.rna_seq.augmented_star_gene_counts.tsv	f66a2ac1-4d1f-486e-873f-1846fd2d2f82	Transcriptome Profiling	gene_expression	Illumina	4247383	2021-12-13T22:24:54.678274-06:00	08f13031508a8ffb56b48eced6878574	2024-07-30T09:50:57.156147-05:00	c1f6f39f-db8f-4449-bfb2-d1f3f2a95d22	Gene Expression Quantification	released	RNA-Seq	1	32.0 - 46.0	TCGA-BRCA	a3f25f1a-f323-4580-9fae-d22d2d3cc7e8	released	d4bca8f9-f63e-43bb-ab6b-7529a86afac5_star__counts	https://github.com/NCI-GDC/gdc-rnaseq-cwl/blob/5d8c131bbff59fb0c969217fc1d44e6d1503cd1f/rnaseq-star-align/star2pass.rnaseq_harmonization.cwl	STAR - Counts	5d8c131bbff59fb0c969217fc1d44e6d1503cd1f	Primary Tumor	NA	TCGA-AR-A1AW	TCGA-AR-A1AW-01A
4b558a24-b10c-4d59-a921-10e6a3a9fb35	TSV	TCGA-AR-A24Z-01A-11R-A169-07	open	3621ce2e-a1eb-4a45-ac06-779a780b0b99.rna_seq.augmented_star_gene_counts.tsv	e83790f7-523c-4d4d-b4d6-95270f12e397	Transcriptome Profiling	gene_expression	Illumina	4257373	2021-12-13T22:27:04.433485-06:00	bacf26b636b4a4e27a8292879179c314	2024-07-30T10:02:13.701922-05:00	4b558a24-b10c-4d59-a921-10e6a3a9fb35	Gene Expression Quantification	released	RNA-Seq	1	32.0 - 46.0	TCGA-BRCA	03f647e5-afe5-4d27-9ea7-cf19c19cfd42	released	3621ce2e-a1eb-4a45-ac06-779a780b0b99_star__counts	https://github.com/NCI-GDC/gdc-rnaseq-cwl/blob/5d8c131bbff59fb0c969217fc1d44e6d1503cd1f/rnaseq-star-align/star2pass.rnaseq_harmonization.cwl	STAR - Counts	5d8c131bbff59fb0c969217fc1d44e6d1503cd1f	Primary Tumor	NA	TCGA-AR-A24Z	TCGA-AR-A24Z-01A
fe7c2cdd-7c3f-4d76-ad78-2a676116f464	TSV	TCGA-AC-A7VB-01A-11R-A352-07	open	97a50d88-e662-43d5-9cef-2915545e8968.rna_seq.augmented_star_gene_counts.tsv	48608d0e-7098-4c55-a83c-e1229ec7f717	Transcriptome Profiling	gene_expression	Illumina	4247663	2021-12-13T22:14:48.373870-06:00	89172e025071b5cf9f78b693a8d3521b	2024-07-30T10:09:11.268636-05:00	fe7c2cdd-7c3f-4d76-ad78-2a676116f464	Gene Expression Quantification	released	RNA-Seq	1	32.0 - 46.0	TCGA-BRCA	82a4d953-d9e2-4b8e-baf8-f49c34fcb735	released	97a50d88-e662-43d5-9cef-2915545e8968_star__counts	https://github.com/NCI-GDC/gdc-rnaseq-cwl/blob/5d8c131bbff59fb0c969217fc1d44e6d1503cd1f/rnaseq-star-align/star2pass.rnaseq_harmonization.cwl	STAR - Counts	5d8c131bbff59fb0c969217fc1d44e6d1503cd1f	Primary Tumor	NA	TCGA-AC-A7VB	TCGA-AC-A7VB-01A
ee39aea6-23f8-470f-863c-545ef6c5ea77	TSV	TCGA-B6-A400-01A-11R-A239-07	open	b44be803-b398-4e93-b459-40ecdf2cb130.rna_seq.augmented_star_gene_counts.tsv	b156f8ac-b009-4ec9-bba5-4c0deea4c04b	Transcriptome Profiling	gene_expression	Illumina	4256495	2021-12-13T22:19:46.355247-06:00	9eaf956083e5c9e64951cb323f64b6bf	2024-07-30T09:24:12.270527-05:00	ee39aea6-23f8-470f-863c-545ef6c5ea77	Gene Expression Quantification	released	RNA-Seq	1	32.0 - 46.0	TCGA-BRCA	d392115f-3464-47b3-ae93-e860af381bee	released	b44be803-b398-4e93-b459-40ecdf2cb130_star__counts	https://github.com/NCI-GDC/gdc-rnaseq-cwl/blob/5d8c131bbff59fb0c969217fc1d44e6d1503cd1f/rnaseq-star-align/star2pass.rnaseq_harmonization.cwl	STAR - Counts	5d8c131bbff59fb0c969217fc1d44e6d1503cd1f	Primary Tumor	NA	TCGA-B6-A400	TCGA-B6-A400-01A
c6a4afd8-8044-475f-b4fd-a1b4cb922976	TSV	TCGA-E2-A1BC-11A-32R-A12P-07	open	58bcabc9-6f6b-43c0-bf40-fa9396c6c9d7.rna_seq.augmented_star_gene_counts.tsv	1d2a5e1b-f07b-422b-8f90-0e5bcf16a785	Transcriptome Profiling	gene_expression	Illumina	4216938	2021-12-13T22:13:48.225083-06:00	a2fe2c45fccabd23f8c860c4fc8701b3	2024-07-30T09:30:16.342905-05:00	c6a4afd8-8044-475f-b4fd-a1b4cb922976	Gene Expression Quantification	released	RNA-Seq	1	32.0 - 46.0	TCGA-BRCA	26a3f480-641c-4229-a37a-854dbbe81419	released	58bcabc9-6f6b-43c0-bf40-fa9396c6c9d7_star__counts	https://github.com/NCI-GDC/gdc-rnaseq-cwl/blob/5d8c131bbff59fb0c969217fc1d44e6d1503cd1f/rnaseq-star-align/star2pass.rnaseq_harmonization.cwl	STAR - Counts	5d8c131bbff59fb0c969217fc1d44e6d1503cd1f	Solid Tissue Normal	NA	TCGA-E2-A1BC	TCGA-E2-A1BC-11A
cf801232-8aa2-4ede-80b0-8c5b9876941b	TSV	TCGA-BH-A0HQ-01A-11R-A034-07	open	c861f2ac-61fd-45cc-9e14-f775f9eed494.rna_seq.augmented_star_gene_counts.tsv	e8cc16bf-1e2a-4bef-b02d-e1e6a4dd0bc0	Transcriptome Profiling	gene_expression	Illumina	4236823	2021-12-13T22:07:25.376746-06:00	975c22c1d9c68873a2466ffa213369e8	2024-07-30T10:01:48.859753-05:00	cf801232-8aa2-4ede-80b0-8c5b9876941b	Gene Expression Quantification	released	RNA-Seq	1	32.0 - 46.0	TCGA-BRCA	025dcd6d-f0e2-485a-a96c-911d573c2f6f	released	c861f2ac-61fd-45cc-9e14-f775f9eed494_star__counts	https://github.com/NCI-GDC/gdc-rnaseq-cwl/blob/5d8c131bbff59fb0c969217fc1d44e6d1503cd1f/rnaseq-star-align/star2pass.rnaseq_harmonization.cwl	STAR - Counts	5d8c131bbff59fb0c969217fc1d44e6d1503cd1f	Primary Tumor	NA	TCGA-BH-A0HQ	TCGA-BH-A0HQ-01A
a9b5ab37-10c2-4fb6-9c4e-3fcd5ea26526	TSV	TCGA-AO-A0JF-01A-11R-A056-07	open	dbc4f72a-3937-4092-92b8-d52c6b0c3340.rna_seq.augmented_star_gene_counts.tsv	f42a9669-90b7-4e23-a701-8d0e88608b17	Transcriptome Profiling	gene_expression	Illumina	4241654	2021-12-13T22:08:08.831827-06:00	f8d08cce1b63a4d287c030e55e40575b	2024-07-30T09:27:55.664877-05:00	a9b5ab37-10c2-4fb6-9c4e-3fcd5ea26526	Gene Expression Quantification	released	RNA-Seq	1	32.0 - 46.0	TCGA-BRCA	a2b94bb8-e994-413e-81d2-46de596bb495	released	dbc4f72a-3937-4092-92b8-d52c6b0c3340_star__counts	https://github.com/NCI-GDC/gdc-rnaseq-cwl/blob/5d8c131bbff59fb0c969217fc1d44e6d1503cd1f/rnaseq-star-align/star2pass.rnaseq_harmonization.cwl	STAR - Counts	5d8c131bbff59fb0c969217fc1d44e6d1503cd1f	Primary Tumor	NA	TCGA-AO-A0JF	TCGA-AO-A0JF-01A
f55eb7a0-34e6-4d0d-9427-7d7896ddf060	TSV	TCGA-AR-A5QQ-01A-11R-A28M-07	open	8a7a2dda-c92e-425c-9c18-5f50aaeba203.rna_seq.augmented_star_gene_counts.tsv	76709329-a715-493c-accf-9a6eff5792e3	Transcriptome Profiling	gene_expression	Illumina	4231995	2021-12-13T22:00:50.810248-06:00	4482f02d75e973a8aeef169bed0dd456	2024-07-30T09:49:06.656174-05:00	f55eb7a0-34e6-4d0d-9427-7d7896ddf060	Gene Expression Quantification	released	RNA-Seq	1	32.0 - 46.0	TCGA-BRCA	a2b6fdd0-a0f0-45b0-9306-b2f6ba98cbd2	released	8a7a2dda-c92e-425c-9c18-5f50aaeba203_star__counts	https://github.com/NCI-GDC/gdc-rnaseq-cwl/blob/5d8c131bbff59fb0c969217fc1d44e6d1503cd1f/rnaseq-star-align/star2pass.rnaseq_harmonization.cwl	STAR - Counts	5d8c131bbff59fb0c969217fc1d44e6d1503cd1f	Primary Tumor	NA	TCGA-AR-A5QQ	TCGA-AR-A5QQ-01A
4c46a463-f0e3-4e19-ad95-5dab0231d1c6	TSV	TCGA-AR-A1AX-01A-11R-A12P-07	open	f2ab4258-222d-4a08-a805-3628048ebf1c.rna_seq.augmented_star_gene_counts.tsv	bef105f5-9f26-4122-bf53-762a2c5243e1	Transcriptome Profiling	gene_expression	Illumina	4249633	2021-12-13T21:51:47.586584-06:00	dd0fdbda13c78711977c48efacbd3026	2024-07-30T09:50:35.710954-05:00	4c46a463-f0e3-4e19-ad95-5dab0231d1c6	Gene Expression Quantification	released	RNA-Seq	1	32.0 - 46.0	TCGA-BRCA	339fee09-9a7e-4ddf-90e1-9144f22d1369	released	f2ab4258-222d-4a08-a805-3628048ebf1c_star__counts	https://github.com/NCI-GDC/gdc-rnaseq-cwl/blob/5d8c131bbff59fb0c969217fc1d44e6d1503cd1f/rnaseq-star-align/star2pass.rnaseq_harmonization.cwl	STAR - Counts	5d8c131bbff59fb0c969217fc1d44e6d1503cd1f	Primary Tumor	NA	TCGA-AR-A1AX	TCGA-AR-A1AX-01A
26466526-2d6e-4869-a06a-c33344e5fab2	TSV	TCGA-D8-A1X5-01A-11R-A14D-07	open	586df577-513d-4d43-ac47-89c52f322d30.rna_seq.augmented_star_gene_counts.tsv	60ca8324-d7be-4f4e-b052-1cea4925b33a	Transcriptome Profiling	gene_expression	Illumina	4235242	2021-12-13T22:14:50.862150-06:00	5efb673d8416606432b362299859ea1e	2024-07-30T10:08:31.101586-05:00	26466526-2d6e-4869-a06a-c33344e5fab2	Gene Expression Quantification	released	RNA-Seq	1	32.0 - 46.0	TCGA-BRCA	86b6f9e8-300e-43ea-b34b-b28b5057972c	released	586df577-513d-4d43-ac47-89c52f322d30_star__counts	https://github.com/NCI-GDC/gdc-rnaseq-cwl/blob/5d8c131bbff59fb0c969217fc1d44e6d1503cd1f/rnaseq-star-align/star2pass.rnaseq_harmonization.cwl	STAR - Counts	5d8c131bbff59fb0c969217fc1d44e6d1503cd1f	Primary Tumor	NA	TCGA-D8-A1X5	TCGA-D8-A1X5-01A
94ae90d4-16a8-4922-b6b6-e5fcec9d0ae6	TSV	TCGA-D8-A73W-01A-22R-A352-07	open	f1d01b35-7a63-48c1-82ae-a9684906ef65.rna_seq.augmented_star_gene_counts.tsv	2ee88ef3-f64a-471b-8683-4b738ea5701e	Transcriptome Profiling	gene_expression	Illumina	4239996	2021-12-13T22:34:30.926628-06:00	8b1777cf1b2367e318997f35a0382ee5	2024-07-30T09:52:08.310890-05:00	94ae90d4-16a8-4922-b6b6-e5fcec9d0ae6	Gene Expression Quantification	released	RNA-Seq	1	32.0 - 46.0	TCGA-BRCA	0bd3dd1b-9c6c-43b0-89e8-f68dd52e7f06	released	f1d01b35-7a63-48c1-82ae-a9684906ef65_star__counts	https://github.com/NCI-GDC/gdc-rnaseq-cwl/blob/5d8c131bbff59fb0c969217fc1d44e6d1503cd1f/rnaseq-star-align/star2pass.rnaseq_harmonization.cwl	STAR - Counts	5d8c131bbff59fb0c969217fc1d44e6d1503cd1f	Primary Tumor	NA	TCGA-D8-A73W	TCGA-D8-A73W-01A
1581b466-9502-491e-828b-dd9b721690cb	TSV	TCGA-E2-A1IH-01A-11R-A13Q-07	open	51bced11-ff98-4338-8e54-0b1a35a6d982.rna_seq.augmented_star_gene_counts.tsv	7d3aa377-906d-4b6e-9be9-7a8407e8b3bf	Transcriptome Profiling	gene_expression	Illumina	4249517	2021-12-13T21:50:55.580778-06:00	57aef6f7070060537c7f15183affb019	2024-07-30T09:28:11.616076-05:00	1581b466-9502-491e-828b-dd9b721690cb	Gene Expression Quantification	released	RNA-Seq	1	32.0 - 46.0	TCGA-BRCA	6cb4f7cf-bacf-4f66-9222-b2b204e005ff	released	51bced11-ff98-4338-8e54-0b1a35a6d982_star__counts	https://github.com/NCI-GDC/gdc-rnaseq-cwl/blob/5d8c131bbff59fb0c969217fc1d44e6d1503cd1f/rnaseq-star-align/star2pass.rnaseq_harmonization.cwl	STAR - Counts	5d8c131bbff59fb0c969217fc1d44e6d1503cd1f	Primary Tumor	NA	TCGA-E2-A1IH	TCGA-E2-A1IH-01A
eea8e274-7b23-444d-999d-1741d7a928d2	TSV	TCGA-E2-A109-01A-11R-A10J-07	open	20ef7196-2274-44e1-a105-0761f80c893c.rna_seq.augmented_star_gene_counts.tsv	560d08aa-63c6-4122-8056-1c599a8e7adf	Transcriptome Profiling	gene_expression	Illumina	4249741	2021-12-13T22:23:46.884624-06:00	d53961c225cef52a1ec4ff227495c03c	2024-07-30T09:18:02.194691-05:00	eea8e274-7b23-444d-999d-1741d7a928d2	Gene Expression Quantification	released	RNA-Seq	1	32.0 - 46.0	TCGA-BRCA	19763340-9bbd-402f-9bfe-e6287d46abbd	released	20ef7196-2274-44e1-a105-0761f80c893c_star__counts	https://github.com/NCI-GDC/gdc-rnaseq-cwl/blob/5d8c131bbff59fb0c969217fc1d44e6d1503cd1f/rnaseq-star-align/star2pass.rnaseq_harmonization.cwl	STAR - Counts	5d8c131bbff59fb0c969217fc1d44e6d1503cd1f	Primary Tumor	NA	TCGA-E2-A109	TCGA-E2-A109-01A
4ec56a4e-a3ce-4511-a517-199e2a535b1a	TSV	TCGA-C8-A27B-01A-11R-A169-07	open	d898e588-a74d-435c-b930-b96c266ff580.rna_seq.augmented_star_gene_counts.tsv	befc89d0-4f53-4343-aca2-a978354cbc14	Transcriptome Profiling	gene_expression	Illumina	4248732	2021-12-13T22:36:22.044150-06:00	7b6ab17da013c0425feef6616f4458ae	2024-07-30T09:21:24.346496-05:00	4ec56a4e-a3ce-4511-a517-199e2a535b1a	Gene Expression Quantification	released	RNA-Seq	1	32.0 - 46.0	TCGA-BRCA	846819e7-19af-4135-943a-467c2d85cf29	released	d898e588-a74d-435c-b930-b96c266ff580_star__counts	https://github.com/NCI-GDC/gdc-rnaseq-cwl/blob/5d8c131bbff59fb0c969217fc1d44e6d1503cd1f/rnaseq-star-align/star2pass.rnaseq_harmonization.cwl	STAR - Counts	5d8c131bbff59fb0c969217fc1d44e6d1503cd1f	Primary Tumor	NA	TCGA-C8-A27B	TCGA-C8-A27B-01A
99502a82-c77e-482b-8589-82d9ef82d5d1	TSV	TCGA-E2-A15O-01A-11R-A115-07	open	79beb4e0-5066-481f-b432-94d69219bfe8.rna_seq.augmented_star_gene_counts.tsv	775ac1fc-7314-4077-807a-099449dc2997	Transcriptome Profiling	gene_expression	Illumina	4241886	2021-12-13T22:24:32.131844-06:00	188818c927caae1913b01f1b522d7ef4	2024-07-30T09:48:30.455966-05:00	99502a82-c77e-482b-8589-82d9ef82d5d1	Gene Expression Quantification	released	RNA-Seq	1	32.0 - 46.0	TCGA-BRCA	a63d711b-f3a9-4397-8b27-e6dcda8575a9	released	79beb4e0-5066-481f-b432-94d69219bfe8_star__counts	https://github.com/NCI-GDC/gdc-rnaseq-cwl/blob/5d8c131bbff59fb0c969217fc1d44e6d1503cd1f/rnaseq-star-align/star2pass.rnaseq_harmonization.cwl	STAR - Counts	5d8c131bbff59fb0c969217fc1d44e6d1503cd1f	Primary Tumor	NA	TCGA-E2-A15O	TCGA-E2-A15O-01A
6efd37a6-1669-4cdd-95b6-60c688e1e236	TSV	TCGA-A7-A0DB-01A-11R-A277-07	open	304b7293-0a76-4028-9a18-58c87c751ceb.rna_seq.augmented_star_gene_counts.tsv	43461f8d-2566-4001-9f87-3af1efde29f4	Transcriptome Profiling	gene_expression	Illumina	4212734	2021-12-13T21:55:25.669477-06:00	c9eecbd1aa38a8078ff41e125d49fc53	2024-07-30T09:55:33.342711-05:00	6efd37a6-1669-4cdd-95b6-60c688e1e236	Gene Expression Quantification	released	RNA-Seq	1	32.0 - 46.0	TCGA-BRCA	87b8b31f-e1b0-4145-bb8c-e367ced37fd3	released	304b7293-0a76-4028-9a18-58c87c751ceb_star__counts	https://github.com/NCI-GDC/gdc-rnaseq-cwl/blob/5d8c131bbff59fb0c969217fc1d44e6d1503cd1f/rnaseq-star-align/star2pass.rnaseq_harmonization.cwl	STAR - Counts	5d8c131bbff59fb0c969217fc1d44e6d1503cd1f	Primary Tumor	NA	TCGA-A7-A0DB	TCGA-A7-A0DB-01A
4382bb60-997e-4a1a-9cdb-3d8738806379	TSV	TCGA-A2-A4RX-01A-11R-A266-07	open	790ea932-848f-40cf-ab94-673eea700aa2.rna_seq.augmented_star_gene_counts.tsv	d70c64bb-8fb0-4421-bba3-2beff5e68379	Transcriptome Profiling	gene_expression	Illumina	4233860	2021-12-13T22:25:07.539541-06:00	a0b221f948225f9bea77638969954abe	2024-07-30T10:03:50.203773-05:00	4382bb60-997e-4a1a-9cdb-3d8738806379	Gene Expression Quantification	released	RNA-Seq	1	32.0 - 46.0	TCGA-BRCA	0c3c1886-7c2e-4a73-baa1-d02f7e3c229e	released	790ea932-848f-40cf-ab94-673eea700aa2_star__counts	https://github.com/NCI-GDC/gdc-rnaseq-cwl/blob/5d8c131bbff59fb0c969217fc1d44e6d1503cd1f/rnaseq-star-align/star2pass.rnaseq_harmonization.cwl	STAR - Counts	5d8c131bbff59fb0c969217fc1d44e6d1503cd1f	Primary Tumor	NA	TCGA-A2-A4RX	TCGA-A2-A4RX-01A
fb32f0b1-4fb7-43d5-8091-dc13a1f6d9e8	TSV	TCGA-A8-A06R-01A-11R-A00Z-07	open	1d468785-141d-40ca-acb1-d6d85a8c9d7b.rna_seq.augmented_star_gene_counts.tsv	70ea5a0a-27ed-4b05-8d98-57b93e54103f	Transcriptome Profiling	gene_expression	Illumina	4246171	2021-12-13T22:18:31.261199-06:00	014bebf8b00089c3524d39200bce491c	2024-07-30T09:57:18.100734-05:00	fb32f0b1-4fb7-43d5-8091-dc13a1f6d9e8	Gene Expression Quantification	released	RNA-Seq	1	32.0 - 46.0	TCGA-BRCA	4dfa070b-5b48-4f1b-9669-a421882b8a8e	released	1d468785-141d-40ca-acb1-d6d85a8c9d7b_star__counts	https://github.com/NCI-GDC/gdc-rnaseq-cwl/blob/5d8c131bbff59fb0c969217fc1d44e6d1503cd1f/rnaseq-star-align/star2pass.rnaseq_harmonization.cwl	STAR - Counts	5d8c131bbff59fb0c969217fc1d44e6d1503cd1f	Primary Tumor	NA	TCGA-A8-A06R	TCGA-A8-A06R-01A
90eefb33-6808-45c3-9ab1-6eca0decdc9d	TSV	TCGA-BH-A1FU-01A-11R-A14D-07	open	71c9a6fc-0538-4533-af51-f7c9defe7770.rna_seq.augmented_star_gene_counts.tsv	bcb74e54-aef7-4d57-96e6-a39441a99ae9	Transcriptome Profiling	gene_expression	Illumina	4238678	2021-12-13T22:16:50.317956-06:00	3e3f4b56a5142e2be9ae6ca3f927c072	2024-07-30T09:42:09.786109-05:00	90eefb33-6808-45c3-9ab1-6eca0decdc9d	Gene Expression Quantification	released	RNA-Seq	1	32.0 - 46.0	TCGA-BRCA	d268ed52-eaae-4040-9ce3-295f07d28fad	released	71c9a6fc-0538-4533-af51-f7c9defe7770_star__counts	https://github.com/NCI-GDC/gdc-rnaseq-cwl/blob/5d8c131bbff59fb0c969217fc1d44e6d1503cd1f/rnaseq-star-align/star2pass.rnaseq_harmonization.cwl	STAR - Counts	5d8c131bbff59fb0c969217fc1d44e6d1503cd1f	Primary Tumor	NA	TCGA-BH-A1FU	TCGA-BH-A1FU-01A
eddb2dc6-2b72-43a8-a7fc-3dd09dde68af	TSV	TCGA-BH-A1FU-11A-23R-A14D-07	open	316d8a79-9084-4355-9de7-e29503bf0864.rna_seq.augmented_star_gene_counts.tsv	f5255393-b9c0-4088-9b7a-beaa7dc01c36	Transcriptome Profiling	gene_expression	Illumina	4241720	2021-12-13T21:56:25.110539-06:00	2262a72d5484ad94c64449320a0812a5	2024-07-30T09:44:24.448311-05:00	eddb2dc6-2b72-43a8-a7fc-3dd09dde68af	Gene Expression Quantification	released	RNA-Seq	1	32.0 - 46.0	TCGA-BRCA	2b5d04fc-187d-4597-9ecd-550d533233ec	released	316d8a79-9084-4355-9de7-e29503bf0864_star__counts	https://github.com/NCI-GDC/gdc-rnaseq-cwl/blob/5d8c131bbff59fb0c969217fc1d44e6d1503cd1f/rnaseq-star-align/star2pass.rnaseq_harmonization.cwl	STAR - Counts	5d8c131bbff59fb0c969217fc1d44e6d1503cd1f	Solid Tissue Normal	NA	TCGA-BH-A1FU	TCGA-BH-A1FU-11A
59c3cb45-ca6e-40ad-a3f0-9b496b934aa5	TSV	TCGA-E9-A3Q9-01A-11R-A21T-07	open	7abc395f-72e4-4835-8aef-aaca2f8a34b0.rna_seq.augmented_star_gene_counts.tsv	436f88c2-0a82-40ec-8f5b-5b68b49c46aa	Transcriptome Profiling	gene_expression	Illumina	4240841	2021-12-13T22:41:31.484487-06:00	ff0bb159b48733cced3c6d0b19bc87ae	2024-07-30T10:02:21.757623-05:00	59c3cb45-ca6e-40ad-a3f0-9b496b934aa5	Gene Expression Quantification	released	RNA-Seq	1	32.0 - 46.0	TCGA-BRCA	0e439e6a-ea44-4b46-aa54-d535ed8bacc5	released	7abc395f-72e4-4835-8aef-aaca2f8a34b0_star__counts	https://github.com/NCI-GDC/gdc-rnaseq-cwl/blob/5d8c131bbff59fb0c969217fc1d44e6d1503cd1f/rnaseq-star-align/star2pass.rnaseq_harmonization.cwl	STAR - Counts	5d8c131bbff59fb0c969217fc1d44e6d1503cd1f	Primary Tumor	NA	TCGA-E9-A3Q9	TCGA-E9-A3Q9-01A
eb166054-ff70-4a86-883b-9c25a7d2b0e5	TSV	TCGA-AR-A0TX-01A-11R-A084-07	open	6cc59c3f-0de5-4232-ab7a-7195a92e7d89.rna_seq.augmented_star_gene_counts.tsv	89bf5389-8e23-4c50-b634-e24a2e8c8532	Transcriptome Profiling	gene_expression	Illumina	4245622	2021-12-13T21:59:48.758182-06:00	2ce77f34d6c915bc5ae66ccedd2b1fe3	2024-07-30T09:57:01.828358-05:00	eb166054-ff70-4a86-883b-9c25a7d2b0e5	Gene Expression Quantification	released	RNA-Seq	1	32.0 - 46.0	TCGA-BRCA	50daeca5-1638-4cc7-9bb0-10ea8cb9da38	released	6cc59c3f-0de5-4232-ab7a-7195a92e7d89_star__counts	https://github.com/NCI-GDC/gdc-rnaseq-cwl/blob/5d8c131bbff59fb0c969217fc1d44e6d1503cd1f/rnaseq-star-align/star2pass.rnaseq_harmonization.cwl	STAR - Counts	5d8c131bbff59fb0c969217fc1d44e6d1503cd1f	Primary Tumor	NA	TCGA-AR-A0TX	TCGA-AR-A0TX-01A
3eb2d652-73f5-41c0-bf73-f40e85e1ecae	TSV	TCGA-AN-A03Y-01A-21R-A00Z-07	open	eecb45f4-ea57-4aea-814e-9895d42034e9.rna_seq.augmented_star_gene_counts.tsv	fc6f5b79-5b42-4831-ba3c-c3a5a2633c67	Transcriptome Profiling	gene_expression	Illumina	4239635	2021-12-13T22:04:21.368595-06:00	9652896584ddd9f89fea8369b698d8da	2024-07-30T09:52:58.852415-05:00	3eb2d652-73f5-41c0-bf73-f40e85e1ecae	Gene Expression Quantification	released	RNA-Seq	1	32.0 - 46.0	TCGA-BRCA	08632b1f-ca9a-43a1-8abe-cd7bd6497c88	released	eecb45f4-ea57-4aea-814e-9895d42034e9_star__counts	https://github.com/NCI-GDC/gdc-rnaseq-cwl/blob/5d8c131bbff59fb0c969217fc1d44e6d1503cd1f/rnaseq-star-align/star2pass.rnaseq_harmonization.cwl	STAR - Counts	5d8c131bbff59fb0c969217fc1d44e6d1503cd1f	Primary Tumor	NA	TCGA-AN-A03Y	TCGA-AN-A03Y-01A
cc7ea1eb-4947-4030-ace5-673e9441a9a8	TSV	TCGA-E2-A15D-01A-11R-A115-07	open	952e9924-3a48-4572-bf4c-95e5049e452d.rna_seq.augmented_star_gene_counts.tsv	5e50c734-f800-4837-93f9-dd8f65155f7b	Transcriptome Profiling	gene_expression	Illumina	4253150	2021-12-13T22:03:48.109136-06:00	db1916a66beeaea19203cfdb67bf6ae2	2024-07-30T09:52:22.192725-05:00	cc7ea1eb-4947-4030-ace5-673e9441a9a8	Gene Expression Quantification	released	RNA-Seq	1	32.0 - 46.0	TCGA-BRCA	0b8c88a2-5f36-431a-a76b-09f2c7f116ce	released	952e9924-3a48-4572-bf4c-95e5049e452d_star__counts	https://github.com/NCI-GDC/gdc-rnaseq-cwl/blob/5d8c131bbff59fb0c969217fc1d44e6d1503cd1f/rnaseq-star-align/star2pass.rnaseq_harmonization.cwl	STAR - Counts	5d8c131bbff59fb0c969217fc1d44e6d1503cd1f	Primary Tumor	NA	TCGA-E2-A15D	TCGA-E2-A15D-01A
578022ab-5178-4440-8996-73e8826dd74d	TSV	TCGA-GM-A5PX-01A-12R-A28M-07	open	840ce2d8-5bf8-4a2c-9739-e7dff5d7cb21.rna_seq.augmented_star_gene_counts.tsv	cd3cae54-28f6-4ed4-be69-27aa43765bc1	Transcriptome Profiling	gene_expression	Illumina	4243340	2021-12-13T21:59:47.397048-06:00	297db6a4563fd08513f9b51371db6371	2024-07-30T09:29:36.292935-05:00	578022ab-5178-4440-8996-73e8826dd74d	Gene Expression Quantification	released	RNA-Seq	1	32.0 - 46.0	TCGA-BRCA	7f19543e-f5f6-4c69-9f8c-407128c2e44a	released	840ce2d8-5bf8-4a2c-9739-e7dff5d7cb21_star__counts	https://github.com/NCI-GDC/gdc-rnaseq-cwl/blob/5d8c131bbff59fb0c969217fc1d44e6d1503cd1f/rnaseq-star-align/star2pass.rnaseq_harmonization.cwl	STAR - Counts	5d8c131bbff59fb0c969217fc1d44e6d1503cd1f	Primary Tumor	NA	TCGA-GM-A5PX	TCGA-GM-A5PX-01A
0f1cf3a6-6e68-440a-9744-85e44d88b61f	TSV	TCGA-E2-A1L8-01A-11R-A13Q-07	open	e6b6dada-24d1-4020-b5c0-3824670d079e.rna_seq.augmented_star_gene_counts.tsv	e417edc2-2c88-4f13-a802-d442d8b0aee5	Transcriptome Profiling	gene_expression	Illumina	4250804	2021-12-13T22:27:52.609112-06:00	ac15f0c0a026d09df60d531619d80984	2024-07-30T09:47:11.509326-05:00	0f1cf3a6-6e68-440a-9744-85e44d88b61f	Gene Expression Quantification	released	RNA-Seq	1	32.0 - 46.0	TCGA-BRCA	3bf393a6-e339-40df-b2d3-b051c691a438	released	e6b6dada-24d1-4020-b5c0-3824670d079e_star__counts	https://github.com/NCI-GDC/gdc-rnaseq-cwl/blob/5d8c131bbff59fb0c969217fc1d44e6d1503cd1f/rnaseq-star-align/star2pass.rnaseq_harmonization.cwl	STAR - Counts	5d8c131bbff59fb0c969217fc1d44e6d1503cd1f	Primary Tumor	NA	TCGA-E2-A1L8	TCGA-E2-A1L8-01A
cdf2bc60-591c-4219-bf96-40dd8b6c8459	TSV	TCGA-LL-A5YN-01A-11R-A28M-07	open	6a8e570e-dd05-4c06-9ed0-52ba0727faec.rna_seq.augmented_star_gene_counts.tsv	103dccc5-2c54-4b03-ae12-0f8f94a2bf33	Transcriptome Profiling	gene_expression	Illumina	4236058	2021-12-13T22:27:30.352026-06:00	529816500291e70d48798baa7b184426	2024-07-30T09:41:20.482263-05:00	cdf2bc60-591c-4219-bf96-40dd8b6c8459	Gene Expression Quantification	released	RNA-Seq	1	32.0 - 46.0	TCGA-BRCA	3a6cbfe1-bdaf-4f8c-997f-1364721f7dde	released	6a8e570e-dd05-4c06-9ed0-52ba0727faec_star__counts	https://github.com/NCI-GDC/gdc-rnaseq-cwl/blob/5d8c131bbff59fb0c969217fc1d44e6d1503cd1f/rnaseq-star-align/star2pass.rnaseq_harmonization.cwl	STAR - Counts	5d8c131bbff59fb0c969217fc1d44e6d1503cd1f	Primary Tumor	NA	TCGA-LL-A5YN	TCGA-LL-A5YN-01A
ce53c8d2-5655-4fde-b134-1ef5a269e569	TSV	TCGA-AC-A3OD-01B-06R-A22O-07	open	078420d8-5079-4a98-81d7-3a4b84e9d0ad.rna_seq.augmented_star_gene_counts.tsv	a0c474c3-b636-4cd7-8a2a-5d9667c5a3dc	Transcriptome Profiling	gene_expression	Illumina	4218046	2021-12-13T21:50:54.205748-06:00	74928451a13b28d75dd7ba705d2accd8	2024-07-30T09:23:14.025074-05:00	ce53c8d2-5655-4fde-b134-1ef5a269e569	Gene Expression Quantification	released	RNA-Seq	1	32.0 - 46.0	TCGA-BRCA	b5f9924e-5e4f-4bcf-88f0-cafda3b5a9e9	released	078420d8-5079-4a98-81d7-3a4b84e9d0ad_star__counts	https://github.com/NCI-GDC/gdc-rnaseq-cwl/blob/5d8c131bbff59fb0c969217fc1d44e6d1503cd1f/rnaseq-star-align/star2pass.rnaseq_harmonization.cwl	STAR - Counts	5d8c131bbff59fb0c969217fc1d44e6d1503cd1f	Primary Tumor	NA	TCGA-AC-A3OD	TCGA-AC-A3OD-01B
1b8dddf2-89d9-43aa-84c7-1d18e8865106	TSV	TCGA-E2-A1LG-01A-21R-A14M-07	open	02a50d1b-ff62-4936-a0ce-ac0e22a5b41c.rna_seq.augmented_star_gene_counts.tsv	da6c0384-e378-496c-89c8-7c5dd9657911	Transcriptome Profiling	gene_expression	Illumina	4246430	2021-12-13T22:41:27.880351-06:00	c4606791ad2e5602ebf1a13742d7b7c8	2024-07-30T09:49:29.435952-05:00	1b8dddf2-89d9-43aa-84c7-1d18e8865106	Gene Expression Quantification	released	RNA-Seq	1	32.0 - 46.0	TCGA-BRCA	be0acbc2-1ba4-4e01-893e-332624040d78	released	02a50d1b-ff62-4936-a0ce-ac0e22a5b41c_star__counts	https://github.com/NCI-GDC/gdc-rnaseq-cwl/blob/5d8c131bbff59fb0c969217fc1d44e6d1503cd1f/rnaseq-star-align/star2pass.rnaseq_harmonization.cwl	STAR - Counts	5d8c131bbff59fb0c969217fc1d44e6d1503cd1f	Primary Tumor	NA	TCGA-E2-A1LG	TCGA-E2-A1LG-01A
2bf56d2d-8c5e-4579-847b-03fd0ba46143	TSV	TCGA-BH-A0DK-11A-13R-A089-07	open	fb3713b9-fad5-4d66-b419-8f53530b14cd.rna_seq.augmented_star_gene_counts.tsv	82009aec-37ac-4d49-b464-2ce8f7eaf913	Transcriptome Profiling	gene_expression	Illumina	4255541	2021-12-13T22:29:45.421271-06:00	4683e7678af75fd1ded802db37bc1653	2024-07-30T09:34:40.598619-05:00	2bf56d2d-8c5e-4579-847b-03fd0ba46143	Gene Expression Quantification	released	RNA-Seq	1	32.0 - 46.0	TCGA-BRCA	3c414ed4-39d0-4c7a-9039-ab9fc66f5691	released	fb3713b9-fad5-4d66-b419-8f53530b14cd_star__counts	https://github.com/NCI-GDC/gdc-rnaseq-cwl/blob/5d8c131bbff59fb0c969217fc1d44e6d1503cd1f/rnaseq-star-align/star2pass.rnaseq_harmonization.cwl	STAR - Counts	5d8c131bbff59fb0c969217fc1d44e6d1503cd1f	Solid Tissue Normal	NA	TCGA-BH-A0DK	TCGA-BH-A0DK-11A
659f84a0-df18-44a4-8b82-ebaec356153d	TSV	TCGA-S3-A6ZH-01A-22R-A32P-07	open	e6ac5ada-4358-4ca3-b1cf-05d3e0cf0597.rna_seq.augmented_star_gene_counts.tsv	ea82908c-a338-49d9-bb35-80bc5daf7fa6	Transcriptome Profiling	gene_expression	Illumina	4244253	2021-12-13T22:29:27.928700-06:00	d6c84453ce01cd2f7b378b39b364f582	2024-07-30T09:47:43.059944-05:00	659f84a0-df18-44a4-8b82-ebaec356153d	Gene Expression Quantification	released	RNA-Seq	1	32.0 - 46.0	TCGA-BRCA	1fc45c0d-4ed7-4cd6-bfde-155d29c10c7e	released	e6ac5ada-4358-4ca3-b1cf-05d3e0cf0597_star__counts	https://github.com/NCI-GDC/gdc-rnaseq-cwl/blob/5d8c131bbff59fb0c969217fc1d44e6d1503cd1f/rnaseq-star-align/star2pass.rnaseq_harmonization.cwl	STAR - Counts	5d8c131bbff59fb0c969217fc1d44e6d1503cd1f	Primary Tumor	NA	TCGA-S3-A6ZH	TCGA-S3-A6ZH-01A
9e4b6ad6-99f7-4244-8f1b-20b7b36c457f	TSV	TCGA-E2-A107-01A-11R-A10J-07	open	51c66f38-afcb-423c-9004-708081b729f6.rna_seq.augmented_star_gene_counts.tsv	2ab951e8-15a2-43a3-8e16-c0e5f04a1a89	Transcriptome Profiling	gene_expression	Illumina	4241089	2021-12-13T21:50:17.878486-06:00	09f578946da0bbe022224008ebfd4d93	2024-07-30T09:54:16.455369-05:00	9e4b6ad6-99f7-4244-8f1b-20b7b36c457f	Gene Expression Quantification	released	RNA-Seq	1	32.0 - 46.0	TCGA-BRCA	80b53ffa-0fcd-43dc-b2d7-e238bd8be854	released	51c66f38-afcb-423c-9004-708081b729f6_star__counts	https://github.com/NCI-GDC/gdc-rnaseq-cwl/blob/5d8c131bbff59fb0c969217fc1d44e6d1503cd1f/rnaseq-star-align/star2pass.rnaseq_harmonization.cwl	STAR - Counts	5d8c131bbff59fb0c969217fc1d44e6d1503cd1f	Primary Tumor	NA	TCGA-E2-A107	TCGA-E2-A107-01A
90452523-0f9a-4c14-9d5f-e44f7079fb18	TSV	TCGA-GM-A2DA-01A-11R-A18M-07	open	38387a4f-c65d-4075-8133-fdf259e919ed.rna_seq.augmented_star_gene_counts.tsv	2de7039a-b8cf-465c-8337-e89f564bd424	Transcriptome Profiling	gene_expression	Illumina	4213910	2021-12-13T21:46:50.903607-06:00	96812a3c2bc4d47d1b261e1573bdeefd	2024-07-30T09:31:28.327991-05:00	90452523-0f9a-4c14-9d5f-e44f7079fb18	Gene Expression Quantification	released	RNA-Seq	1	32.0 - 46.0	TCGA-BRCA	4d7bfad4-0d5d-4a44-b1a8-a2c110c830a2	released	38387a4f-c65d-4075-8133-fdf259e919ed_star__counts	https://github.com/NCI-GDC/gdc-rnaseq-cwl/blob/5d8c131bbff59fb0c969217fc1d44e6d1503cd1f/rnaseq-star-align/star2pass.rnaseq_harmonization.cwl	STAR - Counts	5d8c131bbff59fb0c969217fc1d44e6d1503cd1f	Primary Tumor	NA	TCGA-GM-A2DA	TCGA-GM-A2DA-01A
d2e2915c-125e-45c6-b7f3-6a815b3d2859	TSV	TCGA-AC-A2QI-01A-12R-A19W-07	open	96a45a70-d4b5-4090-b603-73b7379679d6.rna_seq.augmented_star_gene_counts.tsv	b67c7992-8357-41d8-86c3-b71c8ada37ef	Transcriptome Profiling	gene_expression	Illumina	4247897	2021-12-13T21:47:36.780237-06:00	e46cabde61f942e44cea63c347f1e5f2	2024-07-30T09:30:30.486829-05:00	d2e2915c-125e-45c6-b7f3-6a815b3d2859	Gene Expression Quantification	released	RNA-Seq	1	32.0 - 46.0	TCGA-BRCA	62764a2a-af86-4543-9e27-e0a71c63b322	released	96a45a70-d4b5-4090-b603-73b7379679d6_star__counts	https://github.com/NCI-GDC/gdc-rnaseq-cwl/blob/5d8c131bbff59fb0c969217fc1d44e6d1503cd1f/rnaseq-star-align/star2pass.rnaseq_harmonization.cwl	STAR - Counts	5d8c131bbff59fb0c969217fc1d44e6d1503cd1f	Primary Tumor	NA	TCGA-AC-A2QI	TCGA-AC-A2QI-01A
586d9c21-e58a-4171-9755-30c0e8b16293	TSV	TCGA-AC-A2FO-01A-11R-A180-07	open	3ffa2cdf-4a54-4362-a6cf-b0567ef69551.rna_seq.augmented_star_gene_counts.tsv	85fdc9b8-8383-429e-88b2-e3c170d651b4	Transcriptome Profiling	gene_expression	Illumina	4247939	2021-12-13T22:05:29.355511-06:00	1b927939b68699db0a1431d1da33007c	2024-07-30T10:07:34.623459-05:00	586d9c21-e58a-4171-9755-30c0e8b16293	Gene Expression Quantification	released	RNA-Seq	1	32.0 - 46.0	TCGA-BRCA	c0a48ae9-c8b6-4a1d-8fd5-66c45399acbb	released	3ffa2cdf-4a54-4362-a6cf-b0567ef69551_star__counts	https://github.com/NCI-GDC/gdc-rnaseq-cwl/blob/5d8c131bbff59fb0c969217fc1d44e6d1503cd1f/rnaseq-star-align/star2pass.rnaseq_harmonization.cwl	STAR - Counts	5d8c131bbff59fb0c969217fc1d44e6d1503cd1f	Primary Tumor	NA	TCGA-AC-A2FO	TCGA-AC-A2FO-01A
50e8fce6-5775-41d6-bcaa-73773db999e2	TSV	TCGA-AO-A03P-01A-11R-A00Z-07	open	ea55206b-29c6-4a8b-9219-cfd28c29117a.rna_seq.augmented_star_gene_counts.tsv	9aafc1ab-748b-4add-b3fa-65f8a8ee2e20	Transcriptome Profiling	gene_expression	Illumina	4241350	2021-12-13T22:26:47.252897-06:00	62b8e0d97332ddd15f740dde2b9daf76	2024-07-30T09:20:36.177336-05:00	50e8fce6-5775-41d6-bcaa-73773db999e2	Gene Expression Quantification	released	RNA-Seq	1	32.0 - 46.0	TCGA-BRCA	0e60a39d-ffe9-4623-b298-b151a31461fb	released	ea55206b-29c6-4a8b-9219-cfd28c29117a_star__counts	https://github.com/NCI-GDC/gdc-rnaseq-cwl/blob/5d8c131bbff59fb0c969217fc1d44e6d1503cd1f/rnaseq-star-align/star2pass.rnaseq_harmonization.cwl	STAR - Counts	5d8c131bbff59fb0c969217fc1d44e6d1503cd1f	Primary Tumor	NA	TCGA-AO-A03P	TCGA-AO-A03P-01A
9c55de9c-a13e-4772-9a5d-4cde38f75cf3	TSV	TCGA-EW-A1IZ-01A-11R-A13Q-07	open	9899646e-d5be-4429-a7f2-0251bed9721d.rna_seq.augmented_star_gene_counts.tsv	9e510e5e-4ae6-4a67-bc5c-a719e9d5243a	Transcriptome Profiling	gene_expression	Illumina	4240594	2021-12-13T22:40:39.344582-06:00	4f8e84bf768c4c22ebeee863ad212dc2	2024-07-30T09:23:22.742749-05:00	9c55de9c-a13e-4772-9a5d-4cde38f75cf3	Gene Expression Quantification	released	RNA-Seq	1	32.0 - 46.0	TCGA-BRCA	cd98d9e3-8c91-4961-83bf-65c6f331aeaa	released	9899646e-d5be-4429-a7f2-0251bed9721d_star__counts	https://github.com/NCI-GDC/gdc-rnaseq-cwl/blob/5d8c131bbff59fb0c969217fc1d44e6d1503cd1f/rnaseq-star-align/star2pass.rnaseq_harmonization.cwl	STAR - Counts	5d8c131bbff59fb0c969217fc1d44e6d1503cd1f	Primary Tumor	NA	TCGA-EW-A1IZ	TCGA-EW-A1IZ-01A
bdef0c66-0755-4581-b813-87c8512754ba	TSV	TCGA-AO-A129-01A-21R-A10J-07	open	2e36839f-3155-4e05-9ed3-404522fdb04f.rna_seq.augmented_star_gene_counts.tsv	f484366e-c5a5-4b5b-88de-1a3515335ba5	Transcriptome Profiling	gene_expression	Illumina	4245221	2021-12-13T21:52:30.555969-06:00	b3ca1fbb5cab76c57b14d3c21d6d12fe	2024-07-30T09:38:40.935280-05:00	bdef0c66-0755-4581-b813-87c8512754ba	Gene Expression Quantification	released	RNA-Seq	1	32.0 - 46.0	TCGA-BRCA	bade1269-488b-480d-8818-3eaab44f0f8c	released	2e36839f-3155-4e05-9ed3-404522fdb04f_star__counts	https://github.com/NCI-GDC/gdc-rnaseq-cwl/blob/5d8c131bbff59fb0c969217fc1d44e6d1503cd1f/rnaseq-star-align/star2pass.rnaseq_harmonization.cwl	STAR - Counts	5d8c131bbff59fb0c969217fc1d44e6d1503cd1f	Primary Tumor	NA	TCGA-AO-A129	TCGA-AO-A129-01A
37bf6454-a4e7-4e00-9562-57ba6fd58b6d	TSV	TCGA-AR-A1AM-01A-41R-A22K-07	open	7fe106c5-4235-4930-83cd-84dc5250db89.rna_seq.augmented_star_gene_counts.tsv	5060a26f-8ac3-412f-b098-90261df30056	Transcriptome Profiling	gene_expression	Illumina	4252688	2021-12-13T22:36:23.326149-06:00	f603c6bafd5830ee650bd449db192719	2024-07-30T09:18:43.352304-05:00	37bf6454-a4e7-4e00-9562-57ba6fd58b6d	Gene Expression Quantification	released	RNA-Seq	1	32.0 - 46.0	TCGA-BRCA	4a1167c0-866f-47ba-b857-eaec8544c8a3	released	7fe106c5-4235-4930-83cd-84dc5250db89_star__counts	https://github.com/NCI-GDC/gdc-rnaseq-cwl/blob/5d8c131bbff59fb0c969217fc1d44e6d1503cd1f/rnaseq-star-align/star2pass.rnaseq_harmonization.cwl	STAR - Counts	5d8c131bbff59fb0c969217fc1d44e6d1503cd1f	Primary Tumor	NA	TCGA-AR-A1AM	TCGA-AR-A1AM-01A
ccd1dcec-f3c1-42ca-b3e8-a73a7d2237ff	TSV	TCGA-OL-A66N-01A-12R-A31O-07	open	032e5aa7-8028-48ad-8fe4-6a5cc6aee5cb.rna_seq.augmented_star_gene_counts.tsv	33d5efa2-d2cc-4363-b3f9-225e25894c06	Transcriptome Profiling	gene_expression	Illumina	4240218	2021-12-13T22:30:27.299750-06:00	0307d9813bd6f33388f557c0c28f18b4	2024-07-30T09:53:48.321911-05:00	ccd1dcec-f3c1-42ca-b3e8-a73a7d2237ff	Gene Expression Quantification	released	RNA-Seq	1	32.0 - 46.0	TCGA-BRCA	4f60dff2-9a94-4e74-b421-97ec64601798	released	032e5aa7-8028-48ad-8fe4-6a5cc6aee5cb_star__counts	https://github.com/NCI-GDC/gdc-rnaseq-cwl/blob/5d8c131bbff59fb0c969217fc1d44e6d1503cd1f/rnaseq-star-align/star2pass.rnaseq_harmonization.cwl	STAR - Counts	5d8c131bbff59fb0c969217fc1d44e6d1503cd1f	Primary Tumor	NA	TCGA-OL-A66N	TCGA-OL-A66N-01A
072cae2e-f4c1-4a3f-85e1-6f7e35a65108	TSV	TCGA-A8-A099-01A-11R-A00Z-07	open	91941243-48d2-4416-b104-0affb8c46316.rna_seq.augmented_star_gene_counts.tsv	c101669e-9bb1-4688-9f33-e86b76ae7572	Transcriptome Profiling	gene_expression	Illumina	4244322	2021-12-13T21:57:14.174248-06:00	94ac78e5d13063dc085b7127a8377af2	2024-07-30T09:54:03.211606-05:00	072cae2e-f4c1-4a3f-85e1-6f7e35a65108	Gene Expression Quantification	released	RNA-Seq	1	32.0 - 46.0	TCGA-BRCA	c9051d72-f760-42a2-ba2f-2b87f29d6769	released	91941243-48d2-4416-b104-0affb8c46316_star__counts	https://github.com/NCI-GDC/gdc-rnaseq-cwl/blob/5d8c131bbff59fb0c969217fc1d44e6d1503cd1f/rnaseq-star-align/star2pass.rnaseq_harmonization.cwl	STAR - Counts	5d8c131bbff59fb0c969217fc1d44e6d1503cd1f	Primary Tumor	NA	TCGA-A8-A099	TCGA-A8-A099-01A
04024f75-7405-4ccc-8976-91d0a3035b3a	TSV	TCGA-E2-A14W-01A-11R-A12D-07	open	e6f4bdc7-ab3f-4a62-aa6d-5223b25bbc89.rna_seq.augmented_star_gene_counts.tsv	6f1c9047-9420-484e-86b5-60114a5b2312	Transcriptome Profiling	gene_expression	Illumina	4229305	2021-12-13T22:38:45.921937-06:00	24211b883466a4e1934b52dead70b406	2024-07-30T09:26:09.369794-05:00	04024f75-7405-4ccc-8976-91d0a3035b3a	Gene Expression Quantification	released	RNA-Seq	1	32.0 - 46.0	TCGA-BRCA	c51fed59-d2dc-49d4-a922-eacfcc3a3b67	released	e6f4bdc7-ab3f-4a62-aa6d-5223b25bbc89_star__counts	https://github.com/NCI-GDC/gdc-rnaseq-cwl/blob/5d8c131bbff59fb0c969217fc1d44e6d1503cd1f/rnaseq-star-align/star2pass.rnaseq_harmonization.cwl	STAR - Counts	5d8c131bbff59fb0c969217fc1d44e6d1503cd1f	Primary Tumor	NA	TCGA-E2-A14W	TCGA-E2-A14W-01A
a217c1ab-e2cb-487c-982a-8241da38272f	TSV	TCGA-A7-A4SC-01A-12R-A266-07	open	e4443a5a-144f-434e-b1e0-3139e1e5ed23.rna_seq.augmented_star_gene_counts.tsv	d171032e-bcff-4567-b60d-374a47ee9812	Transcriptome Profiling	gene_expression	Illumina	4235834	2021-12-13T21:51:57.632344-06:00	291b1326a637281862dafba4c0f3d1e8	2024-07-30T09:30:08.954467-05:00	a217c1ab-e2cb-487c-982a-8241da38272f	Gene Expression Quantification	released	RNA-Seq	1	32.0 - 46.0	TCGA-BRCA	f83024ee-4940-43a9-8a49-9da85a931ca5	released	e4443a5a-144f-434e-b1e0-3139e1e5ed23_star__counts	https://github.com/NCI-GDC/gdc-rnaseq-cwl/blob/5d8c131bbff59fb0c969217fc1d44e6d1503cd1f/rnaseq-star-align/star2pass.rnaseq_harmonization.cwl	STAR - Counts	5d8c131bbff59fb0c969217fc1d44e6d1503cd1f	Primary Tumor	NA	TCGA-A7-A4SC	TCGA-A7-A4SC-01A
526d750f-3cab-4379-9b3e-1b7f9fa84528	TSV	TCGA-E2-A2P5-01A-11R-A19W-07	open	8909b639-c15f-4935-a698-6de79c3d0433.rna_seq.augmented_star_gene_counts.tsv	73bcfd15-3326-4068-bbe3-663401ed4c48	Transcriptome Profiling	gene_expression	Illumina	4238328	2021-12-13T22:15:34.663308-06:00	e3521d1508f03efc94b800ad59d6dab3	2024-07-30T09:32:43.342469-05:00	526d750f-3cab-4379-9b3e-1b7f9fa84528	Gene Expression Quantification	released	RNA-Seq	1	32.0 - 46.0	TCGA-BRCA	4ee89e3b-5765-4165-85c8-6c8e8b111b30	released	8909b639-c15f-4935-a698-6de79c3d0433_star__counts	https://github.com/NCI-GDC/gdc-rnaseq-cwl/blob/5d8c131bbff59fb0c969217fc1d44e6d1503cd1f/rnaseq-star-align/star2pass.rnaseq_harmonization.cwl	STAR - Counts	5d8c131bbff59fb0c969217fc1d44e6d1503cd1f	Primary Tumor	NA	TCGA-E2-A2P5	TCGA-E2-A2P5-01A
c89590e8-8b74-4c05-a022-e21eab5cffdd	TSV	TCGA-A7-A0DB-01C-02R-A277-07	open	9079bad4-9d01-4eb9-999d-35ad734be2e8.rna_seq.augmented_star_gene_counts.tsv	ea8328d9-9049-4806-b61c-00fd515c2716	Transcriptome Profiling	gene_expression	Illumina	4220995	2021-12-13T22:21:47.602818-06:00	edcf72c86c5f03541c862ad4e9cdea61	2024-07-30T09:51:14.364108-05:00	c89590e8-8b74-4c05-a022-e21eab5cffdd	Gene Expression Quantification	released	RNA-Seq	1	32.0 - 46.0	TCGA-BRCA	6fa0ff0b-03d4-442c-8742-fc49eb0614a1	released	9079bad4-9d01-4eb9-999d-35ad734be2e8_star__counts	https://github.com/NCI-GDC/gdc-rnaseq-cwl/blob/5d8c131bbff59fb0c969217fc1d44e6d1503cd1f/rnaseq-star-align/star2pass.rnaseq_harmonization.cwl	STAR - Counts	5d8c131bbff59fb0c969217fc1d44e6d1503cd1f	Primary Tumor	NA	TCGA-A7-A0DB	TCGA-A7-A0DB-01C
d7a48283-c113-4745-be6b-553966e6b457	TSV	TCGA-A7-A0DB-11A-33R-A089-07	open	151af32a-7367-4e35-a575-f6da31aa256a.rna_seq.augmented_star_gene_counts.tsv	b456d9bb-da20-47a9-827a-62a8eeb912e3	Transcriptome Profiling	gene_expression	Illumina	4229929	2021-12-13T21:55:29.883386-06:00	bb050246daeed8011f21b4654df16612	2024-07-30T09:40:45.904888-05:00	d7a48283-c113-4745-be6b-553966e6b457	Gene Expression Quantification	released	RNA-Seq	1	32.0 - 46.0	TCGA-BRCA	dcfbe94b-5e19-4031-8bff-b0f80caf6ee2	released	151af32a-7367-4e35-a575-f6da31aa256a_star__counts	https://github.com/NCI-GDC/gdc-rnaseq-cwl/blob/5d8c131bbff59fb0c969217fc1d44e6d1503cd1f/rnaseq-star-align/star2pass.rnaseq_harmonization.cwl	STAR - Counts	5d8c131bbff59fb0c969217fc1d44e6d1503cd1f	Solid Tissue Normal	NA	TCGA-A7-A0DB	TCGA-A7-A0DB-11A
d0654d2d-37ef-4d93-996e-c68cfedea376	TSV	TCGA-EW-A1P1-01A-31R-A14D-07	open	f266f0c7-53aa-43bc-bbef-b9af0054391f.rna_seq.augmented_star_gene_counts.tsv	7c2cc604-c34c-4649-94c7-b797007967d9	Transcriptome Profiling	gene_expression	Illumina	4236120	2021-12-13T22:44:02.871752-06:00	a4bf0eece89f35efb14daa62b769b399	2024-07-30T09:36:26.262451-05:00	d0654d2d-37ef-4d93-996e-c68cfedea376	Gene Expression Quantification	released	RNA-Seq	1	32.0 - 46.0	TCGA-BRCA	04b20e65-9622-4992-9039-11235168cbd9	released	f266f0c7-53aa-43bc-bbef-b9af0054391f_star__counts	https://github.com/NCI-GDC/gdc-rnaseq-cwl/blob/5d8c131bbff59fb0c969217fc1d44e6d1503cd1f/rnaseq-star-align/star2pass.rnaseq_harmonization.cwl	STAR - Counts	5d8c131bbff59fb0c969217fc1d44e6d1503cd1f	Primary Tumor	NA	TCGA-EW-A1P1	TCGA-EW-A1P1-01A
469c052c-d2c8-4626-af1c-7276653168fe	TSV	TCGA-E2-A576-01A-11R-A31O-07	open	f738acc1-0445-49e0-a279-3469620c8d4a.rna_seq.augmented_star_gene_counts.tsv	d9154327-a0e7-42a2-94e5-c072c6e1b282	Transcriptome Profiling	gene_expression	Illumina	4237018	2021-12-13T21:44:41.435858-06:00	48acbdb33e01f8789e202bc5bbc873c2	2024-07-30T09:51:06.866892-05:00	469c052c-d2c8-4626-af1c-7276653168fe	Gene Expression Quantification	released	RNA-Seq	1	32.0 - 46.0	TCGA-BRCA	bf603aed-0ca5-4629-b5b7-72d911adc78c	released	f738acc1-0445-49e0-a279-3469620c8d4a_star__counts	https://github.com/NCI-GDC/gdc-rnaseq-cwl/blob/5d8c131bbff59fb0c969217fc1d44e6d1503cd1f/rnaseq-star-align/star2pass.rnaseq_harmonization.cwl	STAR - Counts	5d8c131bbff59fb0c969217fc1d44e6d1503cd1f	Primary Tumor	NA	TCGA-E2-A576	TCGA-E2-A576-01A
15e249cf-4c45-4006-84fd-899f9927e376	TSV	TCGA-E2-A15F-01A-11R-A115-07	open	4796719b-2fa2-40ee-9fa9-6a8caa703823.rna_seq.augmented_star_gene_counts.tsv	c34ed9b7-d09a-48f8-a92a-c1c3045aa11e	Transcriptome Profiling	gene_expression	Illumina	4240933	2021-12-13T21:51:31.346180-06:00	5d5a8c0be1eb04888d3cd08905b037b4	2024-07-30T09:21:44.384813-05:00	15e249cf-4c45-4006-84fd-899f9927e376	Gene Expression Quantification	released	RNA-Seq	1	32.0 - 46.0	TCGA-BRCA	41ffbecb-aa31-4720-a8d7-e54b32605ad5	released	4796719b-2fa2-40ee-9fa9-6a8caa703823_star__counts	https://github.com/NCI-GDC/gdc-rnaseq-cwl/blob/5d8c131bbff59fb0c969217fc1d44e6d1503cd1f/rnaseq-star-align/star2pass.rnaseq_harmonization.cwl	STAR - Counts	5d8c131bbff59fb0c969217fc1d44e6d1503cd1f	Primary Tumor	NA	TCGA-E2-A15F	TCGA-E2-A15F-01A
14edb678-3b6c-4a58-aabf-0f9d1f7d9bdc	TSV	TCGA-BH-A0BP-01A-11R-A115-07	open	f5b3a6d0-3b56-4ad2-b520-8bcaadb6bd0e.rna_seq.augmented_star_gene_counts.tsv	ae96b30f-78cb-4246-b1c0-bc4f38d5c9e9	Transcriptome Profiling	gene_expression	Illumina	4235171	2021-12-13T22:13:59.441805-06:00	54029f660fbd07f2a8cdb61d586b67dc	2024-07-30T09:46:31.013723-05:00	14edb678-3b6c-4a58-aabf-0f9d1f7d9bdc	Gene Expression Quantification	released	RNA-Seq	1	32.0 - 46.0	TCGA-BRCA	89f05b5f-134f-43d9-b258-de7b4d10dd52	released	f5b3a6d0-3b56-4ad2-b520-8bcaadb6bd0e_star__counts	https://github.com/NCI-GDC/gdc-rnaseq-cwl/blob/5d8c131bbff59fb0c969217fc1d44e6d1503cd1f/rnaseq-star-align/star2pass.rnaseq_harmonization.cwl	STAR - Counts	5d8c131bbff59fb0c969217fc1d44e6d1503cd1f	Primary Tumor	NA	TCGA-BH-A0BP	TCGA-BH-A0BP-01A
fd7a6cfc-0ebe-4b79-b93d-d70b9bf533bc	TSV	TCGA-AN-A0XR-01A-11R-A109-07	open	8997a81b-4046-4c31-91f6-7c1519f1d2ec.rna_seq.augmented_star_gene_counts.tsv	94ec75fa-c20e-4cc3-8033-16c9da6a7d7f	Transcriptome Profiling	gene_expression	Illumina	4236585	2021-12-13T22:25:29.330706-06:00	581965fe49f2f0cc04acaafca155701b	2024-07-30T10:08:52.265722-05:00	fd7a6cfc-0ebe-4b79-b93d-d70b9bf533bc	Gene Expression Quantification	released	RNA-Seq	1	32.0 - 46.0	TCGA-BRCA	f37d491e-adc6-4b95-82f1-b6328e3fa22c	released	8997a81b-4046-4c31-91f6-7c1519f1d2ec_star__counts	https://github.com/NCI-GDC/gdc-rnaseq-cwl/blob/5d8c131bbff59fb0c969217fc1d44e6d1503cd1f/rnaseq-star-align/star2pass.rnaseq_harmonization.cwl	STAR - Counts	5d8c131bbff59fb0c969217fc1d44e6d1503cd1f	Primary Tumor	NA	TCGA-AN-A0XR	TCGA-AN-A0XR-01A
14979d31-e8b1-4948-beea-f913dfefa200	TSV	TCGA-A2-A3XS-01A-11R-A22U-07	open	deb14c1d-474c-4d6f-bb8a-2b6df5dce5c9.rna_seq.augmented_star_gene_counts.tsv	2596a9d3-894b-4466-80ed-3181500b9a5c	Transcriptome Profiling	gene_expression	Illumina	4252274	2021-12-13T22:08:40.155876-06:00	36946ef0c730515335ad58f52942f433	2024-07-30T09:34:09.033833-05:00	14979d31-e8b1-4948-beea-f913dfefa200	Gene Expression Quantification	released	RNA-Seq	1	32.0 - 46.0	TCGA-BRCA	69a76a2b-5923-4955-b228-e794675a4722	released	deb14c1d-474c-4d6f-bb8a-2b6df5dce5c9_star__counts	https://github.com/NCI-GDC/gdc-rnaseq-cwl/blob/5d8c131bbff59fb0c969217fc1d44e6d1503cd1f/rnaseq-star-align/star2pass.rnaseq_harmonization.cwl	STAR - Counts	5d8c131bbff59fb0c969217fc1d44e6d1503cd1f	Primary Tumor	NA	TCGA-A2-A3XS	TCGA-A2-A3XS-01A
c440cfb1-33ec-4be4-a4a4-4aea9a66d021	TSV	TCGA-E2-A158-11A-22R-A12D-07	open	484b85c7-1102-4d34-89b8-8ce458b55d2b.rna_seq.augmented_star_gene_counts.tsv	6f041f94-58cb-4c69-be5b-d71dbe204a39	Transcriptome Profiling	gene_expression	Illumina	4228325	2021-12-13T22:22:07.986725-06:00	1086d9b5a4dbb8ed5c54a945c5196e8f	2024-07-30T09:18:08.325378-05:00	c440cfb1-33ec-4be4-a4a4-4aea9a66d021	Gene Expression Quantification	released	RNA-Seq	1	32.0 - 46.0	TCGA-BRCA	3cf9097c-8dba-4de9-af22-5dea8752854b	released	484b85c7-1102-4d34-89b8-8ce458b55d2b_star__counts	https://github.com/NCI-GDC/gdc-rnaseq-cwl/blob/5d8c131bbff59fb0c969217fc1d44e6d1503cd1f/rnaseq-star-align/star2pass.rnaseq_harmonization.cwl	STAR - Counts	5d8c131bbff59fb0c969217fc1d44e6d1503cd1f	Solid Tissue Normal	NA	TCGA-E2-A158	TCGA-E2-A158-11A
89ece3f8-e2db-4ed6-b5b8-dd4df34d6224	TSV	TCGA-AC-A23G-01A-11R-A213-07	open	b1eae07c-4bc8-4b5c-9d33-d85f10214663.rna_seq.augmented_star_gene_counts.tsv	d5716eb8-c864-4b5b-a097-9912bad750a0	Transcriptome Profiling	gene_expression	Illumina	4222149	2021-12-13T22:32:47.347394-06:00	d1cd0e839a398856f149bfde6430339a	2024-07-30T09:56:41.145020-05:00	89ece3f8-e2db-4ed6-b5b8-dd4df34d6224	Gene Expression Quantification	released	RNA-Seq	1	32.0 - 46.0	TCGA-BRCA	17d8f040-c270-4485-9663-9baa70fdfd9d	released	b1eae07c-4bc8-4b5c-9d33-d85f10214663_star__counts	https://github.com/NCI-GDC/gdc-rnaseq-cwl/blob/5d8c131bbff59fb0c969217fc1d44e6d1503cd1f/rnaseq-star-align/star2pass.rnaseq_harmonization.cwl	STAR - Counts	5d8c131bbff59fb0c969217fc1d44e6d1503cd1f	Primary Tumor	NA	TCGA-AC-A23G	TCGA-AC-A23G-01A
de5e449b-bc57-4836-89e4-73a3ba24abdf	TSV	TCGA-EW-A1PD-01A-11R-A144-07	open	748e4eaa-2b96-4dce-a903-c7df733d7f50.rna_seq.augmented_star_gene_counts.tsv	62faa455-eb73-4f50-a8a3-b77f66f528d9	Transcriptome Profiling	gene_expression	Illumina	4245842	2021-12-13T22:21:12.163756-06:00	2b387278e504ea6b94445cef639500d0	2024-07-30T09:22:32.335812-05:00	de5e449b-bc57-4836-89e4-73a3ba24abdf	Gene Expression Quantification	released	RNA-Seq	1	32.0 - 46.0	TCGA-BRCA	3d309cc3-2946-4767-bac5-b67de90581c1	released	748e4eaa-2b96-4dce-a903-c7df733d7f50_star__counts	https://github.com/NCI-GDC/gdc-rnaseq-cwl/blob/5d8c131bbff59fb0c969217fc1d44e6d1503cd1f/rnaseq-star-align/star2pass.rnaseq_harmonization.cwl	STAR - Counts	5d8c131bbff59fb0c969217fc1d44e6d1503cd1f	Primary Tumor	NA	TCGA-EW-A1PD	TCGA-EW-A1PD-01A
12f8a326-1417-478e-a45e-abdff8b44266	TSV	TCGA-A8-A08X-01A-21R-A00Z-07	open	3ccab1b1-39f2-4947-bbac-1c25750f0464.rna_seq.augmented_star_gene_counts.tsv	8c6f3e02-4292-4fb0-ab5b-d40db0cf2295	Transcriptome Profiling	gene_expression	Illumina	4227310	2021-12-13T22:33:52.550292-06:00	b1de0dcee51925927fa2bca69ecdb534	2024-07-30T09:30:10.141854-05:00	12f8a326-1417-478e-a45e-abdff8b44266	Gene Expression Quantification	released	RNA-Seq	1	32.0 - 46.0	TCGA-BRCA	0937b098-7136-4da0-8814-255f05f236ee	released	3ccab1b1-39f2-4947-bbac-1c25750f0464_star__counts	https://github.com/NCI-GDC/gdc-rnaseq-cwl/blob/5d8c131bbff59fb0c969217fc1d44e6d1503cd1f/rnaseq-star-align/star2pass.rnaseq_harmonization.cwl	STAR - Counts	5d8c131bbff59fb0c969217fc1d44e6d1503cd1f	Primary Tumor	NA	TCGA-A8-A08X	TCGA-A8-A08X-01A
7915bbbc-7e5b-4439-bea4-12fc7f639d6d	TSV	TCGA-AQ-A1H2-01A-11R-A13Q-07	open	e1edc70f-0307-4283-9efc-77feb465c9df.rna_seq.augmented_star_gene_counts.tsv	0ec8504f-a7db-4d10-a875-74a76a2ab6b1	Transcriptome Profiling	gene_expression	Illumina	4249038	2021-12-13T22:27:16.814759-06:00	595e5d383e4876c749c355dfa9e64eab	2024-07-30T10:05:34.258682-05:00	7915bbbc-7e5b-4439-bea4-12fc7f639d6d	Gene Expression Quantification	released	RNA-Seq	1	32.0 - 46.0	TCGA-BRCA	8d850b00-8ccc-4612-93b4-b3274fd298e8	released	e1edc70f-0307-4283-9efc-77feb465c9df_star__counts	https://github.com/NCI-GDC/gdc-rnaseq-cwl/blob/5d8c131bbff59fb0c969217fc1d44e6d1503cd1f/rnaseq-star-align/star2pass.rnaseq_harmonization.cwl	STAR - Counts	5d8c131bbff59fb0c969217fc1d44e6d1503cd1f	Primary Tumor	NA	TCGA-AQ-A1H2	TCGA-AQ-A1H2-01A
7b738087-65b1-4c6e-94c4-d0ba6bb17098	TSV	TCGA-EW-A1OW-01A-21R-A144-07	open	c8c213fe-4ab7-4671-81cb-fe09b11fcbe7.rna_seq.augmented_star_gene_counts.tsv	a70f758f-7ed0-431e-8d67-a6f0149c2f93	Transcriptome Profiling	gene_expression	Illumina	4236371	2021-12-13T22:25:35.982417-06:00	e6e212e9fe17b3789582cb9aee383836	2024-07-30T09:22:46.271820-05:00	7b738087-65b1-4c6e-94c4-d0ba6bb17098	Gene Expression Quantification	released	RNA-Seq	1	32.0 - 46.0	TCGA-BRCA	148bb297-5faf-457c-9ca4-826ffa9da1ea	released	c8c213fe-4ab7-4671-81cb-fe09b11fcbe7_star__counts	https://github.com/NCI-GDC/gdc-rnaseq-cwl/blob/5d8c131bbff59fb0c969217fc1d44e6d1503cd1f/rnaseq-star-align/star2pass.rnaseq_harmonization.cwl	STAR - Counts	5d8c131bbff59fb0c969217fc1d44e6d1503cd1f	Primary Tumor	NA	TCGA-EW-A1OW	TCGA-EW-A1OW-01A
793d3caa-8353-4536-83e5-711215bd51e9	TSV	TCGA-D8-A1JH-01A-11R-A13Q-07	open	6fb7c578-dec9-4fe8-a9bf-3888bb765658.rna_seq.augmented_star_gene_counts.tsv	cc135b20-3ba7-4bb6-9485-fee80b382ec0	Transcriptome Profiling	gene_expression	Illumina	4261275	2021-12-13T22:12:26.608581-06:00	c1fea334fbbbefbbdc72b89afd1681e7	2024-07-30T10:02:30.991577-05:00	793d3caa-8353-4536-83e5-711215bd51e9	Gene Expression Quantification	released	RNA-Seq	1	32.0 - 46.0	TCGA-BRCA	a41dbb64-a080-4fe1-a951-4b3f9b28f6c9	released	6fb7c578-dec9-4fe8-a9bf-3888bb765658_star__counts	https://github.com/NCI-GDC/gdc-rnaseq-cwl/blob/5d8c131bbff59fb0c969217fc1d44e6d1503cd1f/rnaseq-star-align/star2pass.rnaseq_harmonization.cwl	STAR - Counts	5d8c131bbff59fb0c969217fc1d44e6d1503cd1f	Primary Tumor	NA	TCGA-D8-A1JH	TCGA-D8-A1JH-01A
fb397586-1b5b-40e0-a885-8663f9c76f6d	TSV	TCGA-AR-A1AT-01A-11R-A12P-07	open	706fb35c-d467-4f93-b5ea-0cd841533655.rna_seq.augmented_star_gene_counts.tsv	a9ce97e5-4e09-445a-9881-21800a53f349	Transcriptome Profiling	gene_expression	Illumina	4228339	2021-12-13T22:00:09.887277-06:00	d4b3848991960ef0bcb34cf352cc60ec	2024-07-30T09:57:00.597463-05:00	fb397586-1b5b-40e0-a885-8663f9c76f6d	Gene Expression Quantification	released	RNA-Seq	1	32.0 - 46.0	TCGA-BRCA	018e6c54-45dc-4f64-ad6f-849a709be06f	released	706fb35c-d467-4f93-b5ea-0cd841533655_star__counts	https://github.com/NCI-GDC/gdc-rnaseq-cwl/blob/5d8c131bbff59fb0c969217fc1d44e6d1503cd1f/rnaseq-star-align/star2pass.rnaseq_harmonization.cwl	STAR - Counts	5d8c131bbff59fb0c969217fc1d44e6d1503cd1f	Primary Tumor	NA	TCGA-AR-A1AT	TCGA-AR-A1AT-01A
5d875fca-d1ff-4c08-9dfa-0f1e67dc586b	TSV	TCGA-AR-A2LK-01A-11R-A180-07	open	1467bc96-cad8-4011-962e-d43e6c725f63.rna_seq.augmented_star_gene_counts.tsv	542f3977-96fb-40d1-b245-54c41c244103	Transcriptome Profiling	gene_expression	Illumina	4249921	2021-12-13T21:59:41.610162-06:00	4cd770ce375dd3ca31cb170f83659f0e	2024-07-30T09:43:43.054472-05:00	5d875fca-d1ff-4c08-9dfa-0f1e67dc586b	Gene Expression Quantification	released	RNA-Seq	1	32.0 - 46.0	TCGA-BRCA	c70fa464-3343-43df-b1c9-53bc0b343f73	released	1467bc96-cad8-4011-962e-d43e6c725f63_star__counts	https://github.com/NCI-GDC/gdc-rnaseq-cwl/blob/5d8c131bbff59fb0c969217fc1d44e6d1503cd1f/rnaseq-star-align/star2pass.rnaseq_harmonization.cwl	STAR - Counts	5d8c131bbff59fb0c969217fc1d44e6d1503cd1f	Primary Tumor	NA	TCGA-AR-A2LK	TCGA-AR-A2LK-01A
762adf07-6d7a-4d02-98fb-16fffd548a93	TSV	TCGA-A8-A09A-01A-11R-A00Z-07	open	f518ad50-78d8-4b0f-a6b0-07bad20462ce.rna_seq.augmented_star_gene_counts.tsv	e481f07c-ade0-4206-9a04-f629272cbdce	Transcriptome Profiling	gene_expression	Illumina	4237189	2021-12-13T21:57:34.227915-06:00	750cb4e4274016eddf6f3ca7538cbfc2	2024-07-30T09:19:14.122459-05:00	762adf07-6d7a-4d02-98fb-16fffd548a93	Gene Expression Quantification	released	RNA-Seq	1	32.0 - 46.0	TCGA-BRCA	8cea31c2-2284-474f-adb6-c5882a310b08	released	f518ad50-78d8-4b0f-a6b0-07bad20462ce_star__counts	https://github.com/NCI-GDC/gdc-rnaseq-cwl/blob/5d8c131bbff59fb0c969217fc1d44e6d1503cd1f/rnaseq-star-align/star2pass.rnaseq_harmonization.cwl	STAR - Counts	5d8c131bbff59fb0c969217fc1d44e6d1503cd1f	Primary Tumor	NA	TCGA-A8-A09A	TCGA-A8-A09A-01A
1300bf72-ead0-4c03-b140-fca26302b43c	TSV	TCGA-A8-A09V-01A-11R-A034-07	open	2f21d781-2df5-4de1-a595-a61507cfe610.rna_seq.augmented_star_gene_counts.tsv	dd44bec8-bc88-40a2-9b9a-2aeeab042687	Transcriptome Profiling	gene_expression	Illumina	4261055	2021-12-13T22:31:09.900904-06:00	ce2aad18ed2d81763e5f46953816fee1	2024-07-30T09:18:47.023202-05:00	1300bf72-ead0-4c03-b140-fca26302b43c	Gene Expression Quantification	released	RNA-Seq	1	32.0 - 46.0	TCGA-BRCA	5c6d1be9-9b7c-412f-bf24-5ea401a984a9	released	2f21d781-2df5-4de1-a595-a61507cfe610_star__counts	https://github.com/NCI-GDC/gdc-rnaseq-cwl/blob/5d8c131bbff59fb0c969217fc1d44e6d1503cd1f/rnaseq-star-align/star2pass.rnaseq_harmonization.cwl	STAR - Counts	5d8c131bbff59fb0c969217fc1d44e6d1503cd1f	Primary Tumor	NA	TCGA-A8-A09V	TCGA-A8-A09V-01A
635084ad-0b62-4217-bc6f-e2a8c1326aee	TSV	TCGA-5T-A9QA-01A-11R-A41B-07	open	516fdfb1-7662-4524-9bcd-23ccbbec6a86.rna_seq.augmented_star_gene_counts.tsv	b191af3b-76fa-4c33-8030-5e2aca23abcf	Transcriptome Profiling	gene_expression	Illumina	4223951	2021-12-13T22:31:55.781216-06:00	5511254bdfd10d303fe22425a645dd92	2024-07-30T09:49:00.552296-05:00	635084ad-0b62-4217-bc6f-e2a8c1326aee	Gene Expression Quantification	released	RNA-Seq	1	32.0 - 46.0	TCGA-BRCA	8d7effc5-5fb0-4889-a68a-93510a3e1009	released	516fdfb1-7662-4524-9bcd-23ccbbec6a86_star__counts	https://github.com/NCI-GDC/gdc-rnaseq-cwl/blob/5d8c131bbff59fb0c969217fc1d44e6d1503cd1f/rnaseq-star-align/star2pass.rnaseq_harmonization.cwl	STAR - Counts	5d8c131bbff59fb0c969217fc1d44e6d1503cd1f	Primary Tumor	NA	TCGA-5T-A9QA	TCGA-5T-A9QA-01A
4bf6ebc1-575d-49e4-9f66-068b537373c0	TSV	TCGA-BH-A203-01A-12R-A169-07	open	767425eb-9fa2-45bc-a3ad-ca8dbafd373f.rna_seq.augmented_star_gene_counts.tsv	9aee9bec-de31-4c83-a80b-ed22e2403c1e	Transcriptome Profiling	gene_expression	Illumina	4246578	2021-12-13T22:34:36.752082-06:00	c351c0df0967e08167ccf1bad4aa6e27	2024-07-30T09:53:12.905668-05:00	4bf6ebc1-575d-49e4-9f66-068b537373c0	Gene Expression Quantification	released	RNA-Seq	1	32.0 - 46.0	TCGA-BRCA	bbb66f55-4b8d-470a-99f4-07064639f08d	released	767425eb-9fa2-45bc-a3ad-ca8dbafd373f_star__counts	https://github.com/NCI-GDC/gdc-rnaseq-cwl/blob/5d8c131bbff59fb0c969217fc1d44e6d1503cd1f/rnaseq-star-align/star2pass.rnaseq_harmonization.cwl	STAR - Counts	5d8c131bbff59fb0c969217fc1d44e6d1503cd1f	Primary Tumor	NA	TCGA-BH-A203	TCGA-BH-A203-01A
699e47b8-5396-43eb-927d-8d05b0e79644	TSV	TCGA-BH-A203-11A-42R-A169-07	open	1dd6852b-2456-4576-9b22-f7604277c955.rna_seq.augmented_star_gene_counts.tsv	6dfb3413-17c1-4198-802b-4e41370123a9	Transcriptome Profiling	gene_expression	Illumina	4251484	2021-12-13T22:17:25.003705-06:00	b30e639b9179e17b16a7dd4cec129b0a	2024-07-30T09:52:40.323619-05:00	699e47b8-5396-43eb-927d-8d05b0e79644	Gene Expression Quantification	released	RNA-Seq	1	32.0 - 46.0	TCGA-BRCA	afcbb8ec-00aa-4a19-8693-0c94f903219f	released	1dd6852b-2456-4576-9b22-f7604277c955_star__counts	https://github.com/NCI-GDC/gdc-rnaseq-cwl/blob/5d8c131bbff59fb0c969217fc1d44e6d1503cd1f/rnaseq-star-align/star2pass.rnaseq_harmonization.cwl	STAR - Counts	5d8c131bbff59fb0c969217fc1d44e6d1503cd1f	Solid Tissue Normal	NA	TCGA-BH-A203	TCGA-BH-A203-11A
26caf8b1-0202-4656-9bb9-4a80ffc94118	TSV	TCGA-E2-A1IL-01A-11R-A14D-07	open	1516c4ec-98c0-41dc-9ad1-86cc05305fc1.rna_seq.augmented_star_gene_counts.tsv	90718590-788f-4d0e-a598-2193c2e5bf46	Transcriptome Profiling	gene_expression	Illumina	4239546	2021-12-13T22:01:57.524684-06:00	bd56038053d2c9c610dd9e3df19f9f68	2024-07-30T09:43:51.540068-05:00	26caf8b1-0202-4656-9bb9-4a80ffc94118	Gene Expression Quantification	released	RNA-Seq	1	32.0 - 46.0	TCGA-BRCA	a7e210ca-a1a1-4ee2-addc-cd07a38e7097	released	1516c4ec-98c0-41dc-9ad1-86cc05305fc1_star__counts	https://github.com/NCI-GDC/gdc-rnaseq-cwl/blob/5d8c131bbff59fb0c969217fc1d44e6d1503cd1f/rnaseq-star-align/star2pass.rnaseq_harmonization.cwl	STAR - Counts	5d8c131bbff59fb0c969217fc1d44e6d1503cd1f	Primary Tumor	NA	TCGA-E2-A1IL	TCGA-E2-A1IL-01A
a2837f64-2441-4d31-befc-514f8526b1f7	TSV	TCGA-AN-A03X-01A-21R-A00Z-07	open	1729f18b-f4d7-4e1c-af9f-2c651023e7fc.rna_seq.augmented_star_gene_counts.tsv	0807e212-9893-4a01-9e0b-b17e409026f5	Transcriptome Profiling	gene_expression	Illumina	4221177	2021-12-13T22:34:21.572074-06:00	f860ac2a0731f184169800dab28697fc	2024-07-30T09:46:50.795907-05:00	a2837f64-2441-4d31-befc-514f8526b1f7	Gene Expression Quantification	released	RNA-Seq	1	32.0 - 46.0	TCGA-BRCA	b78fed9c-ed77-4ebb-9773-a572fc3f2983	released	1729f18b-f4d7-4e1c-af9f-2c651023e7fc_star__counts	https://github.com/NCI-GDC/gdc-rnaseq-cwl/blob/5d8c131bbff59fb0c969217fc1d44e6d1503cd1f/rnaseq-star-align/star2pass.rnaseq_harmonization.cwl	STAR - Counts	5d8c131bbff59fb0c969217fc1d44e6d1503cd1f	Primary Tumor	NA	TCGA-AN-A03X	TCGA-AN-A03X-01A
d144a154-2dcb-484f-b50d-1b65ab9eb19e	TSV	TCGA-E9-A2JT-01A-22R-A18M-07	open	0fb8ee34-b7c8-4ea6-987a-b69c00baa53a.rna_seq.augmented_star_gene_counts.tsv	9888e580-3a66-4b26-9081-9ee2c0d065c5	Transcriptome Profiling	gene_expression	Illumina	4229379	2021-12-13T22:41:12.080655-06:00	5fe67d1e04fce00734254b5cc1ee94f8	2024-07-30T09:46:43.505108-05:00	d144a154-2dcb-484f-b50d-1b65ab9eb19e	Gene Expression Quantification	released	RNA-Seq	1	32.0 - 46.0	TCGA-BRCA	25312c35-d22a-48f3-aabe-7318a52d5eb5	released	0fb8ee34-b7c8-4ea6-987a-b69c00baa53a_star__counts	https://github.com/NCI-GDC/gdc-rnaseq-cwl/blob/5d8c131bbff59fb0c969217fc1d44e6d1503cd1f/rnaseq-star-align/star2pass.rnaseq_harmonization.cwl	STAR - Counts	5d8c131bbff59fb0c969217fc1d44e6d1503cd1f	Primary Tumor	NA	TCGA-E9-A2JT	TCGA-E9-A2JT-01A
679ba4c3-49da-47d1-bef2-ce25fd862758	TSV	TCGA-WT-AB41-01A-11R-A41B-07	open	cd40e8d1-b307-4840-bba6-fd2f71d0c26d.rna_seq.augmented_star_gene_counts.tsv	3718b9a8-48b5-43b8-a98f-fedbc04a8036	Transcriptome Profiling	gene_expression	Illumina	4219757	2021-12-13T22:35:45.314921-06:00	332e8e891b69880194af4d4357d47423	2024-07-30T09:23:54.859718-05:00	679ba4c3-49da-47d1-bef2-ce25fd862758	Gene Expression Quantification	released	RNA-Seq	1	32.0 - 46.0	TCGA-BRCA	dd9b94ad-aaeb-466c-9587-e6501d6c8062	released	cd40e8d1-b307-4840-bba6-fd2f71d0c26d_star__counts	https://github.com/NCI-GDC/gdc-rnaseq-cwl/blob/5d8c131bbff59fb0c969217fc1d44e6d1503cd1f/rnaseq-star-align/star2pass.rnaseq_harmonization.cwl	STAR - Counts	5d8c131bbff59fb0c969217fc1d44e6d1503cd1f	Primary Tumor	NA	TCGA-WT-AB41	TCGA-WT-AB41-01A
d9ea5bde-aa1a-4210-976f-b2f67c6d0191	TSV	TCGA-A8-A07C-01A-11R-A034-07	open	5b858b45-79a5-4857-b59e-8c56a8b04320.rna_seq.augmented_star_gene_counts.tsv	22b70954-50d4-4c19-9b6f-caabf7331cd7	Transcriptome Profiling	gene_expression	Illumina	4254090	2021-12-13T21:44:18.878349-06:00	091a016b51debcab3ae66d44f07e0bdc	2024-07-30T09:58:56.760345-05:00	d9ea5bde-aa1a-4210-976f-b2f67c6d0191	Gene Expression Quantification	released	RNA-Seq	1	32.0 - 46.0	TCGA-BRCA	625ec61a-427d-4792-93ee-6eab92265a5c	released	5b858b45-79a5-4857-b59e-8c56a8b04320_star__counts	https://github.com/NCI-GDC/gdc-rnaseq-cwl/blob/5d8c131bbff59fb0c969217fc1d44e6d1503cd1f/rnaseq-star-align/star2pass.rnaseq_harmonization.cwl	STAR - Counts	5d8c131bbff59fb0c969217fc1d44e6d1503cd1f	Primary Tumor	NA	TCGA-A8-A07C	TCGA-A8-A07C-01A
0fef4f4a-1c4e-4035-acff-af12febbaf1e	TSV	TCGA-B6-A1KF-01A-11R-A13Q-07	open	f383e1a0-2847-49e0-bede-abe5ce5147ce.rna_seq.augmented_star_gene_counts.tsv	06af429f-2cfe-4001-b0eb-05a225536a6b	Transcriptome Profiling	gene_expression	Illumina	4230005	2021-12-13T21:52:19.658954-06:00	3f1165575e6a7265301c71e7c85e4c44	2024-07-30T09:40:07.302642-05:00	0fef4f4a-1c4e-4035-acff-af12febbaf1e	Gene Expression Quantification	released	RNA-Seq	1	32.0 - 46.0	TCGA-BRCA	d3a7e54d-8408-4d4d-aa64-5f8f907bb0b3	released	f383e1a0-2847-49e0-bede-abe5ce5147ce_star__counts	https://github.com/NCI-GDC/gdc-rnaseq-cwl/blob/5d8c131bbff59fb0c969217fc1d44e6d1503cd1f/rnaseq-star-align/star2pass.rnaseq_harmonization.cwl	STAR - Counts	5d8c131bbff59fb0c969217fc1d44e6d1503cd1f	Primary Tumor	NA	TCGA-B6-A1KF	TCGA-B6-A1KF-01A
f5e5f153-f422-4c2a-ae54-fc11f416c637	TSV	TCGA-D8-A140-01A-11R-A115-07	open	343c349a-57ce-4599-8185-3ed2e15c6fdd.rna_seq.augmented_star_gene_counts.tsv	161b1cac-22f6-43a7-ae13-82e8d9153603	Transcriptome Profiling	gene_expression	Illumina	4242663	2021-12-13T21:45:02.425136-06:00	6fd3b80de15e0e8b4c780e949f577207	2024-07-30T09:22:26.176131-05:00	f5e5f153-f422-4c2a-ae54-fc11f416c637	Gene Expression Quantification	released	RNA-Seq	1	32.0 - 46.0	TCGA-BRCA	16778bab-6972-4c0d-92fb-e5bee0528215	released	343c349a-57ce-4599-8185-3ed2e15c6fdd_star__counts	https://github.com/NCI-GDC/gdc-rnaseq-cwl/blob/5d8c131bbff59fb0c969217fc1d44e6d1503cd1f/rnaseq-star-align/star2pass.rnaseq_harmonization.cwl	STAR - Counts	5d8c131bbff59fb0c969217fc1d44e6d1503cd1f	Primary Tumor	NA	TCGA-D8-A140	TCGA-D8-A140-01A
1936440a-9cfc-4b04-af40-3fbc22fe87f6	TSV	TCGA-E2-A152-01A-11R-A12D-07	open	7dc54973-bfae-4811-b947-f98a6ac24b25.rna_seq.augmented_star_gene_counts.tsv	179c9254-f999-4878-b500-81d82a1086b6	Transcriptome Profiling	gene_expression	Illumina	4237555	2021-12-13T22:06:05.518576-06:00	70da14cb1166a06087cf7e04f9207f21	2024-07-30T09:41:37.398263-05:00	1936440a-9cfc-4b04-af40-3fbc22fe87f6	Gene Expression Quantification	released	RNA-Seq	1	32.0 - 46.0	TCGA-BRCA	b49ff975-5e28-458a-8f05-914e883eaa21	released	7dc54973-bfae-4811-b947-f98a6ac24b25_star__counts	https://github.com/NCI-GDC/gdc-rnaseq-cwl/blob/5d8c131bbff59fb0c969217fc1d44e6d1503cd1f/rnaseq-star-align/star2pass.rnaseq_harmonization.cwl	STAR - Counts	5d8c131bbff59fb0c969217fc1d44e6d1503cd1f	Primary Tumor	NA	TCGA-E2-A152	TCGA-E2-A152-01A
99367019-5583-4bcc-aa62-25916515fe17	TSV	TCGA-AC-A5EH-01A-11R-A28M-07	open	c28b080d-8eb9-46b7-9e40-c37409820e17.rna_seq.augmented_star_gene_counts.tsv	5029f586-c5ef-4675-aae2-316271d160f4	Transcriptome Profiling	gene_expression	Illumina	4237154	2021-12-13T21:57:03.181922-06:00	dcddca1ef4cbd8e3ff1259a474898676	2024-07-30T09:43:22.285831-05:00	99367019-5583-4bcc-aa62-25916515fe17	Gene Expression Quantification	released	RNA-Seq	1	32.0 - 46.0	TCGA-BRCA	1a00f66a-de96-4d05-a3b0-69597ff63ad1	released	c28b080d-8eb9-46b7-9e40-c37409820e17_star__counts	https://github.com/NCI-GDC/gdc-rnaseq-cwl/blob/5d8c131bbff59fb0c969217fc1d44e6d1503cd1f/rnaseq-star-align/star2pass.rnaseq_harmonization.cwl	STAR - Counts	5d8c131bbff59fb0c969217fc1d44e6d1503cd1f	Primary Tumor	NA	TCGA-AC-A5EH	TCGA-AC-A5EH-01A
bc0a4326-63d2-4ec4-9af6-7b421aa8aa49	TSV	TCGA-E2-A106-01A-11R-A10J-07	open	650319bc-20e1-4451-bcb5-a35c360060ef.rna_seq.augmented_star_gene_counts.tsv	86e7b19e-41f3-48f9-b4f3-a1b86ebbb9f9	Transcriptome Profiling	gene_expression	Illumina	4238766	2021-12-13T22:25:12.710829-06:00	f40213ccf554f506a420c71cc2ba0fe5	2024-07-30T10:03:09.317987-05:00	bc0a4326-63d2-4ec4-9af6-7b421aa8aa49	Gene Expression Quantification	released	RNA-Seq	1	32.0 - 46.0	TCGA-BRCA	56d70979-fb85-44ee-b33e-ba5fdb654f40	released	650319bc-20e1-4451-bcb5-a35c360060ef_star__counts	https://github.com/NCI-GDC/gdc-rnaseq-cwl/blob/5d8c131bbff59fb0c969217fc1d44e6d1503cd1f/rnaseq-star-align/star2pass.rnaseq_harmonization.cwl	STAR - Counts	5d8c131bbff59fb0c969217fc1d44e6d1503cd1f	Primary Tumor	NA	TCGA-E2-A106	TCGA-E2-A106-01A
1341b934-ead3-4c4a-bd84-09084895fa83	TSV	TCGA-AN-A0XN-01A-21R-A109-07	open	6ddab78f-8bf5-43ef-847b-f68c15475d46.rna_seq.augmented_star_gene_counts.tsv	608f1791-18ef-4b83-9c1b-3370f5b526a1	Transcriptome Profiling	gene_expression	Illumina	4231620	2021-12-13T22:22:21.768630-06:00	783496a60f6b4d55af112aa1fd8a76ea	2024-07-30T09:22:56.284269-05:00	1341b934-ead3-4c4a-bd84-09084895fa83	Gene Expression Quantification	released	RNA-Seq	1	32.0 - 46.0	TCGA-BRCA	2db393f6-fbe9-485c-8548-25eebba3be67	released	6ddab78f-8bf5-43ef-847b-f68c15475d46_star__counts	https://github.com/NCI-GDC/gdc-rnaseq-cwl/blob/5d8c131bbff59fb0c969217fc1d44e6d1503cd1f/rnaseq-star-align/star2pass.rnaseq_harmonization.cwl	STAR - Counts	5d8c131bbff59fb0c969217fc1d44e6d1503cd1f	Primary Tumor	NA	TCGA-AN-A0XN	TCGA-AN-A0XN-01A
055f6138-ea7a-468d-90c2-87a473486867	TSV	TCGA-A2-A0SU-01A-11R-A084-07	open	43d15c49-f348-48a8-b00f-7f6a7b605a04.rna_seq.augmented_star_gene_counts.tsv	60fc1541-9be5-4aca-8e59-a7396186bf56	Transcriptome Profiling	gene_expression	Illumina	4235673	2021-12-13T22:19:21.429637-06:00	3f6642204b0eac5512fa19e7d84b5019	2024-07-30T09:37:25.898994-05:00	055f6138-ea7a-468d-90c2-87a473486867	Gene Expression Quantification	released	RNA-Seq	1	32.0 - 46.0	TCGA-BRCA	a9a83e18-e15b-4bcd-a3a0-5914a85d7d7b	released	43d15c49-f348-48a8-b00f-7f6a7b605a04_star__counts	https://github.com/NCI-GDC/gdc-rnaseq-cwl/blob/5d8c131bbff59fb0c969217fc1d44e6d1503cd1f/rnaseq-star-align/star2pass.rnaseq_harmonization.cwl	STAR - Counts	5d8c131bbff59fb0c969217fc1d44e6d1503cd1f	Primary Tumor	NA	TCGA-A2-A0SU	TCGA-A2-A0SU-01A
c1f3f326-e99f-4811-9665-d15d6d8a1c33	TSV	TCGA-E9-A5FL-01A-11R-A27Q-07	open	8b0bdebf-7292-4b66-bcf2-fcb0a06c24e3.rna_seq.augmented_star_gene_counts.tsv	f08468fc-6ce3-44f7-89af-72d9b01b67e6	Transcriptome Profiling	gene_expression	Illumina	4229758	2021-12-13T22:05:56.907991-06:00	de75afc9b2969a0f1bb31cd4011d141e	2024-07-30T09:50:51.348649-05:00	c1f3f326-e99f-4811-9665-d15d6d8a1c33	Gene Expression Quantification	released	RNA-Seq	1	32.0 - 46.0	TCGA-BRCA	a4eec455-7007-471c-8831-5ea5afe87691	released	8b0bdebf-7292-4b66-bcf2-fcb0a06c24e3_star__counts	https://github.com/NCI-GDC/gdc-rnaseq-cwl/blob/5d8c131bbff59fb0c969217fc1d44e6d1503cd1f/rnaseq-star-align/star2pass.rnaseq_harmonization.cwl	STAR - Counts	5d8c131bbff59fb0c969217fc1d44e6d1503cd1f	Primary Tumor	NA	TCGA-E9-A5FL	TCGA-E9-A5FL-01A
56a26df4-d9c1-4f43-bb44-8afd34eea927	TSV	TCGA-E9-A1NI-01A-11R-A14D-07	open	95e77e5a-9963-4d65-935d-893a5dbe702e.rna_seq.augmented_star_gene_counts.tsv	2849f29c-9c6c-4bdb-ad3b-5e59f668b9e9	Transcriptome Profiling	gene_expression	Illumina	4232942	2021-12-13T22:19:57.896165-06:00	908d2e9d5048ce0c5a81d75d9d438a8c	2024-07-30T09:32:55.646165-05:00	56a26df4-d9c1-4f43-bb44-8afd34eea927	Gene Expression Quantification	released	RNA-Seq	1	32.0 - 46.0	TCGA-BRCA	c189bb9f-329b-45ed-badc-c5182d3903e6	released	95e77e5a-9963-4d65-935d-893a5dbe702e_star__counts	https://github.com/NCI-GDC/gdc-rnaseq-cwl/blob/5d8c131bbff59fb0c969217fc1d44e6d1503cd1f/rnaseq-star-align/star2pass.rnaseq_harmonization.cwl	STAR - Counts	5d8c131bbff59fb0c969217fc1d44e6d1503cd1f	Primary Tumor	NA	TCGA-E9-A1NI	TCGA-E9-A1NI-01A
ff5f8ada-17c5-497e-9182-63a05e3ab4c5	TSV	TCGA-OL-A5D6-01A-21R-A27Q-07	open	64b12ba7-a481-4fdb-9c74-38c94c7ef3c9.rna_seq.augmented_star_gene_counts.tsv	95a40bcc-7025-4543-b8ca-e0bfc6ae781c	Transcriptome Profiling	gene_expression	Illumina	4234675	2021-12-13T22:23:03.915935-06:00	e0746cf579c06c091575742c3c4837ce	2024-07-30T10:09:21.122728-05:00	ff5f8ada-17c5-497e-9182-63a05e3ab4c5	Gene Expression Quantification	released	RNA-Seq	1	32.0 - 46.0	TCGA-BRCA	0513bf8c-980b-418b-a133-d42f8013bdb3	released	64b12ba7-a481-4fdb-9c74-38c94c7ef3c9_star__counts	https://github.com/NCI-GDC/gdc-rnaseq-cwl/blob/5d8c131bbff59fb0c969217fc1d44e6d1503cd1f/rnaseq-star-align/star2pass.rnaseq_harmonization.cwl	STAR - Counts	5d8c131bbff59fb0c969217fc1d44e6d1503cd1f	Primary Tumor	NA	TCGA-OL-A5D6	TCGA-OL-A5D6-01A
d240cdef-e1a3-481f-a0d5-895d7cc5cabd	TSV	TCGA-AO-A1KO-01A-31R-A13Q-07	open	f7df28a8-81d0-434a-bfcf-0ffff4ac9ede.rna_seq.augmented_star_gene_counts.tsv	4bef78ae-1d67-45d2-98cc-e8768c415607	Transcriptome Profiling	gene_expression	Illumina	4248801	2021-12-13T22:21:22.437489-06:00	36ce1a60fade093ecd91ac18151fdaab	2024-07-30T09:39:01.531056-05:00	d240cdef-e1a3-481f-a0d5-895d7cc5cabd	Gene Expression Quantification	released	RNA-Seq	1	32.0 - 46.0	TCGA-BRCA	8e06b18d-a807-49e2-bf47-90d8ba89cbc2	released	f7df28a8-81d0-434a-bfcf-0ffff4ac9ede_star__counts	https://github.com/NCI-GDC/gdc-rnaseq-cwl/blob/5d8c131bbff59fb0c969217fc1d44e6d1503cd1f/rnaseq-star-align/star2pass.rnaseq_harmonization.cwl	STAR - Counts	5d8c131bbff59fb0c969217fc1d44e6d1503cd1f	Primary Tumor	NA	TCGA-AO-A1KO	TCGA-AO-A1KO-01A
83707590-e4c8-4e06-98d5-f6c5dc710d1b	TSV	TCGA-E9-A1RG-01A-11R-A14D-07	open	85237b9e-67a3-46a2-9c19-3818522994b2.rna_seq.augmented_star_gene_counts.tsv	43d3a982-4ed1-403a-9d1c-02f2690d774b	Transcriptome Profiling	gene_expression	Illumina	4235185	2021-12-13T21:47:17.909853-06:00	8f8b4f994e2ef2a9f99516febfca3794	2024-07-30T09:52:51.557305-05:00	83707590-e4c8-4e06-98d5-f6c5dc710d1b	Gene Expression Quantification	released	RNA-Seq	1	32.0 - 46.0	TCGA-BRCA	06c85d6a-22ca-49ac-8212-da6e60bb417b	released	85237b9e-67a3-46a2-9c19-3818522994b2_star__counts	https://github.com/NCI-GDC/gdc-rnaseq-cwl/blob/5d8c131bbff59fb0c969217fc1d44e6d1503cd1f/rnaseq-star-align/star2pass.rnaseq_harmonization.cwl	STAR - Counts	5d8c131bbff59fb0c969217fc1d44e6d1503cd1f	Primary Tumor	NA	TCGA-E9-A1RG	TCGA-E9-A1RG-01A
18022491-5c13-4a17-aed9-ea85e1088267	TSV	TCGA-D8-A1X8-01A-11R-A14M-07	open	5a1c17e7-53a2-472a-b4de-8f60522a8c6e.rna_seq.augmented_star_gene_counts.tsv	da2c5c1c-61f7-457d-8451-1751aaf57214	Transcriptome Profiling	gene_expression	Illumina	4247675	2021-12-13T21:54:58.761136-06:00	ef364c23312c6309b15c3a72c357ef7e	2024-07-30T09:35:28.973324-05:00	18022491-5c13-4a17-aed9-ea85e1088267	Gene Expression Quantification	released	RNA-Seq	1	32.0 - 46.0	TCGA-BRCA	4f8b55e7-ee94-409f-b495-b8f40b8ac0ad	released	5a1c17e7-53a2-472a-b4de-8f60522a8c6e_star__counts	https://github.com/NCI-GDC/gdc-rnaseq-cwl/blob/5d8c131bbff59fb0c969217fc1d44e6d1503cd1f/rnaseq-star-align/star2pass.rnaseq_harmonization.cwl	STAR - Counts	5d8c131bbff59fb0c969217fc1d44e6d1503cd1f	Primary Tumor	NA	TCGA-D8-A1X8	TCGA-D8-A1X8-01A
5223fb98-dd63-4c20-a7c0-02e0b13ccb33	TSV	TCGA-C8-A1HE-01A-11R-A13Q-07	open	7b7c91b5-0358-4d09-af89-26a791d7a23a.rna_seq.augmented_star_gene_counts.tsv	cab15b6f-1bf9-4dd2-9339-ff134435851e	Transcriptome Profiling	gene_expression	Illumina	4251941	2021-12-13T21:49:27.160091-06:00	7c36266ef6a32b6ffda94cb99755b029	2024-07-30T09:45:05.168310-05:00	5223fb98-dd63-4c20-a7c0-02e0b13ccb33	Gene Expression Quantification	released	RNA-Seq	1	32.0 - 46.0	TCGA-BRCA	c2ef7b72-0b39-408f-a1c6-bdd923f34131	released	7b7c91b5-0358-4d09-af89-26a791d7a23a_star__counts	https://github.com/NCI-GDC/gdc-rnaseq-cwl/blob/5d8c131bbff59fb0c969217fc1d44e6d1503cd1f/rnaseq-star-align/star2pass.rnaseq_harmonization.cwl	STAR - Counts	5d8c131bbff59fb0c969217fc1d44e6d1503cd1f	Primary Tumor	NA	TCGA-C8-A1HE	TCGA-C8-A1HE-01A
bf6e2b60-d65b-4963-8e8e-49ab3f93c3e1	TSV	TCGA-A7-A13D-01B-04R-A277-07	open	c9f641bc-d9fe-4cd6-8e73-bbf6935aee52.rna_seq.augmented_star_gene_counts.tsv	457a52d6-3bca-4ba9-92b3-be49403bd54f	Transcriptome Profiling	gene_expression	Illumina	4255631	2021-12-13T22:14:20.031170-06:00	5815b5ad5ccd1a921c59f7feb719d239	2024-07-30T09:43:17.534012-05:00	bf6e2b60-d65b-4963-8e8e-49ab3f93c3e1	Gene Expression Quantification	released	RNA-Seq	1	32.0 - 46.0	TCGA-BRCA	36a7495b-2899-4bf6-8258-287e6e13852f	released	c9f641bc-d9fe-4cd6-8e73-bbf6935aee52_star__counts	https://github.com/NCI-GDC/gdc-rnaseq-cwl/blob/5d8c131bbff59fb0c969217fc1d44e6d1503cd1f/rnaseq-star-align/star2pass.rnaseq_harmonization.cwl	STAR - Counts	5d8c131bbff59fb0c969217fc1d44e6d1503cd1f	Primary Tumor	NA	TCGA-A7-A13D	TCGA-A7-A13D-01B
1ace2a0c-773d-45b5-8fd6-968c88731bbb	TSV	TCGA-AN-A04A-01A-21R-A034-07	open	c33ecc28-d5ba-4416-b93d-445b7883b6e8.rna_seq.augmented_star_gene_counts.tsv	0493c6f8-6fbb-442e-9383-ab14fa92524d	Transcriptome Profiling	gene_expression	Illumina	4239626	2021-12-13T21:50:59.669979-06:00	ff767304460d3385c372d7e0818cb45a	2024-07-30T09:50:53.688978-05:00	1ace2a0c-773d-45b5-8fd6-968c88731bbb	Gene Expression Quantification	released	RNA-Seq	1	32.0 - 46.0	TCGA-BRCA	fdc5b6ca-5e83-4318-bedd-7c376f9654e0	released	c33ecc28-d5ba-4416-b93d-445b7883b6e8_star__counts	https://github.com/NCI-GDC/gdc-rnaseq-cwl/blob/5d8c131bbff59fb0c969217fc1d44e6d1503cd1f/rnaseq-star-align/star2pass.rnaseq_harmonization.cwl	STAR - Counts	5d8c131bbff59fb0c969217fc1d44e6d1503cd1f	Primary Tumor	NA	TCGA-AN-A04A	TCGA-AN-A04A-01A
744a6d3d-b666-49aa-8d26-47f34e3d1eb5	TSV	TCGA-BH-A18H-01A-11R-A12D-07	open	94027f46-390c-4dda-ab89-cb1ac0a291cd.rna_seq.augmented_star_gene_counts.tsv	41848a66-837f-4aa1-94d7-6e9de9c2bbcf	Transcriptome Profiling	gene_expression	Illumina	4231952	2021-12-13T21:59:53.100833-06:00	4a91710ffccd29966a3374ffaf14abec	2024-07-30T09:46:05.352523-05:00	744a6d3d-b666-49aa-8d26-47f34e3d1eb5	Gene Expression Quantification	released	RNA-Seq	1	32.0 - 46.0	TCGA-BRCA	8a8b368d-8301-48c9-a7e3-ceb2967ca3dd	released	94027f46-390c-4dda-ab89-cb1ac0a291cd_star__counts	https://github.com/NCI-GDC/gdc-rnaseq-cwl/blob/5d8c131bbff59fb0c969217fc1d44e6d1503cd1f/rnaseq-star-align/star2pass.rnaseq_harmonization.cwl	STAR - Counts	5d8c131bbff59fb0c969217fc1d44e6d1503cd1f	Primary Tumor	NA	TCGA-BH-A18H	TCGA-BH-A18H-01A
2081a155-9d2d-41f6-b243-68a12e9b342a	TSV	TCGA-EW-A1PB-01A-11R-A144-07	open	62ca3ce8-77f9-4e02-ace4-af79519b53fd.rna_seq.augmented_star_gene_counts.tsv	a94013bf-969c-4bcb-a0fc-17e73864fe82	Transcriptome Profiling	gene_expression	Illumina	4244011	2021-12-13T22:28:51.988882-06:00	0c6a23a41efb2dc0b10900228ccc500f	2024-07-30T09:47:06.431112-05:00	2081a155-9d2d-41f6-b243-68a12e9b342a	Gene Expression Quantification	released	RNA-Seq	1	32.0 - 46.0	TCGA-BRCA	5de03c18-9325-4deb-93a4-7974ace7ad1e	released	62ca3ce8-77f9-4e02-ace4-af79519b53fd_star__counts	https://github.com/NCI-GDC/gdc-rnaseq-cwl/blob/5d8c131bbff59fb0c969217fc1d44e6d1503cd1f/rnaseq-star-align/star2pass.rnaseq_harmonization.cwl	STAR - Counts	5d8c131bbff59fb0c969217fc1d44e6d1503cd1f	Primary Tumor	NA	TCGA-EW-A1PB	TCGA-EW-A1PB-01A
cee943a8-ea26-4b2f-b8a4-66300ccacfb5	TSV	TCGA-A8-A07B-01A-11R-A00Z-07	open	7eb5f037-355b-4a38-b22b-a5e1f41ff1e9.rna_seq.augmented_star_gene_counts.tsv	d42ef8d2-588e-4786-bf00-5e6b15a4d6ee	Transcriptome Profiling	gene_expression	Illumina	4216069	2021-12-13T22:11:30.418277-06:00	c6a274ffcd534aa245c808fea06d36f9	2024-07-30T10:03:10.506724-05:00	cee943a8-ea26-4b2f-b8a4-66300ccacfb5	Gene Expression Quantification	released	RNA-Seq	1	32.0 - 46.0	TCGA-BRCA	4faae279-a19b-45f0-942a-cc82771f2436	released	7eb5f037-355b-4a38-b22b-a5e1f41ff1e9_star__counts	https://github.com/NCI-GDC/gdc-rnaseq-cwl/blob/5d8c131bbff59fb0c969217fc1d44e6d1503cd1f/rnaseq-star-align/star2pass.rnaseq_harmonization.cwl	STAR - Counts	5d8c131bbff59fb0c969217fc1d44e6d1503cd1f	Primary Tumor	NA	TCGA-A8-A07B	TCGA-A8-A07B-01A
95f4620f-f9b0-4533-bb13-f412d774244a	TSV	TCGA-AR-A0TP-01A-11R-A084-07	open	d8d139e8-6e6f-4771-b624-69518f847b85.rna_seq.augmented_star_gene_counts.tsv	9106a20d-ef51-4c48-b213-d071425631ac	Transcriptome Profiling	gene_expression	Illumina	4243800	2021-12-13T22:38:10.738040-06:00	5b45bff6cf6571bf0389fb2ea23c7be1	2024-07-30T09:25:12.256068-05:00	95f4620f-f9b0-4533-bb13-f412d774244a	Gene Expression Quantification	released	RNA-Seq	1	32.0 - 46.0	TCGA-BRCA	2ccd93ae-8e2e-42d5-8a56-db74d033c838	released	d8d139e8-6e6f-4771-b624-69518f847b85_star__counts	https://github.com/NCI-GDC/gdc-rnaseq-cwl/blob/5d8c131bbff59fb0c969217fc1d44e6d1503cd1f/rnaseq-star-align/star2pass.rnaseq_harmonization.cwl	STAR - Counts	5d8c131bbff59fb0c969217fc1d44e6d1503cd1f	Primary Tumor	NA	TCGA-AR-A0TP	TCGA-AR-A0TP-01A
bd239a8e-56e2-45ca-bc44-bff98b72c1d6	TSV	TCGA-BH-A18R-11A-42R-A12D-07	open	d28a7c02-2f33-46e2-bff9-5ed518ea6fb6.rna_seq.augmented_star_gene_counts.tsv	c221e8b4-1713-4067-b273-ec953aab3215	Transcriptome Profiling	gene_expression	Illumina	4256261	2021-12-13T22:23:24.832357-06:00	29dd21ad6b69b899dbc5d44104a2d695	2024-07-30T10:06:00.515873-05:00	bd239a8e-56e2-45ca-bc44-bff98b72c1d6	Gene Expression Quantification	released	RNA-Seq	1	32.0 - 46.0	TCGA-BRCA	a08fbc65-248a-41a8-a07d-bf3ba9470d66	released	d28a7c02-2f33-46e2-bff9-5ed518ea6fb6_star__counts	https://github.com/NCI-GDC/gdc-rnaseq-cwl/blob/5d8c131bbff59fb0c969217fc1d44e6d1503cd1f/rnaseq-star-align/star2pass.rnaseq_harmonization.cwl	STAR - Counts	5d8c131bbff59fb0c969217fc1d44e6d1503cd1f	Solid Tissue Normal	NA	TCGA-BH-A18R	TCGA-BH-A18R-11A
d32a2386-8747-4f9f-84b2-130a2c948342	TSV	TCGA-AC-A2FM-01A-11R-A19W-07	open	7e11de5c-487d-4fc2-845e-efab7a39e031.rna_seq.augmented_star_gene_counts.tsv	9c02771b-945b-4b54-a33f-54805ce4b762	Transcriptome Profiling	gene_expression	Illumina	4246922	2021-12-13T22:04:48.863332-06:00	71a0826c05586bbfcc8672256fe087d3	2024-07-30T09:25:41.243959-05:00	d32a2386-8747-4f9f-84b2-130a2c948342	Gene Expression Quantification	released	RNA-Seq	1	32.0 - 46.0	TCGA-BRCA	ddc49fb9-072b-4b8d-9275-9724d44c987d	released	7e11de5c-487d-4fc2-845e-efab7a39e031_star__counts	https://github.com/NCI-GDC/gdc-rnaseq-cwl/blob/5d8c131bbff59fb0c969217fc1d44e6d1503cd1f/rnaseq-star-align/star2pass.rnaseq_harmonization.cwl	STAR - Counts	5d8c131bbff59fb0c969217fc1d44e6d1503cd1f	Primary Tumor	NA	TCGA-AC-A2FM	TCGA-AC-A2FM-01A
7fa9ad2e-67a7-449f-be73-9e18dc46b529	TSV	TCGA-AO-A0J4-01A-11R-A034-07	open	5d5bb9d2-2244-4673-99db-653609cf5de2.rna_seq.augmented_star_gene_counts.tsv	e704539f-0739-4683-b2c9-26062899103a	Transcriptome Profiling	gene_expression	Illumina	4258120	2021-12-13T22:31:26.030050-06:00	c2c58944ad7816d2b276096ba80553c5	2024-07-30T09:40:52.185728-05:00	7fa9ad2e-67a7-449f-be73-9e18dc46b529	Gene Expression Quantification	released	RNA-Seq	1	32.0 - 46.0	TCGA-BRCA	7e99dc80-521e-4673-89f1-1758d5b02192	released	5d5bb9d2-2244-4673-99db-653609cf5de2_star__counts	https://github.com/NCI-GDC/gdc-rnaseq-cwl/blob/5d8c131bbff59fb0c969217fc1d44e6d1503cd1f/rnaseq-star-align/star2pass.rnaseq_harmonization.cwl	STAR - Counts	5d8c131bbff59fb0c969217fc1d44e6d1503cd1f	Primary Tumor	NA	TCGA-AO-A0J4	TCGA-AO-A0J4-01A
3e5dce7b-3f1e-4b43-b83e-8c0fc654e9c4	TSV	TCGA-A7-A26I-01A-11R-A169-07	open	1b392450-2b27-4dce-9205-7de33a64ba42.rna_seq.augmented_star_gene_counts.tsv	ab42cdb3-f775-4c36-99f1-8ab3ebd2162d	Transcriptome Profiling	gene_expression	Illumina	4272362	2022-10-31T13:39:46.685985-05:00	8b9fd2c868940ce2c001e9b5483528a6	2024-07-29T20:05:42.404564-05:00	3e5dce7b-3f1e-4b43-b83e-8c0fc654e9c4	Gene Expression Quantification	released	RNA-Seq	1	36.0 - 46.0	TCGA-BRCA	be4baf0a-03b4-4875-952f-7f4d87b5b1c3	released	1b392450-2b27-4dce-9205-7de33a64ba42_star__counts	quay.io/ncigdc	STAR - Counts	5a02c12930eb23436322a7494047b907b97570c5	Primary Tumor	NA	TCGA-A7-A26I	TCGA-A7-A26I-01A
11e658a7-64e3-47ac-8993-eea0d17fc949	TSV	TCGA-E9-A1NH-01A-11R-A14D-07	open	36e48370-2ecb-4d2c-91ab-7f7426647213.rna_seq.augmented_star_gene_counts.tsv	2dd531b1-5032-4771-b6e3-d76bbaa5dfbb	Transcriptome Profiling	gene_expression	Illumina	4239437	2021-12-13T22:11:35.481927-06:00	92361f6129dab70a315c8a580410cba9	2024-07-30T09:53:19.129468-05:00	11e658a7-64e3-47ac-8993-eea0d17fc949	Gene Expression Quantification	released	RNA-Seq	1	32.0 - 46.0	TCGA-BRCA	629b9232-6bc2-477a-b5b1-565212840f50	released	36e48370-2ecb-4d2c-91ab-7f7426647213_star__counts	https://github.com/NCI-GDC/gdc-rnaseq-cwl/blob/5d8c131bbff59fb0c969217fc1d44e6d1503cd1f/rnaseq-star-align/star2pass.rnaseq_harmonization.cwl	STAR - Counts	5d8c131bbff59fb0c969217fc1d44e6d1503cd1f	Primary Tumor	NA	TCGA-E9-A1NH	TCGA-E9-A1NH-01A
25352bc8-c94c-4542-a7da-d4423adf72cf	TSV	TCGA-A7-A13D-01A-13R-A277-07	open	1e742dad-8e44-452a-bf2b-9b8ae1ed8bb2.rna_seq.augmented_star_gene_counts.tsv	55ba2d3a-8803-46fb-a001-f83247e75429	Transcriptome Profiling	gene_expression	Illumina	4214727	2021-12-13T22:00:44.793321-06:00	5ed2e41fb88225d79047974700a45c70	2024-07-30T09:35:06.640713-05:00	25352bc8-c94c-4542-a7da-d4423adf72cf	Gene Expression Quantification	released	RNA-Seq	1	32.0 - 46.0	TCGA-BRCA	37b1312a-76c9-4a6a-bcf9-7ec6d98a54cd	released	1e742dad-8e44-452a-bf2b-9b8ae1ed8bb2_star__counts	https://github.com/NCI-GDC/gdc-rnaseq-cwl/blob/5d8c131bbff59fb0c969217fc1d44e6d1503cd1f/rnaseq-star-align/star2pass.rnaseq_harmonization.cwl	STAR - Counts	5d8c131bbff59fb0c969217fc1d44e6d1503cd1f	Primary Tumor	NA	TCGA-A7-A13D	TCGA-A7-A13D-01A
6a89e8a2-577e-4531-98e8-ba6fc6cfe525	TSV	TCGA-BH-A202-01A-11R-A14M-07	open	2bbbdb50-4486-473c-a158-6b1656bdb242.rna_seq.augmented_star_gene_counts.tsv	cbe26e9a-7b3f-4df1-b1da-aa7eff0977e4	Transcriptome Profiling	gene_expression	Illumina	4252382	2021-12-13T22:24:41.895239-06:00	9f430167246a1f8daa736fe40b11b748	2024-07-30T09:50:07.417497-05:00	6a89e8a2-577e-4531-98e8-ba6fc6cfe525	Gene Expression Quantification	released	RNA-Seq	1	32.0 - 46.0	TCGA-BRCA	9e84b2f5-3333-4c41-8605-c0ca53008afc	released	2bbbdb50-4486-473c-a158-6b1656bdb242_star__counts	https://github.com/NCI-GDC/gdc-rnaseq-cwl/blob/5d8c131bbff59fb0c969217fc1d44e6d1503cd1f/rnaseq-star-align/star2pass.rnaseq_harmonization.cwl	STAR - Counts	5d8c131bbff59fb0c969217fc1d44e6d1503cd1f	Primary Tumor	NA	TCGA-BH-A202	TCGA-BH-A202-01A
4ecc1f1a-8ff4-4552-a5e8-7a9652b6d1d5	TSV	TCGA-E2-A14P-01A-31R-A12D-07	open	df45fb41-4511-4dab-b865-fcdfcda0400a.rna_seq.augmented_star_gene_counts.tsv	25982983-a96d-455c-b26d-73a1c5987cb2	Transcriptome Profiling	gene_expression	Illumina	4238832	2021-12-13T22:36:38.655927-06:00	af51e54b9dc2f6aecd39ab26d2b79824	2024-07-30T09:43:10.071779-05:00	4ecc1f1a-8ff4-4552-a5e8-7a9652b6d1d5	Gene Expression Quantification	released	RNA-Seq	1	32.0 - 46.0	TCGA-BRCA	315d5940-9d1d-4fee-80d2-6fd133d3cb28	released	df45fb41-4511-4dab-b865-fcdfcda0400a_star__counts	https://github.com/NCI-GDC/gdc-rnaseq-cwl/blob/5d8c131bbff59fb0c969217fc1d44e6d1503cd1f/rnaseq-star-align/star2pass.rnaseq_harmonization.cwl	STAR - Counts	5d8c131bbff59fb0c969217fc1d44e6d1503cd1f	Primary Tumor	NA	TCGA-E2-A14P	TCGA-E2-A14P-01A
e84b9f1a-0def-425b-86c1-c143b27509b5	TSV	TCGA-BH-A1FJ-11B-42R-A13Q-07	open	4497500a-5721-4d7a-8ed9-1ba7b42fb6ab.rna_seq.augmented_star_gene_counts.tsv	0ecda501-c13e-486e-9dbd-4b58b0c321eb	Transcriptome Profiling	gene_expression	Illumina	4259956	2021-12-13T21:59:57.567741-06:00	a994157abf6f5cd076d1c50850a911a6	2024-07-30T09:46:57.506751-05:00	e84b9f1a-0def-425b-86c1-c143b27509b5	Gene Expression Quantification	released	RNA-Seq	1	32.0 - 46.0	TCGA-BRCA	ea4811c4-4df9-460a-8b26-427d7b389d76	released	4497500a-5721-4d7a-8ed9-1ba7b42fb6ab_star__counts	https://github.com/NCI-GDC/gdc-rnaseq-cwl/blob/5d8c131bbff59fb0c969217fc1d44e6d1503cd1f/rnaseq-star-align/star2pass.rnaseq_harmonization.cwl	STAR - Counts	5d8c131bbff59fb0c969217fc1d44e6d1503cd1f	Solid Tissue Normal	NA	TCGA-BH-A1FJ	TCGA-BH-A1FJ-11B
4d2cc90a-574f-4184-9a1c-86af222e9bb6	TSV	TCGA-EW-A2FV-01A-11R-A17B-07	open	15933e60-dee1-493a-a4f9-d5791dd15325.rna_seq.augmented_star_gene_counts.tsv	b1194531-000f-490d-908d-b7ad2bece2bd	Transcriptome Profiling	gene_expression	Illumina	4250260	2021-12-13T22:24:12.917864-06:00	21dd8c85d0731ad404eaf79d9303e783	2024-07-30T09:43:29.511835-05:00	4d2cc90a-574f-4184-9a1c-86af222e9bb6	Gene Expression Quantification	released	RNA-Seq	1	32.0 - 46.0	TCGA-BRCA	eb31bf0a-8922-4e3c-bc65-72e5bf450f90	released	15933e60-dee1-493a-a4f9-d5791dd15325_star__counts	https://github.com/NCI-GDC/gdc-rnaseq-cwl/blob/5d8c131bbff59fb0c969217fc1d44e6d1503cd1f/rnaseq-star-align/star2pass.rnaseq_harmonization.cwl	STAR - Counts	5d8c131bbff59fb0c969217fc1d44e6d1503cd1f	Primary Tumor	NA	TCGA-EW-A2FV	TCGA-EW-A2FV-01A
a701ab46-0745-4f23-8723-df5846e8806f	TSV	TCGA-A2-A04T-01A-21R-A034-07	open	29246ea5-44e5-43d3-be04-c038c20db027.rna_seq.augmented_star_gene_counts.tsv	aedeb3d2-883c-40bb-be36-b2d48956783b	Transcriptome Profiling	gene_expression	Illumina	4244582	2021-12-13T22:08:33.885920-06:00	7451f33c3bc55354a60a356a8dc8ee46	2024-07-30T10:03:02.890772-05:00	a701ab46-0745-4f23-8723-df5846e8806f	Gene Expression Quantification	released	RNA-Seq	1	32.0 - 46.0	TCGA-BRCA	434845ce-d1e6-4657-9b4c-5a2ada48832a	released	29246ea5-44e5-43d3-be04-c038c20db027_star__counts	https://github.com/NCI-GDC/gdc-rnaseq-cwl/blob/5d8c131bbff59fb0c969217fc1d44e6d1503cd1f/rnaseq-star-align/star2pass.rnaseq_harmonization.cwl	STAR - Counts	5d8c131bbff59fb0c969217fc1d44e6d1503cd1f	Primary Tumor	NA	TCGA-A2-A04T	TCGA-A2-A04T-01A
148fc636-0b7b-4f10-b513-45edcf71a79e	TSV	TCGA-A7-A26I-01B-06R-A22O-07	open	ec2e3ab8-18a2-4d4e-b0dc-36411ce35357.rna_seq.augmented_star_gene_counts.tsv	3d780b5f-21dd-48b1-b786-de53e90cfadb	Transcriptome Profiling	gene_expression	Illumina	4252294	2021-12-13T22:11:05.030348-06:00	36fef8041381de8957041d85db7f4623	2024-07-30T09:48:15.983749-05:00	148fc636-0b7b-4f10-b513-45edcf71a79e	Gene Expression Quantification	released	RNA-Seq	1	32.0 - 46.0	TCGA-BRCA	1acabeed-b904-416d-b661-a748ca83132b	released	ec2e3ab8-18a2-4d4e-b0dc-36411ce35357_star__counts	https://github.com/NCI-GDC/gdc-rnaseq-cwl/blob/5d8c131bbff59fb0c969217fc1d44e6d1503cd1f/rnaseq-star-align/star2pass.rnaseq_harmonization.cwl	STAR - Counts	5d8c131bbff59fb0c969217fc1d44e6d1503cd1f	Primary Tumor	NA	TCGA-A7-A26I	TCGA-A7-A26I-01B
e7789185-2581-4846-bafd-8b920edc0973	TSV	TCGA-D8-A1XW-01A-11R-A14M-07	open	a29c8616-0f82-4515-870e-68887a628c92.rna_seq.augmented_star_gene_counts.tsv	a818a318-3904-4b51-a9ee-2379b5d2b71d	Transcriptome Profiling	gene_expression	Illumina	4251898	2021-12-13T22:43:16.589044-06:00	f3314076ce96e2786a4d46d1bf9b23e0	2024-07-30T09:31:52.296877-05:00	e7789185-2581-4846-bafd-8b920edc0973	Gene Expression Quantification	released	RNA-Seq	1	32.0 - 46.0	TCGA-BRCA	64aa632a-4abd-45d3-8a85-2781718ed322	released	a29c8616-0f82-4515-870e-68887a628c92_star__counts	https://github.com/NCI-GDC/gdc-rnaseq-cwl/blob/5d8c131bbff59fb0c969217fc1d44e6d1503cd1f/rnaseq-star-align/star2pass.rnaseq_harmonization.cwl	STAR - Counts	5d8c131bbff59fb0c969217fc1d44e6d1503cd1f	Primary Tumor	NA	TCGA-D8-A1XW	TCGA-D8-A1XW-01A
e3cfb618-5ed2-4841-b7c1-a9f049ac8f9d	TSV	TCGA-GM-A2DD-01A-11R-A180-07	open	021d9e06-9d27-400c-8776-08e89c817b46.rna_seq.augmented_star_gene_counts.tsv	2c9bcc48-b848-4dd5-8c53-4881dc7f8d09	Transcriptome Profiling	gene_expression	Illumina	4238181	2021-12-13T21:47:04.508931-06:00	cdec4405aacaacad77c9f0b29e97ef1d	2024-07-30T09:26:34.698555-05:00	e3cfb618-5ed2-4841-b7c1-a9f049ac8f9d	Gene Expression Quantification	released	RNA-Seq	1	32.0 - 46.0	TCGA-BRCA	a211f7ae-0847-4001-b54a-644825059dca	released	021d9e06-9d27-400c-8776-08e89c817b46_star__counts	https://github.com/NCI-GDC/gdc-rnaseq-cwl/blob/5d8c131bbff59fb0c969217fc1d44e6d1503cd1f/rnaseq-star-align/star2pass.rnaseq_harmonization.cwl	STAR - Counts	5d8c131bbff59fb0c969217fc1d44e6d1503cd1f	Primary Tumor	NA	TCGA-GM-A2DD	TCGA-GM-A2DD-01A
8f4d34b3-5dd0-4ff2-b017-0cfa6e5c5f6b	TSV	TCGA-BH-A1FJ-01A-11R-A13Q-07	open	95e450bd-ff88-4498-9418-e09883c94988.rna_seq.augmented_star_gene_counts.tsv	44fd8973-6683-4b32-ae9f-1678978e2f26	Transcriptome Profiling	gene_expression	Illumina	4252008	2021-12-13T22:09:14.438445-06:00	58631ac82c768759da902c6b39319581	2024-07-30T10:00:59.077821-05:00	8f4d34b3-5dd0-4ff2-b017-0cfa6e5c5f6b	Gene Expression Quantification	released	RNA-Seq	1	32.0 - 46.0	TCGA-BRCA	1207e463-2d02-4fbf-86d9-a0e84bc62af1	released	95e450bd-ff88-4498-9418-e09883c94988_star__counts	https://github.com/NCI-GDC/gdc-rnaseq-cwl/blob/5d8c131bbff59fb0c969217fc1d44e6d1503cd1f/rnaseq-star-align/star2pass.rnaseq_harmonization.cwl	STAR - Counts	5d8c131bbff59fb0c969217fc1d44e6d1503cd1f	Primary Tumor	NA	TCGA-BH-A1FJ	TCGA-BH-A1FJ-01A
59d61414-a337-4e45-9e89-4526dde82786	TSV	TCGA-A8-A07L-01A-11R-A00Z-07	open	fe8166b9-08e8-477b-9122-0e9194f34818.rna_seq.augmented_star_gene_counts.tsv	3670f371-2712-4f83-98bd-6ca5adab7125	Transcriptome Profiling	gene_expression	Illumina	4242226	2021-12-13T21:50:21.509326-06:00	b5bb283aac51cbc731248b5c9fd60d56	2024-07-30T09:51:46.830451-05:00	59d61414-a337-4e45-9e89-4526dde82786	Gene Expression Quantification	released	RNA-Seq	1	32.0 - 46.0	TCGA-BRCA	eda334ab-66be-48e8-9532-6bdf8322bd28	released	fe8166b9-08e8-477b-9122-0e9194f34818_star__counts	https://github.com/NCI-GDC/gdc-rnaseq-cwl/blob/5d8c131bbff59fb0c969217fc1d44e6d1503cd1f/rnaseq-star-align/star2pass.rnaseq_harmonization.cwl	STAR - Counts	5d8c131bbff59fb0c969217fc1d44e6d1503cd1f	Primary Tumor	NA	TCGA-A8-A07L	TCGA-A8-A07L-01A
373e0f41-a47e-4f4e-88fe-9703d16a840c	TSV	TCGA-BH-A18R-01A-11R-A12D-07	open	e869b178-9abe-44ca-ae6b-a6caae1834fb.rna_seq.augmented_star_gene_counts.tsv	c6d41ba5-bb1f-4db4-a59b-5b4eb4ba81cf	Transcriptome Profiling	gene_expression	Illumina	4249061	2021-12-13T22:26:29.493249-06:00	df5335aaebb1715ac57e8bb8a5d26d7c	2024-07-30T09:47:37.576033-05:00	373e0f41-a47e-4f4e-88fe-9703d16a840c	Gene Expression Quantification	released	RNA-Seq	1	32.0 - 46.0	TCGA-BRCA	abc653b8-d091-4dd2-97dc-2b1146ea7bd4	released	e869b178-9abe-44ca-ae6b-a6caae1834fb_star__counts	https://github.com/NCI-GDC/gdc-rnaseq-cwl/blob/5d8c131bbff59fb0c969217fc1d44e6d1503cd1f/rnaseq-star-align/star2pass.rnaseq_harmonization.cwl	STAR - Counts	5d8c131bbff59fb0c969217fc1d44e6d1503cd1f	Primary Tumor	NA	TCGA-BH-A18R	TCGA-BH-A18R-01A
812eeeed-1222-4add-b6d1-f53ae2669218	TSV	TCGA-A8-A090-01A-11R-A00Z-07	open	f04a6a90-d4d9-4b17-afaa-f97044ff4b6a.rna_seq.augmented_star_gene_counts.tsv	ea9e460a-7a04-49ec-8b62-64357be2f62b	Transcriptome Profiling	gene_expression	Illumina	4239418	2021-12-13T21:57:54.651387-06:00	813e9364bff65ea33e0b68594743844a	2024-07-30T09:53:49.445598-05:00	812eeeed-1222-4add-b6d1-f53ae2669218	Gene Expression Quantification	released	RNA-Seq	1	32.0 - 46.0	TCGA-BRCA	f6072855-6fa2-4352-a21e-fa588faf7288	released	f04a6a90-d4d9-4b17-afaa-f97044ff4b6a_star__counts	https://github.com/NCI-GDC/gdc-rnaseq-cwl/blob/5d8c131bbff59fb0c969217fc1d44e6d1503cd1f/rnaseq-star-align/star2pass.rnaseq_harmonization.cwl	STAR - Counts	5d8c131bbff59fb0c969217fc1d44e6d1503cd1f	Primary Tumor	NA	TCGA-A8-A090	TCGA-A8-A090-01A
da29bf10-4629-4234-8e49-43a4513fe579	TSV	TCGA-E9-A5FK-01A-11R-A27Q-07	open	7f2a1bd4-9b71-4e12-ae92-6aaaf247ebca.rna_seq.augmented_star_gene_counts.tsv	816b2d4a-c8b3-4269-a16b-65dbff2c6f15	Transcriptome Profiling	gene_expression	Illumina	4233128	2021-12-13T21:57:11.674232-06:00	caeed0f1319cf9a0340a47c167ce3231	2024-07-30T09:38:07.335442-05:00	da29bf10-4629-4234-8e49-43a4513fe579	Gene Expression Quantification	released	RNA-Seq	1	32.0 - 46.0	TCGA-BRCA	bb1f9e7a-2a21-4c1c-a0ee-4155e7bb2ae9	released	7f2a1bd4-9b71-4e12-ae92-6aaaf247ebca_star__counts	https://github.com/NCI-GDC/gdc-rnaseq-cwl/blob/5d8c131bbff59fb0c969217fc1d44e6d1503cd1f/rnaseq-star-align/star2pass.rnaseq_harmonization.cwl	STAR - Counts	5d8c131bbff59fb0c969217fc1d44e6d1503cd1f	Primary Tumor	NA	TCGA-E9-A5FK	TCGA-E9-A5FK-01A
ddb8fb65-cf53-41a0-8acd-a538a8754fa5	TSV	TCGA-BH-A18M-11A-33R-A12D-07	open	69ef0b4d-aa36-46a4-9c7f-96711a51e461.rna_seq.augmented_star_gene_counts.tsv	cca01dba-1dcd-4f2b-b9d0-223e7e8c2a0e	Transcriptome Profiling	gene_expression	Illumina	4246097	2021-12-13T21:43:58.532876-06:00	f2d02e47bb719554b2cc1307378b361f	2024-07-30T09:29:48.616859-05:00	ddb8fb65-cf53-41a0-8acd-a538a8754fa5	Gene Expression Quantification	released	RNA-Seq	1	32.0 - 46.0	TCGA-BRCA	b2ac2186-d50c-4668-a542-49bf801e024f	released	69ef0b4d-aa36-46a4-9c7f-96711a51e461_star__counts	https://github.com/NCI-GDC/gdc-rnaseq-cwl/blob/5d8c131bbff59fb0c969217fc1d44e6d1503cd1f/rnaseq-star-align/star2pass.rnaseq_harmonization.cwl	STAR - Counts	5d8c131bbff59fb0c969217fc1d44e6d1503cd1f	Solid Tissue Normal	NA	TCGA-BH-A18M	TCGA-BH-A18M-11A
77f150b1-5f40-442d-91c5-6d3571513513	TSV	TCGA-BH-A0RX-01A-21R-A084-07	open	1fc52882-bc89-4a45-a96e-5e051420c513.rna_seq.augmented_star_gene_counts.tsv	79d70a15-490f-4d3d-b8ee-0b513f0a959c	Transcriptome Profiling	gene_expression	Illumina	4234221	2021-12-13T21:57:06.799133-06:00	8c118d2c7cc6f4308955bfd4a2849a1c	2024-07-30T10:06:49.599034-05:00	77f150b1-5f40-442d-91c5-6d3571513513	Gene Expression Quantification	released	RNA-Seq	1	32.0 - 46.0	TCGA-BRCA	0a84fe30-e12d-477c-bf02-0923bf959374	released	1fc52882-bc89-4a45-a96e-5e051420c513_star__counts	https://github.com/NCI-GDC/gdc-rnaseq-cwl/blob/5d8c131bbff59fb0c969217fc1d44e6d1503cd1f/rnaseq-star-align/star2pass.rnaseq_harmonization.cwl	STAR - Counts	5d8c131bbff59fb0c969217fc1d44e6d1503cd1f	Primary Tumor	NA	TCGA-BH-A0RX	TCGA-BH-A0RX-01A
ed797859-4d7e-40e6-bae3-54ef15ad0f0a	TSV	TCGA-E2-A1AZ-01A-11R-A12P-07	open	22190dbc-a176-4f26-96d8-c2d2667b64ae.rna_seq.augmented_star_gene_counts.tsv	dedc6d77-6c12-4d31-b666-abfdeb9fd4cd	Transcriptome Profiling	gene_expression	Illumina	4225673	2021-12-13T22:37:27.937767-06:00	0fde20012b55ad00ff2e35d528131f3b	2024-07-30T09:21:03.077048-05:00	ed797859-4d7e-40e6-bae3-54ef15ad0f0a	Gene Expression Quantification	released	RNA-Seq	1	32.0 - 46.0	TCGA-BRCA	ad113c51-13e3-410b-a101-98ca1c13f005	released	22190dbc-a176-4f26-96d8-c2d2667b64ae_star__counts	https://github.com/NCI-GDC/gdc-rnaseq-cwl/blob/5d8c131bbff59fb0c969217fc1d44e6d1503cd1f/rnaseq-star-align/star2pass.rnaseq_harmonization.cwl	STAR - Counts	5d8c131bbff59fb0c969217fc1d44e6d1503cd1f	Primary Tumor	NA	TCGA-E2-A1AZ	TCGA-E2-A1AZ-01A
9b5bdd89-05ac-4cde-beee-66739a903939	TSV	TCGA-EW-A6SA-01A-21R-A32P-07	open	27d65db7-ad41-46f0-bfd1-61c693073e19.rna_seq.augmented_star_gene_counts.tsv	b3c733c3-78f9-426d-bfd3-2e6d967edfa1	Transcriptome Profiling	gene_expression	Illumina	4242402	2021-12-13T21:54:40.549149-06:00	22c97460494645a7e0f4498a07cb1841	2024-07-30T10:04:33.379448-05:00	9b5bdd89-05ac-4cde-beee-66739a903939	Gene Expression Quantification	released	RNA-Seq	1	32.0 - 46.0	TCGA-BRCA	c66c3685-4aa4-42f0-9c30-045d9eeaff68	released	27d65db7-ad41-46f0-bfd1-61c693073e19_star__counts	https://github.com/NCI-GDC/gdc-rnaseq-cwl/blob/5d8c131bbff59fb0c969217fc1d44e6d1503cd1f/rnaseq-star-align/star2pass.rnaseq_harmonization.cwl	STAR - Counts	5d8c131bbff59fb0c969217fc1d44e6d1503cd1f	Primary Tumor	NA	TCGA-EW-A6SA	TCGA-EW-A6SA-01A
3782bc2e-5a29-4380-9b44-735ca1ac8896	TSV	TCGA-AO-A12B-01A-11R-A10J-07	open	ffe82e73-0990-4d3d-a4d1-7d4e169dfdf5.rna_seq.augmented_star_gene_counts.tsv	fdf614bc-bfbc-4d05-bb27-6f8280592e7d	Transcriptome Profiling	gene_expression	Illumina	4230598	2021-12-13T22:30:55.357896-06:00	f728f3a8f8f881e8a3be1da9d061ae5b	2024-07-30T09:45:37.205092-05:00	3782bc2e-5a29-4380-9b44-735ca1ac8896	Gene Expression Quantification	released	RNA-Seq	1	32.0 - 46.0	TCGA-BRCA	9fee8fc5-9cec-47e8-b019-0902aafaf6e2	released	ffe82e73-0990-4d3d-a4d1-7d4e169dfdf5_star__counts	https://github.com/NCI-GDC/gdc-rnaseq-cwl/blob/5d8c131bbff59fb0c969217fc1d44e6d1503cd1f/rnaseq-star-align/star2pass.rnaseq_harmonization.cwl	STAR - Counts	5d8c131bbff59fb0c969217fc1d44e6d1503cd1f	Primary Tumor	NA	TCGA-AO-A12B	TCGA-AO-A12B-01A
